query_id,literature,database,title,authors,year,venue,doi,record_url,work_type,abstract
LGFV-01,lgfv_exit_transformation,crossref,From Land to Bonds: Local Government Financing Transformation and MCB Pricing in China,Junying Du; Xinyang Liu,2026,,10.2139/ssrn.6934485,https://doi.org/10.2139/ssrn.6934485,posted-content,"<jats:p>The transformation of local government financing from land-based financing to revenue bonds is a defining feature of China’s fiscal reform. Using quarterly Municipal Corporate Bond (MCB) issuance data from 2015 to 2022, along with micro-level land transaction and prefecture-level fiscal data, this paper employs an interaction term fixed effects model to examine how this transformation affects the implicit guarantees of MCBs. The results show that the transformation significantly increases MCB issuing spreads. A one-standard-deviation increase in the degree of transformation raises spreads by approximately 0.218 percentage points, or 11.2% of the sample mean. Mechanism analysis reveals two channels. The first is the local government support channel: the transformation weakens local governments’ willingness and capacity to provide implicit guarantees to Local Government Financing Vehicles (LGFVs), leading to reductions in fiscal subsidies and state-owned equity transfers. The market interprets this as a signal of weaker guarantees, raising spreads. The second is the investor crowding-out channel: revenue bonds, as explicitly guaranteed safe assets, crowd out investor demand for MCBs, further increasing spreads. Heterogeneity analysis shows that the effect is more pronounced in regions with higher fiscal transparency and higher land fiscal dependence, as well as for provincial LGFVs and lower-rated MCBs. This paper provides new empirical evidence on the financial market effects of local government financing structure transformation, with important policy implications for debt management and financial risk prevention.</jats:p>"
LGFV-01,lgfv_exit_transformation,crossref,Understanding Local Government Debt Financing of Infrastructure Projects in China: Evidence based on Accounting Data from Local Government Financing Vehicles,Helen X. H. Bao; Ziyou Wang; Robert Wu,2021,,10.2139/ssrn.3757729,https://doi.org/10.2139/ssrn.3757729,posted-content,"<jats:p>This study develops an analytical framework to investigate the complex relationship between local government debt issuing for infrastructure financing, state control, land finance, and development activities in the private sector in China. Using local government financing vehicles’ accounting data, we find that local governments are working creatively to meet infrastructure development targets handed down by the central government. Moreover, local government financing vehicles became more responsive to development activities from the private sector in their debt issuing decisions after the regulations of local government debt issuing in 2013/14.  By modelling the effect of three distinct forces, i.e., the central government, local governments, and the market, in one unified framework, our study provides reliable and practical evidence on how infrastructure financing works in China. Our research extends the studies of land finance into the infrastructure development domain. The findings are also helpful for studies on China’s land use policy under its leasehold land right system, and particularly the impacts of different land planning uses on infrastructure development.</jats:p>"
LGFV-01,lgfv_exit_transformation,crossref,Debt Governance Spillovers: How Local Government Financing affects Enterprise Green Transformation,qing Zhang; xiaoyu Zhai,2025,,10.2139/ssrn.5447847,https://doi.org/10.2139/ssrn.5447847,posted-content,
LGFV-01,lgfv_exit_transformation,crossref,Regulating Local Government Financing Vehicles and Public-Private Partnerships in China,Hui Jin; Isabel Rial,,,10.5089/9781475536768.001.a001,https://doi.org/10.5089/9781475536768.001.a001,component,
LGFV-01,lgfv_exit_transformation,crossref,Local Government Financing Platforms in China: A Fortune or Misfortune?1,Yinqiu Lu; Tao Sun,,,10.5089/9781475599671.001.a001,https://doi.org/10.5089/9781475599671.001.a001,component,
LGFV-01,lgfv_exit_transformation,crossref,"Yields, Credit Ratings, and Bond Characteristics: Evidence of Local Government Financing Vehicle Bonds",Hang (Robin) Luo; Linfeng Chen,2013,,10.2139/ssrn.2205008,https://doi.org/10.2139/ssrn.2205008,posted-content,"<jats:p>Excessive borrowing of local governments in China sparked concerns that the debt may threaten the financial stability of the economy and ultimately cause economic collapse. It becomes critically important to understand the credit rating of China’s LFGV bonds and the association between the yields, credit ratings, and bond characteristics under this circumstance. 

We use a complete pooled data set of 771 LFGV bond issues from 1999 to 2011 and an OLS regression to examine how credit ratings might affect LGFV bond yields and an ordered probit model to study the determinants of credit ratings. The main findings are: (1) bond characteristic variables, such as bond issue size, duration, and guarantee, matter in determining yields though credit rating plays a major role in determining yields of LGFV bond issues; (2) bond issue size and bond type are the main determinants of LGFV bond credit ratings, while the bond issuer characteristics have little explanatory power; (3) smaller credit rating agency tend to give higher ratings after controlling for bond issuer and issue characteristics.</jats:p>"
LGFV-01,lgfv_exit_transformation,crossref,Market-Oriented Transformation and Development of Local Government Financing Platforms in China: Exploratory Research Based on Multiple Cases,Xiaoguang Li; Guoli Feng; Shengyue Hao,2022,Systems,10.3390/systems10030065,https://doi.org/10.3390/systems10030065,journal-article,"<jats:p>In recent years, the disorderly development of local government debt financing and local government financing platforms (GFP) in China has brought huge government debt risks. In order to control the debt increment caused by illegal financing of the GFP, the state has issued a series of documents. Under the new economic form, how to determine the position, choose the road, and plan the path of market-oriented development for high-quality economic development is critical to the GFP. This paper is committed to solving the key points and transformation paths of market-oriented transformation of the GFP. (1) On the basis of literature research, it analyzes the necessity, feasibility, and current transformation difficulties of market-oriented transformation of the GFP. (2) It defines the concept of the GFP and the concept of market-oriented transformation of the GFP. (3) It collates and analyzes the real cases of market-oriented transformation of four local government (county-level and above) financing platforms, studies the key points of transformation, and systematically summarizes the path of market-oriented transformation from three aspects: the goal, work plan, and implementation scheme of transformation and development. (4) Based on the idea of finding problems, diagnosing problems, optimizing, and improving, we put forward optimization strategy suggestions.</jats:p>"
LGFV-01,lgfv_exit_transformation,crossref,9. Financing Scottish Local Government,,2004,Scottish Local Government,10.1515/9781474470834-014,https://doi.org/10.1515/9781474470834-014,book-chapter,
LGFV-01,lgfv_exit_transformation,crossref,Impact of Physical Climate Risks on Financing Costs of China’s Local Government Financing Vehicle Bonds,Chun Tang; Guangjin Chai; Jie Gao,2025,Sustainability,10.3390/su172210312,https://doi.org/10.3390/su172210312,journal-article,"<jats:p>Physical climate risks significantly raise financing costs for China’s local government debt, with compound extremes posing a particularly severe threat. Analyzing 19,761 Local Government Financing Vehicle (LGFV) bonds from 2014 to 2023, this study uses extreme temperature and precipitation days to proxy for climate risk. Results show that the individual risks and the compound risk comprised of the two significantly increase bond issuance spreads. Crucially, the economic impact is dramatically amplified when risks compound, as with “heavy rainfall accompanied by extreme heat”, reflecting investor pricing of non-linear climate impacts. For a typical bond, a 1% increase in extreme temperature days raises interest costs by approximately CNY 6840. These conclusions withstand a series of robustness checks, including the reconstruction of climate threats using a regional exposure index. Mechanism tests confirm that heightened local fiscal risks and deteriorating debt sustainability are key transmission channels. The study underscores the urgent need to integrate physical climate risk into public financial management to safeguard sustainable development.</jats:p>"
LGFV-01,lgfv_exit_transformation,crossref,"Local government financing vehicle restructuring, implicit government guarantees and debt financing costs: Evidence from the Chinese municipal corporate bond market",Rui Wan; Wencheng Fan; Xiaoping Wang,2024,Economic Systems,10.1016/j.ecosys.2024.101179,https://doi.org/10.1016/j.ecosys.2024.101179,journal-article,
LGFV-01,lgfv_exit_transformation,crossref,Understanding local government debt financing of infrastructure projects in China: Evidence based on accounting data from local government financing vehicles,Helen X.H. Bao; Ziyou Wang; Robert Liangqi Wu,2024,Land Use Policy,10.1016/j.landusepol.2023.106964,https://doi.org/10.1016/j.landusepol.2023.106964,journal-article,
LGFV-01,lgfv_exit_transformation,crossref,"Fiscal Hierarchical Reform, Intergovernmental Financial Decentralization and Regional Government Financing Disparity: Evidence from Debt of Local Government Financing Vehicles",Jiaxuan Liu,2022,China Journal of Economics,10.26599/cje.2022.9300303,https://doi.org/10.26599/cje.2022.9300303,journal-article,
LGFV-01,lgfv_exit_transformation,crossref,Exit and Voice within Local Government,Stephen J. Bailey,1999,Local Government Economics,10.1007/978-1-349-27415-4_3,https://doi.org/10.1007/978-1-349-27415-4_3,book-chapter,
LGFV-01,lgfv_exit_transformation,crossref,Financing Local Government,Peter Watt,2004,Local Government Studies,10.1080/0300393042000318012,https://doi.org/10.1080/0300393042000318012,journal-article,
LGFV-01,lgfv_exit_transformation,crossref,Local Government Financing and the Fiscal Effects on Government Expenditure,Shikun Qin,2026,Public-Private Partnerships in China,10.4324/9781003784869-6,https://doi.org/10.4324/9781003784869-6,book-chapter,
LGFV-01,lgfv_exit_transformation,crossref,Financing Metropolitan Areas,,,Local Government Finance,10.4337/9781781004517.00015,https://doi.org/10.4337/9781781004517.00015,other,
LGFV-01,lgfv_exit_transformation,crossref,Financing local government,Jeffrey Owens,2022,Local Government Economics in Theory and Practice,10.4324/9781003271819-6,https://doi.org/10.4324/9781003271819-6,book-chapter,
LGFV-01,lgfv_exit_transformation,crossref,"Financing the Green Transformation â Market Failures, Government Failures and the Role of the State",,,Financing the Green Transformation,10.1057/9781137486127.0008,https://doi.org/10.1057/9781137486127.0008,book-chapter,
LGFV-01,lgfv_exit_transformation,crossref,"The Status Quo, Opportunities and Challenges of Local Government Financing Platform Transformation",,2018,"2018 International Conference on Economics, Politics and Business Management (ICEPBM 2018)",10.25236/icepbm.2018.02,https://doi.org/10.25236/icepbm.2018.02,proceedings-article,
LGFV-01,lgfv_exit_transformation,crossref,The Financing of Local Government in China: Stimulus Loan Wanes and Shadow Banking Waxes,Zhuo Chen; Zhiguo He; Chun Liu,2017,,10.3386/w23598,https://doi.org/10.3386/w23598,report,
LGFV-01,lgfv_exit_transformation,crossref,Introduction: Financing Local Government,Munawwar Alam,2008,,10.14217/9781848590076-3-en,https://doi.org/10.14217/9781848590076-3-en,component,
LGFV-01,lgfv_exit_transformation,crossref,The Financing of Local Government in China: Stimulus Loan Wanes and Shadow Banking Waxes,Zhuo Chen; Zhiguo He; Chun Liu,2017,,10.2139/ssrn.2920030,https://doi.org/10.2139/ssrn.2920030,posted-content,"<jats:p>The upsurge of shadow banking is typically driven by rising financing demand from certain real sectors. In China, the four-trillion-yuan stimulus package in 2009 was behind the rapid growth of shadow banking after 2012, expediting the development of Chinese corporate bond markets in the post-stimulus period. Chinese local governments financed the stimulus through bank loans in 2009, and then resorted to non-bank debt financing after 2012 when faced with rollover pressure from bank debt coming due. Cross-sectionally, provinces with greater bank loan growth in 2009 experienced more municipal corporate bond issuance during 2012–2015, together with more shadow banking activities including Trust loans and wealth management products. China's post-stimulus experience exhibits similarities to financial market development during the U.S. National Banking Era.</jats:p>"
LGFV-01,lgfv_exit_transformation,crossref,The Financing of Local Government in China: Stimulus Loan Wanes and Shadow Banking Waxes,Zhuo Chen; Zhiguo He; Chun Liu,2019,,10.2139/ssrn.3345331,https://doi.org/10.2139/ssrn.3345331,posted-content,"<jats:p>The upsurge of shadow banking is typically driven by rising financing demand from certain real sectors. In China, the four-trillion-yuan stimulus package in 2009 was behind the rapid growth of shadow banking after 2012, expediting the development of Chinese corporate bond markets in the post-stimulus period. Chinese local governments financed the stimulus through bank loans in 2009, and then resorted to non-bank debt financing after 2012 when faced with rollover pressure from bank debt coming due. Cross-sectionally, using a political-economy-based instrument, we show that provinces with greater bank loan growth in 2009 experienced more municipal corporate bond issuance during 2012–2015, together with more shadow banking activities including Trust loans and wealth management products. China's post-stimulus experience exhibits similarities to financial market development during the U.S. National Banking Era.</jats:p>"
LGFV-01,lgfv_exit_transformation,crossref,Debt Governance Spillovers: How Local Government Financing affects Enterprise Green Transformation,Xiaoyu Zhai,2026,Modern Management Science &amp; Engineering,10.22158/mmse.v8n1p242,https://doi.org/10.22158/mmse.v8n1p242,journal-article,"<jats:p>This study conducts quasi-natural experiment based on local government debt governance launched in China in 2015. Employing a progressive difference-in-differences (DID) approach, this study matches data from Chinese-listed enterprises from 2010 to 2019 to evaluate the effect of the local government debt governance on enterprise green transformation. Findings indicate that debt governance significantly promotes the green transformation of enterprises. This conclusion remains robust after multiple robustness tests. Mechanism analysis reveals that debt governance enables the green transformation of enterprises by alleviating overcapacity. Heterogeneity analysis shows that debt governance significantly promotes the green transformation of enterprises in cities with advanced industrial structures, environmental priorities, non-resource-based economies, and among non-state-owned and technology-intensive enterprises. This study offers valuable insights for countries managing public debt while promoting green transformation among enterprises.</jats:p>"
LGFV-01,lgfv_exit_transformation,crossref,Impact of market-oriented local government financing vehicles on credit financing: Evidence from China,Xiao-Lin Li; Wentian Qu; Wen Li,2026,Economic Modelling,10.1016/j.econmod.2026.107712,https://doi.org/10.1016/j.econmod.2026.107712,journal-article,
LGFV-01,lgfv_exit_transformation,crossref,Construction Financing Problem of Local Government in China,Yan Bin; Li Quan,2012,Physics Procedia,10.1016/j.phpro.2012.02.261,https://doi.org/10.1016/j.phpro.2012.02.261,journal-article,
LGFV-01,lgfv_exit_transformation,crossref,Financing communal government in Italy,Angela Fraschini,1992,Local Government Studies,10.1080/03003939208433652,https://doi.org/10.1080/03003939208433652,journal-article,
LGFV-01,lgfv_exit_transformation,crossref,<i>Financing Local Government in the People's Republic of China</i>. Christine P. W. Wong,Marc Blecher,1999,The China Journal,10.2307/2667610,https://doi.org/10.2307/2667610,journal-article,
LGFV-01,lgfv_exit_transformation,crossref,Local Government Financing Platforms in China,Yinqiu Lu; Tao Sun,2013,IMF Working Papers,10.5089/9781475599671.001,https://doi.org/10.5089/9781475599671.001,journal-article,"<jats:p>China’s rapid credit expansion in 2009–10 brought local government financing platforms (LGFPs) into the spotlight. This paper discusses their function, reasons behind their recent expansion, and risks they are posing to the financial sector, local governments, and sovereign balance sheet. This paper argues that LGFPs were a fortune for China in the past, but would turn out to be a misfortune if the causes of the rapid expansion of LGFPs are not addressed promptly. In this context, the paper proposes ways to avoid misfortune by: acknowledging and addressing the revenue and expenditure mismatches at the local government level; establishing a comprehensive framework to regulate and supervise local government budgets; ensuring the sustainability of the financial resources obtained from the sale of land use rights; and developing local government bond markets and promoting financial reforms.</jats:p>"
LGFV-01,lgfv_exit_transformation,crossref,Financing European Local Government,,2014,,10.4324/9781315037271,https://doi.org/10.4324/9781315037271,book,
LGFV-01,lgfv_exit_transformation,crossref,Holding the market under the stimulus plan: Local government financing vehicles' land purchasing behavior in China,Zhonghua Huang; Xuejun Du,2018,China Economic Review,10.1016/j.chieco.2018.04.004,https://doi.org/10.1016/j.chieco.2018.04.004,journal-article,
LGFV-01,lgfv_exit_transformation,crossref,Financing and taxing for local government,Kenneth Gibb; Linda Christie,2018,The Routledge Handbook of International Local Government,10.4324/9781315306278-31,https://doi.org/10.4324/9781315306278-31,book-chapter,
LGFV-01,lgfv_exit_transformation,crossref,Regulating Local Government Financing Vehicles and Public-Private Partnerships in China,Hui Jin; Isabel Rial,2016,IMF Working Papers,10.5089/9781475536768.001,https://doi.org/10.5089/9781475536768.001,journal-article,"<jats:p>In this paper, we argue that there is much room for China to strengthen its regulatory framework for public-private partnerships (PPPs). We show that infrastructure projects carried out through local government financing vehicles (LGFVs) were largely unregulated PPPs, and significant fiscal risks have already manifested themselves. While PPPs can potentially provide efficiency gains, they can also be used by governments to circumvent budgetary borrowing constraints. Therefore, effective PPP regulation is key to delivering PPPs’ benefits while containing their potential fiscal risks. The authorities have taken concrete steps in order to establish a sound regulatory framework and foster a new generation of PPPs. However, to make the framework effective, we highlight a few issues to be resolved. Based on international best practice, we propose a four-pillar regulatory framework for China, which could be implemented gradually in three stages.</jats:p>"
LGFV-01,lgfv_exit_transformation,crossref,Research on the path of transformation and development of local government financing platforms and international experience,Qiuyu Zha,2023,CREATIVE ECONOMY,10.47297/wspcewsp2516-251901.20240802,https://doi.org/10.47297/wspcewsp2516-251901.20240802,journal-article,
LGFV-01,lgfv_exit_transformation,crossref,Ideal Financing for Local Government,Joseph Drew,2020,Reforming Local Government,10.1007/978-981-15-6503-8_9,https://doi.org/10.1007/978-981-15-6503-8_9,book-chapter,
LGFV-01,lgfv_exit_transformation,crossref,The Local Government Fiscal Imperative and Debt Financing in China,Yang He; Kun-Chin Lin; Ran Tao,,Fiscal and Debt Policies for the Future,10.1057/9781137269539.0011,https://doi.org/10.1057/9781137269539.0011,book-chapter,
LGFV-01,lgfv_exit_transformation,crossref,Notice of Retraction: A research on local government financing platform: Evidence from China,Xu Ling-Chao; Wu Guang-Wei,2011,2011 International Conference on E-Business and E-Government (ICEE),10.1109/icebeg.2011.5881676,https://doi.org/10.1109/icebeg.2011.5881676,proceedings-article,
LGFV-01,lgfv_exit_transformation,crossref,"<scp>VC</scp>
                    Exit Wounds, Local Economy Booms: Government‐Guided Funds in China",Chenyi Li; Pengcheng Ma,2025,Accounting &amp; Finance,10.1111/acfi.70135,https://doi.org/10.1111/acfi.70135,journal-article,"<jats:title>ABSTRACT</jats:title>
                  <jats:p>Government venture capital (GVC) finances start‐ups with public objectives, distinguished from private venture capital (PVC) whose pursuit lies solely in financial returns. In this paper, we use China's government‐guided funds (GGFs) as the empirical setting to investigate the distinctive implications of GVCs on both VC exits and the local economy. Our findings reveal that GGF ownership significantly reduces the likelihood of successful VC exits at the deal level, although the magnitude of this effect depends on VC characteristics. On the other hand, we document that GGFs deliver positive economic and social outcomes at the city level, with the impact most pronounced in eastern, large, and well‐connected cities. Taken together, our results sketch a complete picture of GVC's essence: sacrificing VC exit efficiency for a broader political vision—the promise of local economic prosperity. Our study contributes to the literature by integrating micro‐level loss with positive regional spillovers, offering novel insights into the role of government in entrepreneurial finance.</jats:p>"
LGFV-01,lgfv_exit_transformation,crossref,Innovative Financing in Local Government,Martin Loughlin,1996,Legality and Locality,10.1093/acprof:oso/9780198260158.003.0007,https://doi.org/10.1093/acprof:oso/9780198260158.003.0007,book-chapter,
LGFV-01,lgfv_exit_transformation,crossref,Local Government Debt and Corporate Maturity Mismatch between Investment and Financing: Evidence from China,Haiyun Ma; Deshuai Hou,2023,Sustainability,10.3390/su15076166,https://doi.org/10.3390/su15076166,journal-article,"<jats:p>Based on the perspective of investment and financing term structure, this study verifies that local government debt crowds out bank loans available to corporates, resulting in corporate maturity mismatch between investment and financing, namely, short-term financing for long-term investment. According to our heterogeneity analyses, the real impact of local government debt on maturity mismatch between investment and financing is more pronounced for non-state-owned enterprises and firms with high financing demand, located in cities with more local government debt and low financial development. Furthermore, our study reveals that local government debt and corporate maturity mismatch between investment and financing bring about underinvestment and default risk, which ultimately affects local sustainable economic development. This research contributes to the literature on Chinese-specific maturity mismatches.</jats:p>"
LGFV-01,lgfv_exit_transformation,crossref,"Government Financing Vehicle Case: False Representation, Agency, and Corporate Independence",Jun Wang,2026,,10.2139/ssrn.6660299,https://doi.org/10.2139/ssrn.6660299,posted-content,"<jats:p>This article analyzes a Chinese Supreme Court case where a government financing vehicle sought to void partnership agreements after the funded private company failed and local officials were convicted of bribery. The article critiques the Supreme Court's ""inner-truth"" test for false representation, which probes hidden purposes. The article further reveals that the transaction was tainted by ""dual agency"": the mayor and vice mayor were de facto agents of the financing vehicle yet also covert agents of the borrowers because they accepted bribes. This conflict arose because the financing vehicle lacked genuine corporate independence. Such ""confusion of personality"" between local governments and their financing vehicles distorts markets, conceals debt, and facilitates corruption, underscoring the need to separate government functions from platform companies.</jats:p>"
LGFV-01,lgfv_exit_transformation,crossref,Financing local and regional government,,,Fiscal Decentralization and Local Finance in Developing Countries,10.4337/9781786435309.00012,https://doi.org/10.4337/9781786435309.00012,other,
LGFV-01,lgfv_exit_transformation,crossref,Financing local government in the twenty-first century,Gerard Turley; Stephen McNena,2018,The Routledge Handbook of International Local Government,10.4324/9781315306278-33,https://doi.org/10.4324/9781315306278-33,book-chapter,
LGFV-01,lgfv_exit_transformation,crossref,Decentralization and local government financing,,2016,,10.18356/0dddcb59-en,https://doi.org/10.18356/0dddcb59-en,component,
LGFV-01,lgfv_exit_transformation,crossref,High-speed rail and local government financing cost: Evidence from China,Qingsong Ruan; Dayong Lv; Xiaokun Wei,2024,Economic Modelling,10.1016/j.econmod.2023.106618,https://doi.org/10.1016/j.econmod.2023.106618,journal-article,
LGFV-01,lgfv_exit_transformation,crossref,Introduction: Trends in financing European local governments,John Gibson; Richard Batley,1992,Local Government Studies,10.1080/03003939208433647,https://doi.org/10.1080/03003939208433647,journal-article,
LGFV-01,lgfv_exit_transformation,crossref,Local Government Opposition to Tax Autonomy in Germany: an Inquiry Into Why the Gemeindefinanzkommission Failed to Reform Local Government Financing,Alan Dahi,2024,,10.2139/ssrn.4654004,https://doi.org/10.2139/ssrn.4654004,posted-content,"<jats:p>When given the chance, why were local governments in Germany opposed to greater tax autonomy? &lt;br&gt;&lt;br&gt;According to the theory of fiscal federalism, fiscal equivalence, ie the territorial equivalency of consumers of public services, of tax payers financing the services, and of the decision makers regarding services and taxes,10 facilitates the optimal supply of public goods.&lt;br&gt;&lt;br&gt;Because fiscal equivalence means the territorial equivalency of the consumers of public services and of the decision makers regarding services and taxes, and because the proposed reform would have given local governments the right to levy taxes and thus an increase in fiscal autonomy, municipalities should at first glance have welcomed greater tax autonomy from a theoretical point of view.</jats:p>"
LGFV-01,lgfv_exit_transformation,crossref,Open Government as a Vehicle for Government Transformation,,2012,Public Sector Transformation through E-Government,10.4324/9780203096680-9,https://doi.org/10.4324/9780203096680-9,book-chapter,
LGFV-01,lgfv_exit_transformation,crossref,Financing Local Government,Nick Devas; Roger Oppong Koranteng; Munawwar Alam; Simon Delay; Pritha Venkatachalam,2008,Commonwealth Secretariat Local Government Reform,10.14217/9781848590076-en,https://doi.org/10.14217/9781848590076-en,book,
LGFV-01,lgfv_exit_transformation,crossref,Empirical Analysis of the Fiscal Decentralisation Process and the System of Local Government Financing in Serbia from 2000 to 2014,Katarina Đulić,2016,Fiscal Decentralisation and Local Government Financing in Serbia and Montenegro,10.4335/978-961-6842-69-3.3,https://doi.org/10.4335/978-961-6842-69-3.3,book-chapter,
LGFV-01,lgfv_exit_transformation,openalex,"""One System, Two Shadows"": A Local Public Finance Perspective on China's Shadow Banking System",Shidai Zhang; Kellee S. Tsai,2024,SSRN Electronic Journal,10.2139/ssrn.4717230,https://doi.org/10.2139/ssrn.4717230,preprint,
LGFV-01,lgfv_exit_transformation,openalex,Analysis of China's Local Government Debt Risk Causes and Resolution Pathways,Jingjing Cui; Dongping Xiao,2025,Asia Pacific Economic and Management Review,10.62177/apemr.v2i5.763,https://doi.org/10.62177/apemr.v2i5.763,article,
LGFV-01,lgfv_exit_transformation,openalex,The development of local government financial vehicles in China: A case study of Jiaxing Chengtou,Yi Feng; Fulong Wu; Fangzhu Zhang,2020,Land Use Policy,10.1016/j.landusepol.2020.104793,https://doi.org/10.1016/j.landusepol.2020.104793,article,
LGFV-01,lgfv_exit_transformation,openalex,Asian Development Outlook 2023,,2023,,10.22617/fls230112-3,http://dx.doi.org/10.22617/fls230112-3,report,
LGFV-01,lgfv_exit_transformation,openalex,"Goodbye (Chinese) Shadow Banking, Hello Market‐based Finance",Daniela Gabor,2018,Development and Change,10.1111/dech.12387,https://doi.org/10.1111/dech.12387,article,
LGFV-01,lgfv_exit_transformation,openalex,The Rise of State-Connected Private Owners in China,Chong‐En Bai; Chang‐Tai Hsieh; Zheng Song; Xin Wang,2020,National Bureau of Economic Research,10.3386/w28170,https://doi.org/10.3386/w28170,report,
LGFV-01,lgfv_exit_transformation,openalex,Special Deals from Special Investors: The Rise of State-Connected Private Owners in China,Chong‐En Bai; Chang‐Tai Hsieh; Zheng Song; Wang Xin,2020,SSRN Electronic Journal,10.2139/ssrn.3740120,https://doi.org/10.2139/ssrn.3740120,preprint,
LGFV-01,lgfv_exit_transformation,openalex,Derisking Real Estate in China’s Hybrid Economy,Wei Xiong,2023,National Bureau of Economic Research,10.3386/w31118,https://doi.org/10.3386/w31118,report,
LGFV-01,lgfv_exit_transformation,openalex,People’s Republic of China,International Monetary Fund,2015,IMF Staff Country Reports,10.5089/9781513512907.002,https://doi.org/10.5089/9781513512907.002,article,
LGFV-01,lgfv_exit_transformation,openalex,People's Republic of China,International Monetary Fund,2012,IMF Staff Country Reports,10.5089/9781475505467.002,https://doi.org/10.5089/9781475505467.002,article,
LGFV-01,lgfv_exit_transformation,openalex,"Finance, development and the Chinese entrepreneurial state: A Schumpeter-Keynes - Minsky approach",Leonardo Burlamaqui,2015,Brazilian Journal of Political Economy,10.1590/0101-31572015v35n04a03,https://doi.org/10.1590/0101-31572015v35n04a03,article,
LGFV-01,lgfv_exit_transformation,openalex,Market-Oriented Transformation and Development of Local Government Financing Platforms in China: Exploratory Research Based on Multiple Cases,Xiaoguang Li; Guoli Feng; Shengyue Hao,2022,Systems,10.3390/systems10030065,https://doi.org/10.3390/systems10030065,article,
LGFV-01,lgfv_exit_transformation,openalex,Impact of economic growth target constraints on enterprise technological innovation: Evidence from China,Enji Li; Ziwei An; Chen Zhang; Hua Li,2022,PLoS ONE,10.1371/journal.pone.0272003,https://doi.org/10.1371/journal.pone.0272003,article,
LGFV-01,lgfv_exit_transformation,openalex,Sustainable Finance & China’s Green Credit Reforms: A Test Case for Bank Monitoring of Environmental Risk,Virginia Harper Ho,2018,Scholarship @ Cornell Law (Cornell University),,https://scholarship.law.cornell.edu/cilj/vol51/iss3/3,article,
LGFV-01,lgfv_exit_transformation,openalex,"Global Financial Stability Report, October 2021",International Monetary Fund. Monetary and Capital Markets Department,2021,,10.5089/9781513595603.082,https://doi.org/10.5089/9781513595603.082,book,
LGFV-01,lgfv_exit_transformation,openalex,The Determinants of Commercial Land Leases in the Non-Central Districts of a Large City in China: Data Analysis from the Government–Market Perspective,Jing Cheng,2025,Mathematics,10.3390/math13101595,https://doi.org/10.3390/math13101595,article,
LGFV-01,lgfv_exit_transformation,openalex,Is China Living a Minsky Moment? Between the “Lender of Last Resort” and the Chinese Shadow Financial System,Alicia Girón,2018,Journal of Economic Issues,10.1080/00213624.2018.1469900,https://doi.org/10.1080/00213624.2018.1469900,article,
LGFV-01,lgfv_exit_transformation,openalex,People’s Republic of China,International Monetary Fund. Asia and Pacific Dept,2021,IMF Staff Country Reports,10.5089/9781513566184.002,https://doi.org/10.5089/9781513566184.002,article,
LGFV-01,lgfv_exit_transformation,openalex,People’s Republic of China: Selected Issues,International Monetary Fund. Asia and Pacific Dept,2022,IMF Staff Country Reports,10.5089/9798400201486.002,https://doi.org/10.5089/9798400201486.002,article,
LGFV-01,lgfv_exit_transformation,openalex,People’s Republic of China,International Monetary Fund. Asia and Pacific Dept,2019,IMF Staff Country Reports,10.5089/9781513510460.002,https://doi.org/10.5089/9781513510460.002,article,
LGFV-01,lgfv_exit_transformation,openalex,People's Republic of China,International Monetary Fund. Asia and Pacific Dept,2017,IMF Staff Country Reports,10.5089/9781484314722.002,https://doi.org/10.5089/9781484314722.002,article,
LGFV-01,lgfv_exit_transformation,openalex,Fiscal Policy and the Government Balance Sheet in China,Waikei Lam; Marialuz Moreno Badia,2023,IMF Working Paper,10.5089/9798400248221.001,https://doi.org/10.5089/9798400248221.001,article,
LGFV-01,lgfv_exit_transformation,openalex,People’s Republic of China,International Monetary Fund. Asia and Pacific Dept,2023,IMF Staff Country Reports,10.5089/9798400229787.002,https://doi.org/10.5089/9798400229787.002,article,
LGFV-01,lgfv_exit_transformation,openalex,"Global Financial Stability Report, October 2014",,2014,,10.5089/9781498390811.082,https://doi.org/10.5089/9781498390811.082,book,
LGFV-01,lgfv_exit_transformation,openalex,People’s Republic of China,International Monetary Fund,2014,IMF Staff Country Reports,10.5089/9781498308571.002,https://doi.org/10.5089/9781498308571.002,article,
LGFV-01,lgfv_exit_transformation,openalex,Debt-deflation theory and middle-income trap: system dynamics approach,Hennadii Hryhoriev,2024,Scientific Papers NaUKMA Economics,10.18523/2519-4739.2024.9.1.24-31,https://doi.org/10.18523/2519-4739.2024.9.1.24-31,article,
LGFV-01,lgfv_exit_transformation,openalex,Staff Guidance Note on the Sovereign Risk and Debt Sustainability Framework for Market Access Countries,,2022,MF Policy Paper,10.5089/9798400216862.007,https://doi.org/10.5089/9798400216862.007,article,
LGFV-01,lgfv_exit_transformation,openalex,People’s Republic of China,International Monetary Fund. Asia and Pacific Dept,2023,IMF Staff Country Reports,10.5089/9798400233517.002,https://doi.org/10.5089/9798400233517.002,article,
LGFV-01,lgfv_exit_transformation,openalex,China's Macroeconomic Development: The Role of Gradualist Reforms,Kaiji Chen; Tao Zha,2023,National Bureau of Economic Research,10.3386/w31395,https://doi.org/10.3386/w31395,report,
LGFV-01,lgfv_exit_transformation,openalex,"Global Financial Stability Report, April 2024",International Monetary Fund. Monetary and Capital Markets Department,2024,,10.5089/9798400257704.082,https://doi.org/10.5089/9798400257704.082,book,
LGFV-01,lgfv_exit_transformation,openalex,Impact of land prices on corporate carbon emission intensity,Lin Guo; Ying Liu; Zeqing Jiang; Xiaoping Yuan; Qi Jing,2025,Scientific Reports,10.1038/s41598-025-86102-y,https://doi.org/10.1038/s41598-025-86102-y,article,
LGFV-01,lgfv_exit_transformation,openalex,Sustainable Finance & China's Green Credit Reforms: A Test Case for Bank Monitoring of Environmental Risk,Virginia Harper Ho,2018,SSRN Electronic Journal,10.2139/ssrn.3124304,https://doi.org/10.2139/ssrn.3124304,preprint,
LGFV-01,lgfv_exit_transformation,openalex,China: Regaining Growth Momentum after the Pandemic,Yixiao Zhou; Ligang Song,2024,ANU Press eBooks,10.22459/crgmp.2024,https://doi.org/10.22459/crgmp.2024,book,
LGFV-01,lgfv_exit_transformation,openalex,Global Financial Stability Report April 2023,International Monetary Fund. Monetary and Capital Markets Department,2023,,10.5089/9798400233241.082,https://doi.org/10.5089/9798400233241.082,book,
LGFV-01,lgfv_exit_transformation,openalex,The Formation and Evolution of the Resilience of Resource-Based Enterprises Under Continuous Institutional Shocks: An Explanation from the Perspective of Organizational Legitimacy,Hong Chen; Zhiying Wang; Dongxia Liu; Li Han,2025,Sustainability,10.3390/su17167215,https://doi.org/10.3390/su17167215,article,
LGFV-01,lgfv_exit_transformation,openalex,"China Economic Update, June 2021",World Bank,2021,"World Bank, Washington, DC eBooks",10.1596/35897,https://doi.org/10.1596/35897,book,
LGFV-01,lgfv_exit_transformation,openalex,"World Bank East Asia and Pacific Economic Update, October 2017Balancing Act",World Bank,2017,,10.1596/28396,https://doi.org/10.1596/28396,book,
LGFV-01,lgfv_exit_transformation,openalex,"Global Financial Stability Report, October 2023",International Monetary Fund. Monetary and Capital Markets Department,2023,,10.5089/9798400249686.082,https://doi.org/10.5089/9798400249686.082,book,
LGFV-01,lgfv_exit_transformation,openalex,China 2021: Coping with the resilience dilemma of the Chinese model,Silvia Menegazzi,2021,ASIA MAIOR The Journal of the Italian think tank on Asia founded by Giorgio Borsa in 1989,10.52056/9791254690994/03,https://doi.org/10.52056/9791254690994/03,article,
LGFV-01,lgfv_exit_transformation,openalex,"Lender of last resort in China: operating mechanism, legal foundation, and the financial stability implications",Ci Ren; Lerong Lu,2025,Asia Pacific Law Review,10.1080/10192557.2025.2493702,https://doi.org/10.1080/10192557.2025.2493702,article,
LGFV-01,lgfv_exit_transformation,openalex,"Fiscal Monitor, April 2024",International Monetary Fund. Fiscal Affairs Dept.,2024,,10.5089/9798400255632.089,https://doi.org/10.5089/9798400255632.089,book,
LGFV-01,lgfv_exit_transformation,openalex,"China Economic Update, December 2021",World Bank,2021,"World Bank, Washington, DC eBooks",10.1596/36828,https://doi.org/10.1596/36828,book,
LGFV-01,lgfv_exit_transformation,openalex,"Fiscal Monitor, October 2018",International Monetary Fund. Fiscal Affairs Dept.,2018,,10.5089/9781484367612.089,https://doi.org/10.5089/9781484367612.089,book,
LGFV-01,lgfv_exit_transformation,openalex,The Geopolitical-economy of Infrastructure Development and Financing: Contesting Developmental Futures in Indonesia,Dimitar Anguelov,2021,eScholarship (California Digital Library),,https://escholarship.org/uc/item/27b122p9,dissertation,
LGFV-01,lgfv_exit_transformation,openalex,"Land Financing-Led Urbanization in China: Evolution, Scale and Lessons",Minquan Liu; Yuming Cui,2023,International Journal of Economics and Finance,10.5539/ijef.v15n6p54,https://doi.org/10.5539/ijef.v15n6p54,article,
LGFV-01,lgfv_exit_transformation,openalex,China in the twenty‑first century: A national balance sheet perspective,Xiaojing Zhang; Cheng Li,2022,ANU Press eBooks,10.22459/ctnpd.2022.03,https://doi.org/10.22459/ctnpd.2022.03,book-chapter,
LGFV-01,lgfv_exit_transformation,openalex,Peoples Republic of China: features and recent evolution of corporate debt,Ninghua Zhong; Mi Xie,2022,Edward Elgar Publishing eBooks,10.4337/9781800883727.00012,https://doi.org/10.4337/9781800883727.00012,book-chapter,
LGFV-01,lgfv_exit_transformation,openalex,: La part du lion : les dessous du ralentissement économique chinois,Guilhem Fabre,2013,HAL (Le Centre pour la Communication Scientifique Directe),,https://shs.hal.science/halshs-00874077,preprint,
LGFV-01,lgfv_exit_transformation,openalex,Chapter 1 Bridge to Recovery,International Monetary Fund. Monetary and Capital Markets Department,2020,,10.5089/9781513554228.082.ch001,https://doi.org/10.5089/9781513554228.082.ch001,book-chapter,
LGFV-01,lgfv_exit_transformation,openalex,Decoding shadow banking: a primer,Shen Wei,2016,Edward Elgar Publishing eBooks,10.4337/9781784716776.00010,https://doi.org/10.4337/9781784716776.00010,book-chapter,
LGFV-02,lgfv_exit_transformation,crossref,From Land to Bonds: Local Government Financing Transformation and MCB Pricing in China,Junying Du; Xinyang Liu,2026,,10.2139/ssrn.6934485,https://doi.org/10.2139/ssrn.6934485,posted-content,"<jats:p>The transformation of local government financing from land-based financing to revenue bonds is a defining feature of China’s fiscal reform. Using quarterly Municipal Corporate Bond (MCB) issuance data from 2015 to 2022, along with micro-level land transaction and prefecture-level fiscal data, this paper employs an interaction term fixed effects model to examine how this transformation affects the implicit guarantees of MCBs. The results show that the transformation significantly increases MCB issuing spreads. A one-standard-deviation increase in the degree of transformation raises spreads by approximately 0.218 percentage points, or 11.2% of the sample mean. Mechanism analysis reveals two channels. The first is the local government support channel: the transformation weakens local governments’ willingness and capacity to provide implicit guarantees to Local Government Financing Vehicles (LGFVs), leading to reductions in fiscal subsidies and state-owned equity transfers. The market interprets this as a signal of weaker guarantees, raising spreads. The second is the investor crowding-out channel: revenue bonds, as explicitly guaranteed safe assets, crowd out investor demand for MCBs, further increasing spreads. Heterogeneity analysis shows that the effect is more pronounced in regions with higher fiscal transparency and higher land fiscal dependence, as well as for provincial LGFVs and lower-rated MCBs. This paper provides new empirical evidence on the financial market effects of local government financing structure transformation, with important policy implications for debt management and financial risk prevention.</jats:p>"
LGFV-02,lgfv_exit_transformation,crossref,Market-Oriented Transformation and Development of Local Government Financing Platforms in China: Exploratory Research Based on Multiple Cases,Xiaoguang Li; Guoli Feng; Shengyue Hao,2022,Systems,10.3390/systems10030065,https://doi.org/10.3390/systems10030065,journal-article,"<jats:p>In recent years, the disorderly development of local government debt financing and local government financing platforms (GFP) in China has brought huge government debt risks. In order to control the debt increment caused by illegal financing of the GFP, the state has issued a series of documents. Under the new economic form, how to determine the position, choose the road, and plan the path of market-oriented development for high-quality economic development is critical to the GFP. This paper is committed to solving the key points and transformation paths of market-oriented transformation of the GFP. (1) On the basis of literature research, it analyzes the necessity, feasibility, and current transformation difficulties of market-oriented transformation of the GFP. (2) It defines the concept of the GFP and the concept of market-oriented transformation of the GFP. (3) It collates and analyzes the real cases of market-oriented transformation of four local government (county-level and above) financing platforms, studies the key points of transformation, and systematically summarizes the path of market-oriented transformation from three aspects: the goal, work plan, and implementation scheme of transformation and development. (4) Based on the idea of finding problems, diagnosing problems, optimizing, and improving, we put forward optimization strategy suggestions.</jats:p>"
LGFV-02,lgfv_exit_transformation,crossref,"The Status Quo, Opportunities and Challenges of Local Government Financing Platform Transformation",,2018,"2018 International Conference on Economics, Politics and Business Management (ICEPBM 2018)",10.25236/icepbm.2018.02,https://doi.org/10.25236/icepbm.2018.02,proceedings-article,
LGFV-02,lgfv_exit_transformation,crossref,"Financing the Green Transformation â Market Failures, Government Failures and the Role of the State",,,Financing the Green Transformation,10.1057/9781137486127.0008,https://doi.org/10.1057/9781137486127.0008,book-chapter,
LGFV-02,lgfv_exit_transformation,crossref,Impact of market-oriented local government financing vehicles on credit financing: Evidence from China,Xiao-Lin Li; Wentian Qu; Wen Li,2026,Economic Modelling,10.1016/j.econmod.2026.107712,https://doi.org/10.1016/j.econmod.2026.107712,journal-article,
LGFV-02,lgfv_exit_transformation,crossref,Notice of Retraction: A research on local government financing platform: Evidence from China,Xu Ling-Chao; Wu Guang-Wei,2011,2011 International Conference on E-Business and E-Government (ICEE),10.1109/icebeg.2011.5881676,https://doi.org/10.1109/icebeg.2011.5881676,proceedings-article,
LGFV-02,lgfv_exit_transformation,crossref,Holding the market under the stimulus plan: Local government financing vehicles' land purchasing behavior in China,Zhonghua Huang; Xuejun Du,2018,China Economic Review,10.1016/j.chieco.2018.04.004,https://doi.org/10.1016/j.chieco.2018.04.004,journal-article,
LGFV-02,lgfv_exit_transformation,crossref,Local Government and Inter-Platform Competition,Ding Ke,2012,"Market Platforms, Industrial Clusters and Small Business Dynamics",10.4337/9781781006283.00013,https://doi.org/10.4337/9781781006283.00013,book-chapter,
LGFV-02,lgfv_exit_transformation,crossref,Understanding Local Government Debt Financing of Infrastructure Projects in China: Evidence based on Accounting Data from Local Government Financing Vehicles,Helen X. H. Bao; Ziyou Wang; Robert Wu,2021,,10.2139/ssrn.3757729,https://doi.org/10.2139/ssrn.3757729,posted-content,"<jats:p>This study develops an analytical framework to investigate the complex relationship between local government debt issuing for infrastructure financing, state control, land finance, and development activities in the private sector in China. Using local government financing vehicles’ accounting data, we find that local governments are working creatively to meet infrastructure development targets handed down by the central government. Moreover, local government financing vehicles became more responsive to development activities from the private sector in their debt issuing decisions after the regulations of local government debt issuing in 2013/14.  By modelling the effect of three distinct forces, i.e., the central government, local governments, and the market, in one unified framework, our study provides reliable and practical evidence on how infrastructure financing works in China. Our research extends the studies of land finance into the infrastructure development domain. The findings are also helpful for studies on China’s land use policy under its leasehold land right system, and particularly the impacts of different land planning uses on infrastructure development.</jats:p>"
LGFV-02,lgfv_exit_transformation,crossref,Local Government and Platform Governance in Yiwu,Ding Ke,2012,"Market Platforms, Industrial Clusters and Small Business Dynamics",10.4337/9781781006283.00009,https://doi.org/10.4337/9781781006283.00009,book-chapter,
LGFV-02,lgfv_exit_transformation,crossref,Analysis of Financing Dilemma of Local Government Financing Platform,Zefang Hu,2018,Modern Economy,10.4236/me.2018.912124,https://doi.org/10.4236/me.2018.912124,journal-article,
LGFV-02,lgfv_exit_transformation,crossref,Debt Governance Spillovers: How Local Government Financing affects Enterprise Green Transformation,qing Zhang; xiaoyu Zhai,2025,,10.2139/ssrn.5447847,https://doi.org/10.2139/ssrn.5447847,posted-content,
LGFV-02,lgfv_exit_transformation,crossref,Broadening Local Government Financing in Nigeria: The Capital Market Option,Ujunwa Augustine; Ogbuagu Onu Ekumankama,2011,,10.2139/ssrn.1976430,https://doi.org/10.2139/ssrn.1976430,posted-content,"<jats:p>[enter Abstract Body]The need for sound local government finance (LGF) is gaining greater recognition in Africa and Asia, largely due to the reasons of their pivotal roles in the grass root economic development. In Nigeria for instance, there has been the call for the diversification of the local government financing, for an effective service delivery and distribution of “dividends of democracy” to the entire citizenry. This paper therefore takes a cursory look at the local government financing in Nigeria, presenting the capital market source of funding as a viable option for broadening local government finances in Nigeria. This capital market option if pursued has the following merits: (a) it will instill fiscal discipline and consequently, good corporate governance practices. (b) The fear of a takeover bid by the creditors of the local council will instill some discipline; (c) the capital market option will help broaden the finances of the local councils, thus making them viable to fulfill their set objectives and statutory responsibilities. (d) The use of the capital market by the local governments will invariably develop the government bond market in Nigeria; and (e) the use of municipal bonds will not contribute to the inflationary pressure in the economy, since it is an internally generated loan. For this to be achieved, the paper posits that some level of autonomy, as proved in the 1989 constitution, may be pursued by the federal government; coupled with the revitalization of the Urban development Bank of Nigeria, to enable it perform her duties of packaging the local council for the capital market.</jats:p>"
LGFV-02,lgfv_exit_transformation,crossref,Regulating Local Government Financing Vehicles and Public-Private Partnerships in China,Hui Jin; Isabel Rial,,,10.5089/9781475536768.001.a001,https://doi.org/10.5089/9781475536768.001.a001,component,
LGFV-02,lgfv_exit_transformation,crossref,Local Government Financing Platform,Li Jianjun; Wang Fang,2025,Dictionary of Contemporary Chinese Economics,10.1007/978-981-97-4036-9_886,https://doi.org/10.1007/978-981-97-4036-9_886,book-chapter,
LGFV-02,lgfv_exit_transformation,crossref,Local Government Financing Platforms in China: A Fortune or Misfortune?1,Yinqiu Lu; Tao Sun,,,10.5089/9781475599671.001.a001,https://doi.org/10.5089/9781475599671.001.a001,component,
LGFV-02,lgfv_exit_transformation,crossref,9. Financing Scottish Local Government,,2004,Scottish Local Government,10.1515/9781474470834-014,https://doi.org/10.1515/9781474470834-014,book-chapter,
LGFV-02,lgfv_exit_transformation,crossref,Understanding local government debt financing of infrastructure projects in China: Evidence based on accounting data from local government financing vehicles,Helen X.H. Bao; Ziyou Wang; Robert Liangqi Wu,2024,Land Use Policy,10.1016/j.landusepol.2023.106964,https://doi.org/10.1016/j.landusepol.2023.106964,journal-article,
LGFV-02,lgfv_exit_transformation,crossref,"Financing the Green Transformation — Market Failures, Government Failures and the Role of the State",Ulrich Volz; Judith Böhnke; Vanessa Eidt; Laura Knierim; Katharina Richert; Greta-Maria Roeber,2015,Financing the Green Transformation,10.1057/9781137486127_2,https://doi.org/10.1057/9781137486127_2,book-chapter,
LGFV-02,lgfv_exit_transformation,crossref,"Fiscal Hierarchical Reform, Intergovernmental Financial Decentralization and Regional Government Financing Disparity: Evidence from Debt of Local Government Financing Vehicles",Jiaxuan Liu,2022,China Journal of Economics,10.26599/cje.2022.9300303,https://doi.org/10.26599/cje.2022.9300303,journal-article,
LGFV-02,lgfv_exit_transformation,crossref,"Local government financing vehicle restructuring, implicit government guarantees and debt financing costs: Evidence from the Chinese municipal corporate bond market",Rui Wan; Wencheng Fan; Xiaoping Wang,2024,Economic Systems,10.1016/j.ecosys.2024.101179,https://doi.org/10.1016/j.ecosys.2024.101179,journal-article,
LGFV-02,lgfv_exit_transformation,crossref,"Local Government Debt, Financing Platform and Fiscal Risk",Wang Ying; Pan Wenjie,2019,International Business Research,10.5539/ibr.v12n3p40,https://doi.org/10.5539/ibr.v12n3p40,journal-article,"<jats:p>The excessive expansion of local financing platform as a substantive medium for local government borrowing has aggravated local government financial risks, which may induce systemic financial risks. Based on the current debt situation of the central and provincial governments, this paper uses different measurement models to calculate debt balance and default risks of the financing platforms. The results show that nearly one-third of the provinces may have potential financial risks, therefore the central government and local governments should work together and keep four kinds of balances in order to prevent and defuse risks.</jats:p>"
LGFV-02,lgfv_exit_transformation,crossref,Financing Local Government,Peter Watt,2004,Local Government Studies,10.1080/0300393042000318012,https://doi.org/10.1080/0300393042000318012,journal-article,
LGFV-02,lgfv_exit_transformation,crossref,Local Government Financing and the Fiscal Effects on Government Expenditure,Shikun Qin,2026,Public-Private Partnerships in China,10.4324/9781003784869-6,https://doi.org/10.4324/9781003784869-6,book-chapter,
LGFV-02,lgfv_exit_transformation,crossref,Notice of Retraction: The fiscal risk in the operation of local government investment and financing platform,Xudong Chen,2011,2011 International Conference on E-Business and E-Government (ICEE),10.1109/icebeg.2011.5882486,https://doi.org/10.1109/icebeg.2011.5882486,proceedings-article,
LGFV-02,lgfv_exit_transformation,crossref,Development Finance: A Financing Platform Between the Government and the Market,Liu Weiping,2023,Social Trust,10.1007/978-981-99-2931-3_9,https://doi.org/10.1007/978-981-99-2931-3_9,book-chapter,
LGFV-02,lgfv_exit_transformation,crossref,Financing Metropolitan Areas,,,Local Government Finance,10.4337/9781781004517.00015,https://doi.org/10.4337/9781781004517.00015,other,
LGFV-02,lgfv_exit_transformation,crossref,A Preliminary Study on the Transformation of Local Investment and Financing Platform in China,Hui Yu,2017,"Proceedings of the 2nd International Conference on Judicial, Administrative and Humanitarian Problems of State Structures and Economic Subjects (JAHP 2017)",10.2991/jahp-17.2017.49,https://doi.org/10.2991/jahp-17.2017.49,proceedings-article,
LGFV-02,lgfv_exit_transformation,crossref,Financing local government,Jeffrey Owens,2022,Local Government Economics in Theory and Practice,10.4324/9781003271819-6,https://doi.org/10.4324/9781003271819-6,book-chapter,
LGFV-02,lgfv_exit_transformation,crossref,The Financing of Local Government in China: Stimulus Loan Wanes and Shadow Banking Waxes,Zhuo Chen; Zhiguo He; Chun Liu,2017,,10.3386/w23598,https://doi.org/10.3386/w23598,report,
LGFV-02,lgfv_exit_transformation,crossref,Introduction: Financing Local Government,Munawwar Alam,2008,,10.14217/9781848590076-3-en,https://doi.org/10.14217/9781848590076-3-en,component,
LGFV-02,lgfv_exit_transformation,crossref,The Financing of Local Government in China: Stimulus Loan Wanes and Shadow Banking Waxes,Zhuo Chen; Zhiguo He; Chun Liu,2017,,10.2139/ssrn.2920030,https://doi.org/10.2139/ssrn.2920030,posted-content,"<jats:p>The upsurge of shadow banking is typically driven by rising financing demand from certain real sectors. In China, the four-trillion-yuan stimulus package in 2009 was behind the rapid growth of shadow banking after 2012, expediting the development of Chinese corporate bond markets in the post-stimulus period. Chinese local governments financed the stimulus through bank loans in 2009, and then resorted to non-bank debt financing after 2012 when faced with rollover pressure from bank debt coming due. Cross-sectionally, provinces with greater bank loan growth in 2009 experienced more municipal corporate bond issuance during 2012–2015, together with more shadow banking activities including Trust loans and wealth management products. China's post-stimulus experience exhibits similarities to financial market development during the U.S. National Banking Era.</jats:p>"
LGFV-02,lgfv_exit_transformation,crossref,The Financing of Local Government in China: Stimulus Loan Wanes and Shadow Banking Waxes,Zhuo Chen; Zhiguo He; Chun Liu,2019,,10.2139/ssrn.3345331,https://doi.org/10.2139/ssrn.3345331,posted-content,"<jats:p>The upsurge of shadow banking is typically driven by rising financing demand from certain real sectors. In China, the four-trillion-yuan stimulus package in 2009 was behind the rapid growth of shadow banking after 2012, expediting the development of Chinese corporate bond markets in the post-stimulus period. Chinese local governments financed the stimulus through bank loans in 2009, and then resorted to non-bank debt financing after 2012 when faced with rollover pressure from bank debt coming due. Cross-sectionally, using a political-economy-based instrument, we show that provinces with greater bank loan growth in 2009 experienced more municipal corporate bond issuance during 2012–2015, together with more shadow banking activities including Trust loans and wealth management products. China's post-stimulus experience exhibits similarities to financial market development during the U.S. National Banking Era.</jats:p>"
LGFV-02,lgfv_exit_transformation,crossref,Debt Governance Spillovers: How Local Government Financing affects Enterprise Green Transformation,Xiaoyu Zhai,2026,Modern Management Science &amp; Engineering,10.22158/mmse.v8n1p242,https://doi.org/10.22158/mmse.v8n1p242,journal-article,"<jats:p>This study conducts quasi-natural experiment based on local government debt governance launched in China in 2015. Employing a progressive difference-in-differences (DID) approach, this study matches data from Chinese-listed enterprises from 2010 to 2019 to evaluate the effect of the local government debt governance on enterprise green transformation. Findings indicate that debt governance significantly promotes the green transformation of enterprises. This conclusion remains robust after multiple robustness tests. Mechanism analysis reveals that debt governance enables the green transformation of enterprises by alleviating overcapacity. Heterogeneity analysis shows that debt governance significantly promotes the green transformation of enterprises in cities with advanced industrial structures, environmental priorities, non-resource-based economies, and among non-state-owned and technology-intensive enterprises. This study offers valuable insights for countries managing public debt while promoting green transformation among enterprises.</jats:p>"
LGFV-02,lgfv_exit_transformation,crossref,The Impact of Market-oriented Transformation of Local Government Platforms on Platform Performance in Eastern China - Artificial Intelligence Perspective,Hanke Zhu,2026,"Advances in Economics, Business and Management Research",10.2991/978-94-6239-689-0_13,https://doi.org/10.2991/978-94-6239-689-0_13,book-chapter,
LGFV-02,lgfv_exit_transformation,crossref,Notice of Retraction: Problems and countermeasures for local government financing platform,Zhang Lu; Yang Yang,2011,2011 International Conference on Business Management and Electronic Information,10.1109/icbmei.2011.5916988,https://doi.org/10.1109/icbmei.2011.5916988,proceedings-article,
LGFV-02,lgfv_exit_transformation,crossref,Construction Financing Problem of Local Government in China,Yan Bin; Li Quan,2012,Physics Procedia,10.1016/j.phpro.2012.02.261,https://doi.org/10.1016/j.phpro.2012.02.261,journal-article,
LGFV-02,lgfv_exit_transformation,crossref,Financing communal government in Italy,Angela Fraschini,1992,Local Government Studies,10.1080/03003939208433652,https://doi.org/10.1080/03003939208433652,journal-article,
LGFV-02,lgfv_exit_transformation,crossref,<i>Financing Local Government in the People's Republic of China</i>. Christine P. W. Wong,Marc Blecher,1999,The China Journal,10.2307/2667610,https://doi.org/10.2307/2667610,journal-article,
LGFV-02,lgfv_exit_transformation,crossref,Local Government Financing Platforms in China,Yinqiu Lu; Tao Sun,2013,IMF Working Papers,10.5089/9781475599671.001,https://doi.org/10.5089/9781475599671.001,journal-article,"<jats:p>China’s rapid credit expansion in 2009–10 brought local government financing platforms (LGFPs) into the spotlight. This paper discusses their function, reasons behind their recent expansion, and risks they are posing to the financial sector, local governments, and sovereign balance sheet. This paper argues that LGFPs were a fortune for China in the past, but would turn out to be a misfortune if the causes of the rapid expansion of LGFPs are not addressed promptly. In this context, the paper proposes ways to avoid misfortune by: acknowledging and addressing the revenue and expenditure mismatches at the local government level; establishing a comprehensive framework to regulate and supervise local government budgets; ensuring the sustainability of the financial resources obtained from the sale of land use rights; and developing local government bond markets and promoting financial reforms.</jats:p>"
LGFV-02,lgfv_exit_transformation,crossref,Local Subsidies in the Third Republic: the Political Market-Place and Bureaucratic Allocation,Jean-Claude Thoenig,2023,Financing Urban Government in the Welfare State,10.4324/9781003403173-6,https://doi.org/10.4324/9781003403173-6,book-chapter,
LGFV-02,lgfv_exit_transformation,crossref,Government and Market: Clarify the Boundary and Supplement Each Other,Ronghua Shen; Sheng Cao,2020,The Great Transformation of China,10.1007/978-981-32-9491-2_2,https://doi.org/10.1007/978-981-32-9491-2_2,book-chapter,
LGFV-02,lgfv_exit_transformation,crossref,Financing European Local Government,,2014,,10.4324/9781315037271,https://doi.org/10.4324/9781315037271,book,
LGFV-02,lgfv_exit_transformation,crossref,Book Review: Government and Market in China: A Local Perspective,Zhiqun Zhu,2005,China Information,10.1177/0920203x0501900123,https://doi.org/10.1177/0920203x0501900123,journal-article,
LGFV-02,lgfv_exit_transformation,crossref,Financing and taxing for local government,Kenneth Gibb; Linda Christie,2018,The Routledge Handbook of International Local Government,10.4324/9781315306278-31,https://doi.org/10.4324/9781315306278-31,book-chapter,
LGFV-02,lgfv_exit_transformation,crossref,Regulating Local Government Financing Vehicles and Public-Private Partnerships in China,Hui Jin; Isabel Rial,2016,IMF Working Papers,10.5089/9781475536768.001,https://doi.org/10.5089/9781475536768.001,journal-article,"<jats:p>In this paper, we argue that there is much room for China to strengthen its regulatory framework for public-private partnerships (PPPs). We show that infrastructure projects carried out through local government financing vehicles (LGFVs) were largely unregulated PPPs, and significant fiscal risks have already manifested themselves. While PPPs can potentially provide efficiency gains, they can also be used by governments to circumvent budgetary borrowing constraints. Therefore, effective PPP regulation is key to delivering PPPs’ benefits while containing their potential fiscal risks. The authorities have taken concrete steps in order to establish a sound regulatory framework and foster a new generation of PPPs. However, to make the framework effective, we highlight a few issues to be resolved. Based on international best practice, we propose a four-pillar regulatory framework for China, which could be implemented gradually in three stages.</jats:p>"
LGFV-02,lgfv_exit_transformation,crossref,Research on the path of transformation and development of local government financing platforms and international experience,Qiuyu Zha,2023,CREATIVE ECONOMY,10.47297/wspcewsp2516-251901.20240802,https://doi.org/10.47297/wspcewsp2516-251901.20240802,journal-article,
LGFV-02,lgfv_exit_transformation,crossref,The Local Government Fiscal Imperative and Debt Financing in China,Yang He; Kun-Chin Lin; Ran Tao,,Fiscal and Debt Policies for the Future,10.1057/9781137269539.0011,https://doi.org/10.1057/9781137269539.0011,book-chapter,
LGFV-02,lgfv_exit_transformation,crossref,Ideal Financing for Local Government,Joseph Drew,2020,Reforming Local Government,10.1007/978-981-15-6503-8_9,https://doi.org/10.1007/978-981-15-6503-8_9,book-chapter,
LGFV-02,lgfv_exit_transformation,crossref,Risk analysis and preventive measures of local government investment and financing platform companies,Liangqiong Zheng; Jing Zhou; Siwen Tian,2023,BCP Business &amp; Management,10.54691/bcpbm.v38i.3689,https://doi.org/10.54691/bcpbm.v38i.3689,journal-article,"<jats:p>District B is the central location of the economy of Shenzhen and Hong Kong, in the 1990s the urban infrastructure construction operation and maintenance are carried out by the government, the project construction funds are government financial funds, with the rapid increase in the economic level of the district, the residents' living needs for infrastructure needs increased, the limited government financial support in District B is difficult to promote the development and construction of urban infrastructure high-speed in all aspects. The government gradually tried to promote the reform of the investment and financing system mechanism, set up an investment and financing platform, tried to promote the construction of the investment and financing system by taking the government's financial capital as the lead and using bank credit funds and social capital to participate, set up a number of local investment and financing platforms, such as construction investment companies and investment management companies, and took the initiative to undertake the government-led infrastructure and construction of major industrial projects, prompting the investment and financing platform to enter the This has led to the fast track of development of investment and financing platforms.</jats:p>"
LGFV-02,lgfv_exit_transformation,openalex,Economic control of quality of manufactured product,H.W. Elkinton,1932,Journal of the Franklin Institute,10.1016/s0016-0032(32)91043-6,https://doi.org/10.1016/s0016-0032(32)91043-6,article,
LGFV-02,lgfv_exit_transformation,openalex,Local Government Financing Platforms in China,Yinqiu Lu; Tao Sun,2013,IMF Working Paper,10.5089/9781475599671.001,https://doi.org/10.5089/9781475599671.001,article,
LGFV-02,lgfv_exit_transformation,openalex,"Reproducing the city of the spectacle: Mega-events, local debts, and infrastructure-led urbanization in China",Yifei Wu; Xun Li; George C. S. Lin,2016,Cities,10.1016/j.cities.2016.01.004,https://doi.org/10.1016/j.cities.2016.01.004,article,
LGFV-02,lgfv_exit_transformation,openalex,Market-Oriented Transformation and Development of Local Government Financing Platforms in China: Exploratory Research Based on Multiple Cases,Xiaoguang Li; Guoli Feng; Shengyue Hao,2022,Systems,10.3390/systems10030065,https://doi.org/10.3390/systems10030065,article,
LGFV-02,lgfv_exit_transformation,openalex,State de-financialisation through incorporating local government bonds in the budgetary process in China,Zhenfa Li; Fulong Wu; Fangzhu Zhang,2023,Journal of Economic Geography,10.1093/jeg/lbad016,https://doi.org/10.1093/jeg/lbad016,article,
LGFV-02,lgfv_exit_transformation,openalex,Who Builds Cities in China? How Urban Investment and Development Companies Have Transformed Shanghai,Yanpeng Jiang; Paul Waley,2020,International Journal of Urban and Regional Research,10.1111/1468-2427.12918,https://doi.org/10.1111/1468-2427.12918,article,
LGFV-02,lgfv_exit_transformation,openalex,"The state-led approach to industrial heritage in China’s mega-events: capital accumulation, urban regeneration, and heritage preservation",Mengke Zhang,2024,Built Heritage,10.1186/s43238-024-00144-1,https://doi.org/10.1186/s43238-024-00144-1,article,
LGFV-02,lgfv_exit_transformation,openalex,A Game-Theory-Based Interaction Mechanism between Central and Local Governments on Financing Model Selection in China,Fusheng Xie; Lei Hang,2022,Sustainability,10.3390/su14169821,https://doi.org/10.3390/su14169821,article,
LGFV-02,lgfv_exit_transformation,openalex,"The New Whole State System: State-led Financialization, State-Private Fusion, and China’s Innovation Policies after 2008",Tu Lan; Lin Zhang,2021,SSRN Electronic Journal,10.2139/ssrn.3826658,https://doi.org/10.2139/ssrn.3826658,preprint,
LGFV-02,lgfv_exit_transformation,openalex,The Development and Transformation of the People’s Republic of China’s Financial System,Damian Tobin; Ulrich Volz,2018,SOAS Research Online (SOAS University of London),,https://soas-repository.worktribe.com/output/381506,article,
LGFV-02,lgfv_exit_transformation,openalex,Land financialisation and the financing of urban development in China,Fulong Wu,2019,Land Use Policy,10.1016/j.landusepol.2019.104412,https://doi.org/10.1016/j.landusepol.2019.104412,article,
LGFV-02,lgfv_exit_transformation,openalex,Innovation Service Platform of Small and Medium-Sized Microenterprises Based on Social Perception and Neural Network Algorithm,Ji-Shu Shao; Zuwei Yu; Tao Huang,2022,Computational Intelligence and Neuroscience,10.1155/2022/8700833,https://doi.org/10.1155/2022/8700833,article,
LGFV-02,lgfv_exit_transformation,openalex,Analysis of Financing Dilemma of Local Government Financing Platform,Zefang Hu,2018,Modern Economy,10.4236/me.2018.912124,https://doi.org/10.4236/me.2018.912124,article,
LGFV-02,lgfv_exit_transformation,openalex,The intertwined geopolitics and geoeconomics of hopes/fears: China’s triple economic bubbles and the ‘One Belt One Road’ imaginary,Ngai‐Ling Sum,2018,Territory Politics Governance,10.1080/21622671.2018.1523746,https://doi.org/10.1080/21622671.2018.1523746,article,
LGFV-02,lgfv_exit_transformation,openalex,"The Status Quo, Opportunities and Challenges of Local Government Financing Platform Transformation",Xiaoming Qiao,2018,,10.25236/icepbm.2018.02,https://doi.org/10.25236/icepbm.2018.02,conference-paper,
LGFV-02,lgfv_exit_transformation,openalex,Research on the path of transformation and development of local government financing platforms and international experience,Qiuyu Zha,2023,CREATIVE ECONOMY,10.47297/wspcewsp2516-251901.20240802,http://dx.doi.org/10.47297/wspcewsp2516-251901.20240802,article,
LGFV-02,lgfv_exit_transformation,openalex,Credit Risk Prevention of Local Government Financing Platforms: Taking Liuzhou TK Company as an Example,<p>Lu Qiuyan</p>,2023,Academic Journal of Business & Management,10.25236/ajbm.2023.052315,http://dx.doi.org/10.25236/ajbm.2023.052315,article,
LGFV-02,lgfv_exit_transformation,openalex,Multi-source information fusion for credit risk assessment of local government financing platforms using PSO-XGBoost and SHAP,Liang Xu; Debin Fang,2026,Financial Innovation,10.1186/s40854-026-00936-7,https://doi.org/10.1186/s40854-026-00936-7,article,
LGFV-02,lgfv_exit_transformation,openalex,Out of the window? Green monetary policy in China: window guidance and the promotion of sustainable lending and investment,Simon Dikau; Ulrich Volz,2021,Climate Policy,10.1080/14693062.2021.2012122,https://doi.org/10.1080/14693062.2021.2012122,article,
LGFV-02,lgfv_exit_transformation,openalex,Shadow banking in China compared to other countries,Franklin Allen; Xian Gu,2020,Manchester School,10.1111/manc.12331,https://doi.org/10.1111/manc.12331,article,
LGFV-02,lgfv_exit_transformation,openalex,China's Real Estate Market,Chang Liu; Wei Xiong,2018,National Bureau of Economic Research,10.3386/w25297,https://doi.org/10.3386/w25297,report,
LGFV-02,lgfv_exit_transformation,openalex,China’s urban construction investment bond: Contextualising a financial tool for local government,Zhen Ye; Fangzhu Zhang; D’Maris Coffman; Senmao Xia; Zhifeng Wang; Zhonghua Zhu,2020,Land Use Policy,10.1016/j.landusepol.2020.105153,https://doi.org/10.1016/j.landusepol.2020.105153,article,
LGFV-02,lgfv_exit_transformation,openalex,How Proximate and ‘Meta-Institutional’ Contexts Shape Institutional Change: Explaining the Rise of the People's Bank of China,Stephen Bell; Hui Feng,2013,Political Studies,10.1111/1467-9248.12005,https://doi.org/10.1111/1467-9248.12005,article,
LGFV-02,lgfv_exit_transformation,openalex,The Political Economy of China's Local Debt,Zhenfa Li; Fulong Wu; Fangzhu Zhang,2023,The China Quarterly,10.1017/s0305741023000814,https://doi.org/10.1017/s0305741023000814,article,
LGFV-02,lgfv_exit_transformation,openalex,Bypassing institutional barriers: New types of transit-oriented development in China,Yun Song; Martin de Jong; Dominic Stead,2021,Cities,10.1016/j.cities.2021.103177,https://doi.org/10.1016/j.cities.2021.103177,article,
LGFV-02,lgfv_exit_transformation,openalex,The Evolution of Ground Rent Economy in China and Countermeasures Research,Xingle Zhou,2024,Advances in Economics Management and Political Sciences,10.54254/2754-1169/2024.ld18183,https://doi.org/10.54254/2754-1169/2024.ld18183,article,
LGFV-02,lgfv_exit_transformation,openalex,Does the Development of Fictitious Economy Inhibit the Real Economy? Microcosmic Evidence from Chinese Listed Companies,Zhou Bin; Xie Jiasong,2018,Cai-jing yanjiu,10.16538/j.cnki.jfe.2018.11.006,https://qks.sufe.edu.cn/J/PDFFull/A0d780b504-273a-4bd7-a828-548caa987902.pdf,article,
LGFV-02,lgfv_exit_transformation,openalex,Disclosure of government financial information and the cost of local government’s debt financing—Empirical evidence from provincial investment bonds for urban construction,Zhibin Chen; Jun Pan; Liangliang Wang; Xiaofeng Shen,2016,China Journal of Accounting Research,10.1016/j.cjar.2016.02.001,https://doi.org/10.1016/j.cjar.2016.02.001,article,
LGFV-02,lgfv_exit_transformation,openalex,Understanding local government debt financing of infrastructure projects in China: Evidence based on accounting data from local government financing vehicles,Helen X. H. Bao; Ziyou Wang; Robert Liangqi Wu,2023,Land Use Policy,10.1016/j.landusepol.2023.106964,https://doi.org/10.1016/j.landusepol.2023.106964,article,
LGFV-02,lgfv_exit_transformation,openalex,Adaptable state-controlled market actors: Underwriters and investors in the market of local government bonds in China,Zhenfa Li; Fulong Wu; Fangzhu Zhang,2023,Environment and Planning A Economy and Space,10.1177/0308518x231174023,https://doi.org/10.1177/0308518x231174023,article,
LGFV-02,lgfv_exit_transformation,openalex,Monetary Policy Transmission in China: A DSGE Model with Parallel Shadow Banking and Interest Rate Control,Michael Funke; Petar Mihaylovski; Haibin Zhu,2015,SSRN Electronic Journal,10.2139/ssrn.2580241,https://doi.org/10.2139/ssrn.2580241,preprint,
LGFV-02,lgfv_exit_transformation,openalex,China's Financial System and the Law *,Franklin Allen; Jun Qian,2014,Scholarship @ Cornell Law (Cornell University),,https://scholarship.law.cornell.edu/cilj/vol47/iss3/1,article,
LGFV-02,lgfv_exit_transformation,openalex,China’s Financial Interlinkages and Implications For Inter-Agency Coordination,Min Liao; Tao Sun; Jinfan Zhang,2016,IMF Working Paper,10.5089/9781475530490.001,https://doi.org/10.5089/9781475530490.001,article,
LGFV-02,lgfv_exit_transformation,openalex,China’s Housing Booms: A Challenge to Bubble Theory,Natacha Aveline,2020,Lecture notes in morphogenesis,10.1007/978-3-030-36656-8_11,https://doi.org/10.1007/978-3-030-36656-8_11,book-chapter,
LGFV-02,lgfv_exit_transformation,openalex,People’s Republic of China,International Monetary Fund,2015,IMF Staff Country Reports,10.5089/9781513512907.002,https://doi.org/10.5089/9781513512907.002,article,
LGFV-02,lgfv_exit_transformation,openalex,Crowding in or crowding out? How local government debt influences corporate innovation for China,Junbing Xu; Yuanyuan Li; Dawei Feng; Zhouyi Wu; Yang He,2021,PLoS ONE,10.1371/journal.pone.0259452,https://doi.org/10.1371/journal.pone.0259452,article,
LGFV-02,lgfv_exit_transformation,openalex,Reforming China’s Public Finances for Long-term Growth,Christine Wong,2013,ANU Press eBooks,10.22459/cnmgd.07.2013.10,https://doi.org/10.22459/cnmgd.07.2013.10,book-chapter,
LGFV-02,lgfv_exit_transformation,openalex,Research on Sustainability of Financing Mode and Demand of PPP Project—Based on Chinese PPP and Local Financing Platform Alternative Perspective,Fusheng Xie,2022,Sustainability,10.3390/su142114591,https://doi.org/10.3390/su142114591,article,
LGFV-02,lgfv_exit_transformation,openalex,Large-Scale Land Use for Construction and Energy Consumption after the New Millennium with Their Impact on Total-Factor Efficiency Change in China’s Regional Economy,Shiyi Chen; Shujian Zhang,2014,Energies,10.3390/en7041986,https://doi.org/10.3390/en7041986,article,
LGFV-02,lgfv_exit_transformation,openalex,The Impact of Local Government Debt Expansion and Governance on the Operational Stability of Enterprises— Evidence from Local Fiscal Data and A-Share Listed Companies,Zihan Lin,2025,Advances in Economics Management and Political Sciences,10.54254/2754-1169/2025.23724,https://doi.org/10.54254/2754-1169/2025.23724,article,
LGFV-02,lgfv_exit_transformation,openalex,Research on the Impact of Innovative City Construction on Financial Development: Evidence from China,Zhaoyang Zhao; Yanhong Zheng; Yuhong Chen; Chong Ye; Zeyu He,2021,Discrete Dynamics in Nature and Society,10.1155/2021/7541690,https://doi.org/10.1155/2021/7541690,article,
LGFV-02,lgfv_exit_transformation,openalex,Impact of Nonstandard Default Risk of the Urban Investment and Development Companies on the Urban Investment Bond Market,Xue Yan; Yuke Li; Ming Meng; Heap‐Yih Chong,2023,Systems,10.3390/systems11020068,https://doi.org/10.3390/systems11020068,article,
LGFV-02,lgfv_exit_transformation,openalex,"Local government debt, resource misallocation, and green total factor productivity in China",Guangjun Deng; Canwei Zhou; Dingxing Wang; Weihan Zhou,2023,Frontiers in Environmental Science,10.3389/fenvs.2023.1257912,https://doi.org/10.3389/fenvs.2023.1257912,article,
LGFV-02,lgfv_exit_transformation,openalex,The impact of fiscal decentralization and intergovernmental competition on the local government debt risk: Evidence from China,Xuling Huo; Shulei Bi; Yushi Yin,2023,Frontiers in Environmental Science,10.3389/fenvs.2023.1103822,https://doi.org/10.3389/fenvs.2023.1103822,article,
LGFV-02,lgfv_exit_transformation,openalex,Improving Women's Substantive Representation in Community Government: Evidence from Chinese Villages,Sally Sargeson; Tamara Jacka,2017,Development and Change,10.1111/dech.12377,https://doi.org/10.1111/dech.12377,article,
LGFV-02,lgfv_exit_transformation,openalex,Embracing market and civic actor participation in public rental housing governance: new insights about power distribution,Juan Yan; Marietta Haffner; Marja Elsinga,2020,Housing Studies,10.1080/02673037.2020.1813258,https://doi.org/10.1080/02673037.2020.1813258,article,
LGFV-02,lgfv_exit_transformation,openalex,Analysis of Green Financial Policy Utility: A Policy Incentive Financial Mechanism Based on State Space Model Theory Algorithm,Qilong Wan; Jine Qian; Maomao Yu,2022,Journal of Sensors,10.1155/2022/5978122,https://doi.org/10.1155/2022/5978122,article,
LGFV-02,lgfv_exit_transformation,openalex,The intertwined geopolitics and geoeconomics of hopes/fears: China's triple economic bubbles and the 'One Belt One Road' imaginary,Ngai‐Ling Sum,2020,,10.4324/9781003096306-10,https://doi.org/10.4324/9781003096306-10,book-chapter,
LGFV-02,lgfv_exit_transformation,openalex,"Local Government Debt, Financing Platform and Fiscal Risk",Ying Wang; Pan Wenjie,2019,International Business Research,10.5539/ibr.v12n3p40,https://doi.org/10.5539/ibr.v12n3p40,article,
LGFV-02,lgfv_exit_transformation,openalex,The Spatial Correlation Effect of Real-Estate Financial Risk in China: A Social Network Analysis,XU Yun-song; Jiaqi Li; Hanying Qi,2022,Sustainability,10.3390/su14127085,https://doi.org/10.3390/su14127085,article,
LGFV-03,lgfv_exit_transformation,crossref,土地财政转型背景下地方政府、建筑业与房地产市场关系重构研究,俊平 佘,2026,现代经济管理,10.33142/mem.v7i2.19512,https://doi.org/10.33142/mem.v7i2.19512,journal-article,<jats:p>在存量开发时代，以“土地引资、财政驱动、地产繁荣”为核心的旧循环难以为继。文中聚焦于土地财政转型这一核心背景，系统剖析地方政府、建筑业与房地产市场之间深度耦合关系的断裂与重构。研究发现，传统的土地出让收入下降迫使地方政府从“土地财政”向“产业财政”转型，进而驱动建筑业从粗放式建设向绿色化、数字化运维升级。同时，房地产市场也由金融属性向居住属性回归。文中旨在通过构建三者协同发展的新逻辑框架，为防范化解债务风险、推动建筑业与房地产业高质量发展提供理论支撑与政策建议。</jats:p>
LGFV-03,lgfv_exit_transformation,crossref,地方政府的经验,,2022,为可持续发展 管理基础设施资产,10.18356/9789210010566c016,https://doi.org/10.18356/9789210010566c016,book-chapter,
LGFV-03,lgfv_exit_transformation,crossref,浅析地方特色文化资源融入高校思政课——以哈密市为例,,2025,教育科学文献,10.62662/kxwxz0207039,https://doi.org/10.62662/kxwxz0207039,journal-article,
LGFV-03,lgfv_exit_transformation,crossref,关于地铁轨道板精调倾斜设站研究与信息化平台管理方法,柴 剑平,2022,城市建设理论研究-市政工程,10.26789/szgc.v7i3.839,https://doi.org/10.26789/szgc.v7i3.839,journal-article,<jats:p>中国轨道交通不断发展，高铁调板技术也日益成熟稳定，将高铁调板技术引入地铁，极大的提高了地铁施工的进度和质量。地铁轨道板精调倾斜设站打破了传统的设站方式，也提高了轨道板精调的效率；信息化管理平台为管控施工质量和进度提供了保障，也为后期维护提供了数据基础。</jats:p>
LGFV-03,lgfv_exit_transformation,crossref,数字化转型下保险资管估值系统重构与操作风险控制范式转变——基于中国香港地区市场的中后台运营视角,,2026,经济与社会科学,10.64216/3104-9699.26.02.033,https://doi.org/10.64216/3104-9699.26.02.033,journal-article,
LGFV-03,lgfv_exit_transformation,crossref,地方红色文化资源融入高校思政课教学研究——以山东青岛市为例,,2024,智慧教育,10.69979/3029-2735.24.3.030,https://doi.org/10.69979/3029-2735.24.3.030,journal-article,
LGFV-03,lgfv_exit_transformation,crossref,《全球金融稳定报告》，2014年4月,,2014,,10.5089/9787504973269.082,https://doi.org/10.5089/9787504973269.082,edited-book,<jats:p>2014年4月《全球金融稳定报告》指出，尽管已取得诸多进展，全球金融体系仍处于一个过渡阶段，金融稳定状况远未恢复至正常水平。发达经济体和新兴市场经济体都需要成功实现从流动性驱动型市场向增长驱动型市场的转变。要实现这一转变，需要多方面的共同努力，其中包括：美国货币政策的正常化；新兴市场经济体的金融再平衡；欧元区一体化进程的进一步推进；以及日本“安倍经济学”的持续实施。报告还分析了投资者结构变化和金融深化对新兴市场经济体的影响，并探讨了被认为“大而不能倒”银行的问题，提出了这些银行所获得的隐性融资补贴规模的新估计值。</jats:p>
LGFV-03,lgfv_exit_transformation,crossref,政府投资市政工程建设单位全流程管理探讨——以永嘉县政府投资市政工程为例,金晨来 金晨来,2025,Journal of Engineering and Technology Management,10.62989/jetm.2025.2.4.30,https://doi.org/10.62989/jetm.2025.2.4.30,journal-article,<jats:p/>
LGFV-03,lgfv_exit_transformation,crossref,中央和地方政府农地转用审批动力机制及其差异,龙开胜; LONG Kaisheng; 杜薇; DU Wei,2017,资源科学,10.18402/resci.2017.02.02,https://doi.org/10.18402/resci.2017.02.02,journal-article,
LGFV-03,lgfv_exit_transformation,crossref,Towards a Public Service Oriented e-Learning Platform——e-Government Transformation,智 李,2012,Modern Management,10.12677/mm.2012.24025,https://doi.org/10.12677/mm.2012.24025,journal-article,
LGFV-03,lgfv_exit_transformation,crossref,地方政府主导农地流转对农户转入规模与粮食单产的影响&amp;#x02014;&amp;#x02014;以江苏省五地市为例,王雪琪; WANG Xueqi; 邹伟; 朱高立; 曹铁毅; ZOU Wei; ZHU Gaoli; CAO Tieyi,2018,资源科学,10.18402/resci.2018.02.09,https://doi.org/10.18402/resci.2018.02.09,journal-article,
LGFV-03,lgfv_exit_transformation,crossref,建立公民服务导向式数字学习平台——电子化政府转型&lt;br&gt;Towards a Public Service Oriented e-Learning Platform——e-Government Transformation,李 智,2012,Modern Management,10.4236/mm.2012.24025,https://doi.org/10.4236/mm.2012.24025,journal-article,
LGFV-03,lgfv_exit_transformation,crossref,新时期土地利用转型及土地资源管理方法研究,海宁 苗,2024,智能城市应用,10.33142/sca.v7i12.14737,https://doi.org/10.33142/sca.v7i12.14737,journal-article,<jats:p>土地是经济发展的基本资源，其利用方式和管理模式对社会发展具有深远的影响。在新的发展阶段，土地资源的管理不仅要满足经济建设的需求，还要协调环境保护、社会公平等多方面的利益。在我国，随着城市化进程的加速，土地利用面临着诸多挑战，如耕地减少、城乡发展不平衡、资源浪费等问题。因此，探索新时期土地利用转型及土地资源管理的新方法，具有重要的现实意义。</jats:p>
LGFV-03,lgfv_exit_transformation,crossref,农地转出前后农户福利变化及差异研究&amp;#x02014;&amp;#x02014;以关天经济区政府主导型农地流转为例,廖沛玲; LIAO Peiling; 赵健; 夏显力; ZHAO Jian; XIA Xianli,2018,资源科学,10.18402/resci.2018.07.04,https://doi.org/10.18402/resci.2018.07.04,journal-article,
LGFV-03,lgfv_exit_transformation,crossref,自然资源确权中的地方政府角色与责任研究,贾梅玲,2024,城市建筑与发展,10.37155/2717-557x-0511-53,https://doi.org/10.37155/2717-557x-0511-53,journal-article,
LGFV-03,lgfv_exit_transformation,crossref,数字化转型背景下民族地区学前数字教育资源公共服务平台建设的路径研究,代承赟 胡钦，彭磊，杨蔓，游珍，胡婷婷,2026,东方教育学刊,10.64216/3080-1494.26.02.026,https://doi.org/10.64216/3080-1494.26.02.026,journal-article,
LGFV-03,lgfv_exit_transformation,crossref,构建高水平社会主义市场经济体制视域下的政府经济职能转变研究,,2026,社会经济导刊,10.64216/3080-1486.26.04.057,https://doi.org/10.64216/3080-1486.26.04.057,journal-article,
LGFV-03,lgfv_exit_transformation,crossref,地方政府职能转变的困境及对策研究——以S市为例,尹桂莲,2025,社会科学研究与实践,10.63887/ssrp.2025.1.3.26,https://doi.org/10.63887/ssrp.2025.1.3.26,journal-article,<jats:p>地方政府是国家政治体系中一个重要的组成部分，再国家政府体系中起着上传下达的作用，它关系着国家政权和治理体系流向基层、治理方法和手段落到实处、能否反应出政府治理效果。地方政府想要更好的为国家和民众服务需要转变政府的职能，地方政府职能的转变是我国政府治理体系和治理能力现代化的重要环节。因此，地方政府如何转变政府职能，提高政府效能与服务成为本文研究的重点。政府职能体系的转变和实施不仅成为我国行政体系改革的关键，而且也成为政府机构改革的核心和主要任务。</jats:p>
LGFV-03,lgfv_exit_transformation,crossref,数字治理全方位赋能政府数字化转型,舒宇鸿,2023,电子通信与计算机科学,10.37155/2717-5170-0505-33,https://doi.org/10.37155/2717-5170-0505-33,journal-article,
LGFV-03,lgfv_exit_transformation,crossref,政府投资引导基金子基金退出路径分析,,2026,社会经济导刊,10.64216/3080-1486.26.05.024,https://doi.org/10.64216/3080-1486.26.05.024,journal-article,
LGFV-03,lgfv_exit_transformation,crossref,“大思政课”背景下地方文化资源融入民办高校大学生爱国主义教育的路径研究—— 以广州市红色文化资源为例,家莹 陈,2025,Educational Theory and Research,10.61369/etr.11625,https://doi.org/10.61369/etr.11625,journal-article,<jats:p>在&amp;ldquo;大思政课&amp;rdquo;构建的大背景下，把地方文化资源融入到民办高校大学生爱国主义教育之中，这既是一种必然的要求，也是一条必经之路，更是一项必要的举措。通过对广州市红色文化资源进行调研分析后可知，文化资源的融入面临着诸多问题，像内容的组织开发力度不足、融入方式欠缺实践性、相关机制缺乏系统性以及所处环境还需要优化等等情况。所以，必须从发掘资源、创建平台、建立机制、打造氛围这四个方面切入，切实提升民办大学生爱国主义教育的实际效能，推动&amp;ldquo;大思政课&amp;rdquo;课程理念真正落地实施。</jats:p>
LGFV-03,lgfv_exit_transformation,crossref,工业互联网平台数字化转型与资金支持研究,付杰 朱; 强 刘; 芳 贾,2024,Society and Economy,10.61369/se.8475,https://doi.org/10.61369/se.8475,journal-article,<jats:p>工业互联网平台作为工业数字化转型的关键枢纽，其数字化发展水平直接影响工业数字化进程。然而，平台数字化转型是一项复杂的系统工程，对资金需求量大。本文基于工业互联网平台数字化转型实践，分析了资金支持在平台基础设施建设、人才引进培养、数据资源整合应用等方面的重要价值，剖析了当前平台转型面临的政府引导资金不足、金融支持乏力、自身造血能力弱、社会资本参与度低等资金困境。进而提出完善政府引导基金机制、创新金融产品与服务、建立多元化投融资体系、健全风险分担机制等资金支持策略，以期为破解平台数字化转型的资金瓶颈提供参考。</jats:p>
LGFV-03,lgfv_exit_transformation,crossref,利率市场化下私人银行资产配置业务转型研究,,2026,社会企业经济发展,10.69979/3029-2700.26.07.029,https://doi.org/10.69979/3029-2700.26.07.029,journal-article,
LGFV-03,lgfv_exit_transformation,crossref,数字化转型背景下企业人力资源管理效率提升路径研究,巍 刘,2025,国际市场,10.61654/zzgjsc0406,https://doi.org/10.61654/zzgjsc0406,journal-article,"<jats:p>在数字技术快速迭代与产业转型升级的双重驱动下,数字化转型已成为企业提升核心竞争力、实现高质量发展的必由之路。人力资源管理作为企业管理的核心环节,其效率直接影响企业人才储备、组织活力与战略落地效果。当前,传统人力资源管理模式存在流程繁琐、数据割裂、决策滞后、协同不足等问题,难以适配数字化转型对人才管理的精细化、智能化、高效化需求。本文围绕数字化转型背景下企业人力资源管理效率提升展开研究,梳理数字化转型对人力资源管理的核心影响,分析当前人力资源管理效率存在的突出问题,探索针对性的提升路径,为企业依托数字化手段优化人力资源管理、提升管理效率、适配转型发展提供理论参考与实践支撑。</jats:p>"
LGFV-03,lgfv_exit_transformation,crossref,平台经济下家政从业者工作模式转型研究——基于北京地区的实证研究,森园 马,2025,公众与政策,10.54254/3050-2160/2025.27006,https://doi.org/10.54254/3050-2160/2025.27006,journal-article,<jats:p>随着平台经济的纵深发展，家政服务业这一兼具传统劳动特性和数字化革新特征的行业正面临着结构性转型。本研究以北京地区为研究场域，采用深度访谈法，系统考察互联网平台对家政从业者劳动实践、职业身份与社会关系的重构机制。研究发现，平台化家政服务呈现出技术驱动下的劳动过程重组、就业形态弹性化增强以及劳动关系非标准化等典型特征，也伴随着社会保障缺位、职业发展通道阻滞等制度性困境。</jats:p>
LGFV-03,lgfv_exit_transformation,crossref,湖南地域文化与科技融合下的思想政治教育新平台构建,张平; 韩璀璀,2025,社会科学前沿,10.63887/fss.2025.1.5.69,https://doi.org/10.63887/fss.2025.1.5.69,journal-article,<jats:p>在信息技术深度融入教育领域的时代背景下，探索地域文化与前沿科技融合赋能思想政治教育，具有重要的理论和实践价值。本文聚焦湖南地域文化特色，深入分析其与科技手段结合构建思想政治教育新平台的必要性与可行性。研究认为，充分挖掘湖湘文化中蕴含的红色基因、经世致用精神和多元民族文化资源，并借助虚拟现实（VR）、增强现实（AR）、大数据分析、人工智能（AI）及融媒体等现代科技，能够突破传统思政教育在时空、形式与互动性上的局限，打造沉浸式、个性化、互动性强的教育新场域，有效提升思政教育的时代感、吸引力与实效性，为新时代思政教育创新发展提供“湖南方案”。</jats:p>
LGFV-03,lgfv_exit_transformation,crossref,科技成果转化中的“最后一公里”困境及政府与市场协同推进路径探讨,,2025,工程技术论坛,10.64216/3080-1508.25.10.092,https://doi.org/10.64216/3080-1508.25.10.092,journal-article,
LGFV-03,lgfv_exit_transformation,crossref,BIM 轻量化技术在 CIM 平台中的应用,邱 文健,2022,城市建设理论研究—市政工程,10.26789/szgc.2021.12.004,https://doi.org/10.26789/szgc.2021.12.004,journal-article,<jats:p>目前，中国大力建设城市级别CIM平台，而BIM模型作为基础的源数据，由于体量大、构件多等特点，难以在城市级平台中发挥应有的作用。论文梳理BIM轻量化的主流处理方式，并以在研项目为例，提出BIM轻量化的实现路径及应用方法。</jats:p>
LGFV-03,lgfv_exit_transformation,crossref,私募股权投资市场退出机制的探讨,丕炜 赵,2024,现代经济管理,10.33142/mem.v5i3.12824,https://doi.org/10.33142/mem.v5i3.12824,journal-article,<jats:p>私募股权投资在我国发展时间不长，相关的退出市场方式和流程在实际操作中尚需要完备之处。文中分析了私募股权投资常见的退出市场方式，以及不同方式的特点和异同，并尝试提出了寻找退市最优解和防范退市风险的路径。</jats:p>
LGFV-03,lgfv_exit_transformation,crossref,电子政务平台在政府治理现代化中的价值和限度,嘉煊 张,2025,公众与政策,10.54254/3050-2160/2025.21912,https://doi.org/10.54254/3050-2160/2025.21912,journal-article,<jats:p>本文探讨了电子政务平台在政府治理现代化中的价值和限度。文章首先指出电子政务平台兴起的背景，以及其在政府治理中的重要性，接着分析了其对政府治理模式的革新及在政府治理现代化中的价值，包括提升政府效能、增强透明度、促进公民参与、优化资源配置和推动社会治理创新。此外，文章还讨论了电子政务平台面临的限度，如数据安全、数字鸿沟、跨部门协同和信息共享、法律法规等问题，并提出了相应建议。最后，展望了人工智能与电子政务平台结合发展的前景。</jats:p>
LGFV-03,lgfv_exit_transformation,crossref,AI 助力红色资源融入大中小学课程：一体化教学模式的数字化转型,,2025,,10.65113/jiaoyu1049,https://doi.org/10.65113/jiaoyu1049,posted-content,
LGFV-03,lgfv_exit_transformation,crossref,资产管理的动态性,,2022,为可持续发展 管理基础设施资产,10.18356/9789210010566c008,https://doi.org/10.18356/9789210010566c008,book-chapter,
LGFV-03,lgfv_exit_transformation,crossref,资产管理的基本宗旨,,2022,为可持续发展 管理基础设施资产,10.18356/9789210010566c007,https://doi.org/10.18356/9789210010566c007,book-chapter,
LGFV-03,lgfv_exit_transformation,crossref,Digitization and Financing Ability of Real Estate Enterprises,卓 李,2025,Statistics and Application,10.12677/sa.2025.144115,https://doi.org/10.12677/sa.2025.144115,journal-article,
LGFV-03,lgfv_exit_transformation,crossref,缩略语,,2022,为可持续发展 管理基础设施资产,10.18356/9789210010566c005,https://doi.org/10.18356/9789210010566c005,book-chapter,
LGFV-03,lgfv_exit_transformation,crossref,术语表,,2022,为可持续发展 管理基础设施资产,10.18356/9789210010566c006,https://doi.org/10.18356/9789210010566c006,book-chapter,
LGFV-03,lgfv_exit_transformation,crossref,资源型城市转型发展思考--以煤炭资源型城市为例,伟 姜,2019,经济学,10.32629/ej.v2i6.331,https://doi.org/10.32629/ej.v2i6.331,journal-article,"<jats:p>近些年来,经济快速发展的同时,以资源消耗为主的城市,经济可持续发展面临巨大挑战。社会市场经济转型发展背景下,资源型城市如何与时俱进,保持良好经济发展态势,是社会市场经济转型稳定发展的重大课题。本文主要围绕资源型城市转型发展展开一系列分析。</jats:p>"
LGFV-03,lgfv_exit_transformation,crossref,西方经济学市场和政府关系的理论演进,岑 徐,2024,International Economy and Development,10.61369/ied.9315,https://doi.org/10.61369/ied.9315,journal-article,<jats:p>本文系统回顾了西方经济学政府与市场关系之间的历史演进脉络，聚焦政府职能的界定以及政府职能如何高效发挥。政府与市场关系既有政府主动引导和培育市场的一面，也有市场推动政府进行职能转变的一面，两者互为补充，相互融合，从而共同推动经济的发展和治理的现代化。西方主流经济学关于政府与市场关系的演进从自由放任到注重政府与市场协同作用，核心在于合理界定政府职能边界，优化市场调控，以实现效率与公平的平衡。</jats:p>
LGFV-03,lgfv_exit_transformation,crossref,资源型城市转型背景下大庆市民幸福感提升路径研究,,2026,东方教育学刊,10.64216/3080-1494.26.07.117,https://doi.org/10.64216/3080-1494.26.07.117,journal-article,
LGFV-03,lgfv_exit_transformation,crossref,Research on the Strategy Selection of Industrial Internet Platform Empowering the Digital Transformation of SMES under the Participation of the Government,国顺 付,2025,E-Commerce Letters,10.12677/ecl.2025.142559,https://doi.org/10.12677/ecl.2025.142559,journal-article,
LGFV-03,lgfv_exit_transformation,crossref,资产管理行动计划(AMAP) 模版,,2022,为可持续发展 管理基础设施资产,10.18356/9789210010566c015,https://doi.org/10.18356/9789210010566c015,book-chapter,
LGFV-03,lgfv_exit_transformation,crossref,基于LDA模型的地方政府工作报告政策组合分析,权宽 曹,2024,公众与政策,10.54254/3050-2160/2/2024015,https://doi.org/10.54254/3050-2160/2/2024015,journal-article,<jats:p>新质生产力的形成与发展离不开地方政府科学、有效的政策组合的支撑，为探究地方政府工作报告中政策组合关注重点及变化趋势，本文通过对全国2010-2022年期间地级市政府工作报告的文本分析，使用LDA模型及JS散度的计算方法，识别出地方政府工作报告中政策组合主题及其演变特征，总结政策组合主题各时期变化特点及背后可能的原因，并提出要重视地方政府政策组合的导向作用，形成科学有效的政策体系，助力我国经济高质量发展，加快形成新质生产力。</jats:p>
LGFV-03,lgfv_exit_transformation,crossref,智慧景区运营平台的数字化转型方法研究,黄少华; 谷　山,2025,电子通信与计算机科学,10.37155/2717-5170-0711-61,https://doi.org/10.37155/2717-5170-0711-61,journal-article,
LGFV-03,lgfv_exit_transformation,crossref,审计推动财政资金支出绩效提升对策的研究,艳 白,2025,国际市场,10.61654/zzgjsc0110,https://doi.org/10.61654/zzgjsc0110,journal-article,"<jats:p>在财政治理现代化持续推进的背景下,财政资金支出绩效成为衡量财政管理水平的核心指标,审计作为财政资金监督的关键手段,在规范资金使用、提升资金效益方面发挥着不可替代的作用。面对财政资金使用链条长、监管环节多、绩效提升压力持续加大的现实情况,本文立足当前财政资金管理与审计工作实践,梳理审计对财政资金支出绩效提升的核心作用,分析当前绩效审计开展过程中存在的现实问题,结合财政管理改革要求提出针对性优化对策,为完善财政绩效审计体系、推动财政资金提质增效提供参考。</jats:p>"
LGFV-03,lgfv_exit_transformation,crossref,论小型市政排水管设计地下管线资料情况的重要性及取得方法,明霞 崔,2019,建筑技术研究,10.32629/btr.v2i8.2479,https://doi.org/10.32629/btr.v2i8.2479,journal-article,"<jats:p>本文主要阐述了小型市政排水管线设计中遇到的地下管线资料不全的情况所产生的问题,充分说明了地下管线资料不全不但对于大型工程很重要,相对于小型的、距离短的市政排水项目也是同等重要,而对于地下管线资料的取得也是有一定方法的。</jats:p>"
LGFV-03,lgfv_exit_transformation,crossref,ArcGIS 平台大地坐标向高斯平面坐标转换方法研究,娟 牛,2020,测绘与勘探,10.36012/se.v2i1.1180,https://doi.org/10.36012/se.v2i1.1180,journal-article,<jats:p>坐标转换是工程测绘中常见的工作，目前中国开展测绘工程所使用的坐标系是椭球分带高斯坐标系、独立坐标系和地方坐标系 3 种。而测绘工作得到的初始坐标系是由GPS 测量所得的大地经纬度坐标系，因此，需要将原有的坐标系转换为符合国家标准的坐标系。论文对经纬度坐标系向高斯坐标系的转换方式进行了研究。</jats:p>
LGFV-03,lgfv_exit_transformation,crossref,评估资产管理的需求和能力,,2022,为可持续发展 管理基础设施资产,10.18356/9789210010566c009,https://doi.org/10.18356/9789210010566c009,book-chapter,
LGFV-03,lgfv_exit_transformation,crossref,官僚腐败、性别平等和性别分层：来自肯尼亚各级地方政府医疗保健融资政策流程中的证据,,2026,犯罪与社会问题 第十一卷，2025年,10.18356/9789211547214c004,https://doi.org/10.18356/9789211547214c004,book-chapter,
LGFV-03,lgfv_exit_transformation,crossref,"The Transformation Government Function to Optimize Business Environment, Based on the Mechanism of the Government, Market and Society Mutually Embedded Analysis Framework",明锋 邓,2023,Advances in Social Sciences,10.12677/ass.2023.124244,https://doi.org/10.12677/ass.2023.124244,journal-article,
LGFV-03,lgfv_exit_transformation,crossref,政务数据开放平台数据价值转化的现实困境与优化路径研究,雪花 李,2026,公众与政策,10.54254/3050-2160/2026.33596,https://doi.org/10.54254/3050-2160/2026.33596,journal-article,<jats:p>随着数字政府建设推进，政务数据开放平台已成为公共数据共享与利用的重要载体，但其价值转化效果仍不理想。基于“数据价值链”视角，本文从供给、流通与应用三个环节分析其运行困境。研究发现，平台普遍存在高质量数据供给不足、供需对接不畅及应用场景单一等问题；其成因主要在于数据权属不清、部门协同不足、市场参与缺位以及数据安全与利用的平衡约束。针对上述问题，本文从制度、管理、生态与技术层面提出优化路径，推动由单向供给向多方协同转变，以提升平台效能并促进数据价值释放。</jats:p>
LGFV-03,lgfv_exit_transformation,openalex,城市化进程中土地财政依赖度对区域经济发展的影响研究,暴晓林,2025,城市建筑与发展,10.37155/2717-557x-0617-57,https://doi.org/10.37155/2717-557x-0617-57,article,
LGFV-03,lgfv_exit_transformation,openalex,市政基础设施建设融资模式创新,崔学伟,2024,城市建筑与发展,10.37155/2717-557x-0523-43,https://doi.org/10.37155/2717-557x-0523-43,article,
LGFV-03,lgfv_exit_transformation,openalex,Government Finance Statistics Manual 2014,Sage De Clerck; Tobias Wickens,2019,,10.5089/9781484383391.069,https://doi.org/10.5089/9781484383391.069,book,
LGFV-03,lgfv_exit_transformation,openalex,数字化转型对资源型企业新质生产力的影响,Shan YAN; Minggui ZHENG,2025,资源科学,10.18402/resci.2025.12.06,https://doi.org/10.18402/resci.2025.12.06,article,
LGFV-03,lgfv_exit_transformation,openalex,我国地方政府债务风险研究,王雪原; 王妍妍; 赵越; 张蕴晖,2025,Theory and Practice of Social Science,10.6914/tpss.070413,https://doi.org/10.6914/tpss.070413,article,
LGFV-03,lgfv_exit_transformation,openalex,Scenario simulation balancing multiple objectives for optimal land use allocation of the Beijing-Tianjin-Hebei megaregion,刘菁华 LIU Jinghua; 李伟峰 LI Weifeng; 周伟奇 ZHOU Weiqi; 韩立建 HAN Lijian; 钱雨果 QIAN Yuguo,2018,Acta Ecologica Sinica,10.5846/stxb201712312369,https://doi.org/10.5846/stxb201712312369,article,
LGFV-03,lgfv_exit_transformation,openalex,Digital Engineering and Its Ten Application Outlooks,TAO Fei; ZHANG Chenyuan; LIU Weiran; ZHANG He; MA Xin; GAO Pengfei; ZHANG Jiankang,2023,Journal of Mechanical Engineering,10.3901/jme.2023.13.193,https://doi.org/10.3901/jme.2023.13.193,article,
LGFV-03,lgfv_exit_transformation,openalex,积极老龄化视角下农村养老服务模式研究,Geli Fang,2026,管理科学研究,10.32629/jmsr.v5i1.20374,https://doi.org/10.32629/jmsr.v5i1.20374,article,
LGFV-03,lgfv_exit_transformation,openalex,The impact of financial agglomeration on green total factor productivity from the perspective of resource dependence,Lu YAO; Shuhua WANG; Rui FAN,2023,资源科学,10.18402/resci.2023.02.06,http://dx.doi.org/10.18402/resci.2023.02.06,article,
LGFV-03,lgfv_exit_transformation,openalex,从“赛场”到“市场”：大学生创新创业竞赛的转化困境与赋能机制研究,李学术; 楠 刘,2026,经济与管理发展研究,10.65196/08w7bm89,https://doi.org/10.65196/08w7bm89,article,
LGFV-03,lgfv_exit_transformation,openalex,我国农业全产业链绿色发展路径与对策研究,王 娟; 阿曼尼萨·毛拉图尔迪; 高 雄; 郭 娟,2024,城市建筑与发展,10.37155/2717-557x-0520-61,https://doi.org/10.37155/2717-557x-0520-61,article,
LGFV-03,lgfv_exit_transformation,openalex,基于 SEM 模型的吴江区银发经济与文旅康养融合发展路径研究,张惠媛,2025,人文与社会科学学刊,10.70693/rwsk.v1i10.1491,https://doi.org/10.70693/rwsk.v1i10.1491,article,
LGFV-03,lgfv_exit_transformation,openalex,"Regional inequality: Theoretical review, research progress, and prospects",XING Zuge; Canfei He,2024,地理科学进展,10.18306/dlkxjz.2024.09.012,https://doi.org/10.18306/dlkxjz.2024.09.012,article,
LGFV-03,lgfv_exit_transformation,openalex,以融促荣：青年铸牢中华民族共同体意识的贵州路径,家骏 廖,2025,中国现代教育学报,10.70693/jyxb.v1i2.50,https://doi.org/10.70693/jyxb.v1i2.50,article,
LGFV-03,lgfv_exit_transformation,openalex,The impact of public data access on the transformation of resource-based cities from the perspective of new quality productive forces,Bo Li; LIANG Duohan; YU Jian-hui,2024,资源科学,10.18402/resci.2024.10.01,https://doi.org/10.18402/resci.2024.10.01,article,
LGFV-03,lgfv_exit_transformation,openalex,Impact of differentiated urban land use tax policy on the efficiency of industrial land use,Qianlong ZHU; Ma Xianlei; Xiaoping Shi; Xu ZOU,2023,资源科学,10.18402/resci.2023.02.02,https://doi.org/10.18402/resci.2023.02.02,article,
LGFV-03,lgfv_exit_transformation,openalex,Mechanism of impact and spatial effects of digital economy in enhancing tourism economic resilience,ZHU Jingmin; Xiaoli Lü,2024,地理科学进展,10.18306/dlkxjz.2024.10.008,https://doi.org/10.18306/dlkxjz.2024.10.008,article,
LGFV-03,lgfv_exit_transformation,openalex,绿色金融支持农村经济高质量发展的路径研究,武秉蓉,2025,Theory and Practice of Social Science,10.6914/tpss.070411,https://doi.org/10.6914/tpss.070411,article,
LGFV-03,lgfv_exit_transformation,openalex,数字经济下科技创新和产业创新深度融合的税费政策优化,锦阳 曹,2025,公共经管学报,10.64224/trnc4878,https://doi.org/10.64224/trnc4878,article,
LGFV-03,lgfv_exit_transformation,openalex,山东省社区体育公共服务体系的构建逻辑与效能提升,腾 张; 小宁 王; 政 尹,2026,人文与社会科学探索,10.65196/b275xe71,https://doi.org/10.65196/b275xe71,article,
LGFV-03,lgfv_exit_transformation,openalex,数字化转型对旅游企业绩效的影响——基于社会责任的调节作用,王仕锴; 宁馨; 许碧琴; 陈宗群,2025,中国科学与技术学报,10.70693/cjst.v1i1.894,https://doi.org/10.70693/cjst.v1i1.894,article,
LGFV-03,lgfv_exit_transformation,openalex,Impact of producer services agglomeration on carbon emission efficiency: An analysis based on the data of enterprises in 108 cities of the Yangtze River Economic Belt,Tianzheng JI; Hongbing DENG; Tianling Zhang,2023,资源科学,10.18402/resci.2023.01.03,http://dx.doi.org/10.18402/resci.2023.01.03,article,
LGFV-03,lgfv_exit_transformation,openalex,双循环格局中保险业服务实体经济路径：风险保障与资本融通创新,张瑶; 张政,2025,经济管理前沿,10.63887/fem.2025.1.3.16,https://doi.org/10.63887/fem.2025.1.3.16,article,
LGFV-03,lgfv_exit_transformation,openalex,基于数字化转型视角下新能源行业ESG表现对企业价值的影响研究,田静月,2025,经济管理前沿,10.63887/fem.2025.1.7.64,https://doi.org/10.63887/fem.2025.1.7.64,article,
LGFV-03,lgfv_exit_transformation,openalex,The mechanism of urban-rural integrated development based on the “population-land-capital” factor flow: A case study of Jiangxi Province,YANG Jie; GE Dazhuan; SUN Pan; YUAN Ziyi,2025,资源科学,10.18402/resci.2025.01.09,https://doi.org/10.18402/resci.2025.01.09,article,
LGFV-03,lgfv_exit_transformation,openalex,海东生态文明视角下城市建设路径研究,妙春 叶,2022,智能城市应用,10.33142/sca.v5i5.7315,https://doi.org/10.33142/sca.v5i5.7315,article,
LGFV-03,lgfv_exit_transformation,openalex,The impact of flow economy on innovative development of tourism resources: Hot reaction and cold thinking,Ming-shui LIN; X. Hu; Yong Yang; Y.F. Zou; Ren Wang; Hua-jun LIU; Ganghua Chen; Xue-ji WANG; Shi-hua CHEN; Juan Lin; Honglei Zhang,2023,自然资源学报,10.31497/zrzyxb.20230904,http://dx.doi.org/10.31497/zrzyxb.20230904,article,
LGFV-03,lgfv_exit_transformation,openalex,非营利组织向社会企业转型的困境与对策 ——以广州市A机构为例,何静; 段舸,2025,人文与社会科学学刊,10.70693/rwsk.v1i6.1115,https://doi.org/10.70693/rwsk.v1i6.1115,article,
LGFV-03,lgfv_exit_transformation,openalex,高等教育扩招、劳动力市场分割与大学生“慢就业”现象成因探析,龙志强,2025,社会科学研究与实践,10.63887/ssrp.2025.1.6.50,https://doi.org/10.63887/ssrp.2025.1.6.50,article,
LGFV-03,lgfv_exit_transformation,openalex,铁门关市城镇化发展路径研究,王盼,2025,经济管理前沿,10.63887/fem.2025.1.3.4,https://doi.org/10.63887/fem.2025.1.3.4,article,
LGFV-03,lgfv_exit_transformation,openalex,Research progress on the market-oriented investment in ecological remediation for the realization of ecological product value,刘焱序 韩宇,2023,Acta Ecologica Sinica,10.5846/stxb202202130345,http://dx.doi.org/10.5846/stxb202202130345,article,
LGFV-03,lgfv_exit_transformation,openalex,Spatial pattern and mechanism of population density change in the built-up areas of the Beijing-Tianjin-Hebei region,Yanfei Wang; Dingxiang ZHANG; Tingting Li,2023,资源科学,10.18402/resci.2023.04.15,http://dx.doi.org/10.18402/resci.2023.04.15,article,
LGFV-03,lgfv_exit_transformation,openalex,From Buzzword to Biz World: R ealizing B lockchain’s P otential in the I nternational B usiness C ontext,Du Juan; Bo Bernhard Nielsen; Catherine Welch,2023,California Management Review,10.1177/00081256231202266,https://doi.org/10.1177/00081256231202266,article,
LGFV-03,lgfv_exit_transformation,openalex,乡村振兴背景下县域新型城镇化发展问题的研究,马骞宇,2024,园林建设与城市规划,10.37155/2717-5162-0604-5,https://doi.org/10.37155/2717-5162-0604-5,article,
LGFV-03,lgfv_exit_transformation,openalex,A review and prospect of grassland ecological compensation and its impact on herders’ behavior,"Feng Han; Xin Zhang; ZHOU Rongzhu; 2. National Animal Husbandry Services, Beijing 100125, China",2024,资源科学,10.18402/resci.2024.08.01,https://doi.org/10.18402/resci.2024.08.01,article,
LGFV-03,lgfv_exit_transformation,openalex,绿色信贷政策对于重污染企业绿色双元性创新的影响,雯清 郝,2024,现代经济管理,10.33142/mem.v5i2.11773,https://doi.org/10.33142/mem.v5i2.11773,article,
LGFV-03,lgfv_exit_transformation,openalex,Impact of the establishment of National Key Ecological Functional Areas on the rural residents’ income: Empirical analysis based on PSM-DID,Zhe Yang; Qingqing LI; Wenhao XUE,2023,资源科学,10.18402/resci.2023.01.11,http://dx.doi.org/10.18402/resci.2023.01.11,article,
LGFV-03,lgfv_exit_transformation,openalex,Research progress on digitalization of cultural heritage and digital tourism visualization service technology,Qingsheng Li; Ting Ni; Xin Luo; Jiawen Zheng; Fan Yang; Li Zhang; Zhigeng Pan; Meili Wang,2025,Journal of Image and Graphics,10.11834/jig.250033,https://doi.org/10.11834/jig.250033,article,
LGFV-03,lgfv_exit_transformation,openalex,电子商务中消费者权益保护问题研究,黄志,2025,经济管理前沿,10.63887/fem.2025.1.9.5,https://doi.org/10.63887/fem.2025.1.9.5,article,
LGFV-03,lgfv_exit_transformation,openalex,社会转型中的环境专业知识：社会科学的作用与责任,Jianan Guo,2026,香港文理研究院学报,10.71290/jas01030004,https://doi.org/10.71290/jas01030004,article,
LGFV-03,lgfv_exit_transformation,openalex,新型城镇化能否突破“胡焕庸线”——兼论“胡焕庸线”的地理学内涵,王开泳; 邓羽,2016,,10.11821/dlyj201605002,http://ir.igsnrr.ac.cn/handle/311030/41494,article,
LGFV-03,lgfv_exit_transformation,openalex,云南来华留学生跨文化适应性的影响因素及干预策略分析,Junwei Liu; Xiang Fan; Yu Guo,2025,香港文理研究院学报,10.71290/jas01020004,https://doi.org/10.71290/jas01020004,article,
LGFV-03,lgfv_exit_transformation,openalex,Nonlinear effects of tourism urbanization on rural revitalization in mountainous areas: Taking the Wuling Mountain area as an example,MA Mengyao; Tang Jianxiong,2024,地理科学进展,10.18306/dlkxjz.2024.05.008,https://doi.org/10.18306/dlkxjz.2024.05.008,article,
LGFV-03,lgfv_exit_transformation,openalex,From mosaic to relational place: Place transformation of tourism destinations,Yongming WANG; Meixia WANG; Jingxian TIAN,2023,地理科学进展,10.18306/dlkxjz.2023.12.009,https://doi.org/10.18306/dlkxjz.2023.12.009,article,
LGFV-03,lgfv_exit_transformation,openalex,大宗商品价格与经济增长之间的关系,劭逸 王; 仁华 胡,2023,现代经济管理,10.33142/mem.v4i3.10013,https://doi.org/10.33142/mem.v4i3.10013,article,
LGFV-03,lgfv_exit_transformation,openalex,边缘治理的制度挑战与路径重构：基于中国四川盐源县市场监管问题的质性研究,李超; 王棚; 邓景; 吕你色; 李渊,2025,人文与社会科学学刊,10.70693/rwsk.v1i9.1386,https://doi.org/10.70693/rwsk.v1i9.1386,article,
LGFV-03,lgfv_exit_transformation,openalex,Systematic effect of the green credit policy on the formation of new quality productive forces in resource-based enterprises,Cunfang Li; ZHUANG Jiarong; WANG Wenhu; Jie Zhao; Zhou Xing,2024,资源科学,10.18402/resci.2024.10.03,https://doi.org/10.18402/resci.2024.10.03,article,
LGFV-03,lgfv_exit_transformation,openalex,合法性、共识、信任与连接：解析公共危机中政府传播策略的四重维度,贾浩,2025,人文与社会科学学刊,10.70693/rwsk.v1i6.1059,https://doi.org/10.70693/rwsk.v1i6.1059,article,
LGFV-03,lgfv_exit_transformation,openalex,Research on the Mechanism of Collective Business Land Entering the Market for Integrated Urban-Rural Development—A Case Study of Nanhai Guangdong,彩容 吴,2025,Modern Management,10.12677/mm.2025.154081,https://doi.org/10.12677/mm.2025.154081,article,
LGFV-03,lgfv_exit_transformation,openalex,Rural spatial restructuring and its driving mechanism under the influence of tourism gentrification: A case study of Hanwang Village in Xuzhou City,GUO Siqi; Shi Chun-yun; QIAN Yuexiang; Fan Li,2024,地理科学进展,10.18306/dlkxjz.2024.05.009,http://dx.doi.org/10.18306/dlkxjz.2024.05.009,article,
DEBT-01,debt_resolution_recentralization,crossref,The paradox of recentralization: implicit fiscal decentralization and local government debt in China,Jialin Yu; Cong Zhang; Zhe Zhang,2026,Journal of Asian Public Policy,10.1080/17516234.2026.2677547,https://doi.org/10.1080/17516234.2026.2677547,journal-article,
DEBT-01,debt_resolution_recentralization,crossref,The Local Government Fiscal Imperative and Debt Financing in China,Yang He; Kun-Chin Lin; Ran Tao,,Fiscal and Debt Policies for the Future,10.1057/9781137269539.0011,https://doi.org/10.1057/9781137269539.0011,book-chapter,
DEBT-01,debt_resolution_recentralization,crossref,"Government Accounting Reform, Fiscal Transparency, and Local Government Debt: Evidence from China",Xihong Wan; Min Guo; Ping Jiang; Lei Xu,2024,,10.2139/ssrn.4896780,https://doi.org/10.2139/ssrn.4896780,posted-content,
DEBT-01,debt_resolution_recentralization,crossref,The Local Government Fiscal Imperative and Debt Financing in China,Yang He; Kun-Chin Lin; Ran Tao,2014,Fiscal and Debt Policies for the Future,10.1057/9781137269539_6,https://doi.org/10.1057/9781137269539_6,book-chapter,
DEBT-01,debt_resolution_recentralization,crossref,"Local Government Debt Swaps, Fiscal-Financial Governance, and Bank Risk in China",Ruowei Ma; Xueying Wang,2026,,10.21203/rs.3.rs-9346174/v1,https://doi.org/10.21203/rs.3.rs-9346174/v1,posted-content,"<title>Abstract</title>
                <p>
                  Amid rising implicit local government debt risks and tight fiscal–financial linkages, China’s debt swap program has become a key instrument for restructuring local liabilities and mitigating systemic risk. Using bank–region panel data for 2011–2024, this paper evaluates the impact of debt swaps on bank risk and identifies underlying mechanisms. The results indicate that debt swaps reduce bank risk on average, but the effects are highly heterogeneous: risk declines markedly for state-owned banks, whereas non-state-owned banks experience limited improvement. Moreover, higher debt-swap intensity strengthens the risk-reducing effect among state-owned banks. Mechanism tests reveal two channels. Ex ante, by shifting local government credit risk from implicit to explicit, debt swaps affect LGFV bond yield spreads, which transmit to bank soundness through differential exposure. Ex post, by resolving legacy non-standard assets, debt swaps lower non-performing loan ratios overall, although the marginal effect is weaker in regions with greater pre-existing non-standard exposure, consistent with path dependence. These findings highlight the structural nature of fiscal–financial risk transmission and provide empirical evidence to inform local debt governance and the coordination of financial regulation.
                  <bold>JEL:</bold>
                  G21 G28 E65
                </p>"
DEBT-01,debt_resolution_recentralization,crossref,Recentralization in China?,,2002,Managing Fiscal Decentralization,10.4324/9780203219997-21,https://doi.org/10.4324/9780203219997-21,book-chapter,
DEBT-01,debt_resolution_recentralization,crossref,"Governing Through Local Public Debt: Capital, Information, and Recentralization",Ruoying Chen,2026,,10.2139/ssrn.6969964,https://doi.org/10.2139/ssrn.6969964,posted-content,"<jats:p>The rapid expansion and ongoing restructuring of local government debt in China are reshaping the central-local relationship in profound and surprising ways. Contrary to the conventional narrative of decentralized actors circumventing law with periodic recentralization, this process in fact reflects a sophisticated form of centralization driven by key central institutions who have high financial literacy and strong technology capabilities. In initiating, managing, and restructuring local government debt, central authorities have adopted financial instruments and practices commonly used in modern lending and bond markets, enabling more precise and efficient allocation of financial capital and human capital. In addition to channelling capital flows, these mechanisms institutionalize the collection and reporting of granular, real-time investment and fiscal information that was previously possessed in a highly dispersed fashion and very costly to obtain and verify. The resulting system extends beyond centralized revenue and capital allocation, establishing standardized reporting routines and digital infrastructure that allow close and real time minoring of local investment and fiscal activities which could lead to micro-level intervention by central authorities. These user-friendly and low-cost markets and routines also reduce incentives for domestic actors to access overseas capital markets, increasing their reliance on central institutions and reinforcing central oversight. As China assumes a growing role in global sovereign lending and debt restructuring, the implications of this domestic centralization may extend beyond China's borders. While difficult for other countries to replicate due to institutional and technological costs, China's evolving domestic financial markets and players offer familiar but more accessible financing options and potential alternatives to sovereign borrowers seeking options that meet the needs of development financing as well as economic and political control by central authorities. With China increasing its export of products, services, technologies and now capital through lending and foreign direct investment, how China's governs through local public debt is no longer just a domestic matter with global implication. It's one of the most urgent inquiries about the world itself.</jats:p>"
DEBT-01,debt_resolution_recentralization,crossref,"Fiscal Hierarchical Reform, Intergovernmental Financial Decentralization and Regional Government Financing Disparity: Evidence from Debt of Local Government Financing Vehicles",Jiaxuan Liu,2022,China Journal of Economics,10.26599/cje.2022.9300303,https://doi.org/10.26599/cje.2022.9300303,journal-article,
DEBT-01,debt_resolution_recentralization,crossref,"A Perfect Storm: Fiscal Discipline, COVID, and Local Government Debt in China",Jean C. Oi; Jason M. Luo; Yunxiao Xu,2025,The China Journal,10.1086/734005,https://doi.org/10.1086/734005,journal-article,
DEBT-01,debt_resolution_recentralization,crossref,When Fiscal Discipline Pollutes: Evidence from China’s Local Government Debt Reform​,Gulcin Ozkan; Weijie Yang,2026,,10.2139/ssrn.7360826,https://doi.org/10.2139/ssrn.7360826,posted-content,"<jats:p>This paper examines the environmental consequences of fiscal consolidation using China’s 2014 Local Government Debt Reform (LGDR), which sharply tightened local government financing by restricting off-balance-sheet borrowing. Exploiting the staggered implementation of the reform across Chinese cities, we find that fiscal tightening significantly increased sulfur dioxide SO2 emissions. The increase in pollution arose because tighter financing constraints weakened local environmental governance by relaxing environmental enforcement, facilitating the entry of pollution-intensive firms, and discouraging green innovation. Importantly, these effects are strongest where local officials face greater promotion incentives and more intense growth-target competition, but substantially weaker where external environmental accountability is stronger. Overall, we find that fiscal reforms can generate unintended environmental costs when tighter financing constraints interact with political incentives, highlighting the importance of institutional incentives in shaping environmental governance in decentralized systems.</jats:p>"
DEBT-01,debt_resolution_recentralization,crossref,"Debt dynamics, fiscal deficit, and stability in government borrowing in India: a dynamic panel analysis",Panchanan Das,2017,Central and Local Government Relations in Asia,10.4337/9781786436870.00021,https://doi.org/10.4337/9781786436870.00021,book-chapter,
DEBT-01,debt_resolution_recentralization,crossref,"Exploring the Interrelationships between Public Health, Fiscal Decentralization, and Local Government Debt in China",Mingyao Cao; Keyi Duan; Mingyu Cao; Haslindar Ibrahim,2023,Healthcare,10.3390/healthcare11142103,https://doi.org/10.3390/healthcare11142103,journal-article,"<jats:p>This paper investigates the interrelationships among local government debt, fiscal decentralization, and public health. The investigation begins by constructing a theoretical model to analyze the inherent connections between these variables. Subsequently, an empirical analysis is conducted using data from China between 2015 and 2021. The findings demonstrate a bidirectional relationship between fiscal decentralization, local government debt, and public health. Specifically, it is observed that an increase in local government debt has adverse effects on both fiscal decentralization and public health, while fiscal decentralization has a positive impact on public health. These insights are consistently validated through rigorous regression methodologies, affirming the robustness and significance of these relationships.</jats:p>"
DEBT-01,debt_resolution_recentralization,crossref,The Formation Mechanism and Resolution Path of Local Government Debt Risks from the Perspective of Fiscal Decentralization,Xiaodan Li,2025,Frontiers in Economics &amp; Policy Modeling,10.64229/tqbane54,https://doi.org/10.64229/tqbane54,journal-article,"<jats:p>Against the backdrop of fiscal decentralization, the risk of local government debt has been continuously escalating. The rapid expansion of debt scale poses a significant threat to regional economic development and fiscal stability. This paper analyzes the profound impact of the fiscal decentralization system on the formation of local government debt risks, and dissects the role of key factors such as the mismatch between administrative responsibilities and financial powers, the abnormal fiscal incentive mechanism, and the flawed local debt management system in driving debt expansion. Based on constructing an effective debt risk prevention and control mechanism, this paper proposes diversified measures, including optimizing fiscal decentralization arrangements, improving local debt management mechanisms, strengthening financial resource guarantees, and enhancing risk early-warning mechanisms, to effectively enhance the local government's debt management capabilities and risk prevention skills, and promote sustainable fiscal development.</jats:p>"
DEBT-01,debt_resolution_recentralization,crossref,Bosnia and Herzegovina: Local Government Debt,Halko Basarić; Nina Branković; Lejla Lazović-Pita,2018,"Fiscal Decentralisation, Local Government and Policy Reversals in Southeastern Europe",10.1007/978-3-319-96092-0_6,https://doi.org/10.1007/978-3-319-96092-0_6,book-chapter,
DEBT-01,debt_resolution_recentralization,crossref,Recentralization in China?,Ehtisham Ahmad; Keping Li; Thomas Richardson,,Managing Fiscal Decentralization,10.4324/9780203219997_chapter_10,https://doi.org/10.4324/9780203219997_chapter_10,book-chapter,
DEBT-01,debt_resolution_recentralization,crossref,The fiscal risk of local government revenue in the People’s Republic of China,Ziying Fan; Guanghua Wan,2017,Central and Local Government Relations in Asia,10.4337/9781786436870.00015,https://doi.org/10.4337/9781786436870.00015,book-chapter,
DEBT-01,debt_resolution_recentralization,crossref,Can Fiscal Recentralization Strengthen Local Government? The Case of Thailand,Bruce Gilley; Sirisak Laochankham,2022,International Journal of Public Administration,10.1080/01900692.2022.2111580,https://doi.org/10.1080/01900692.2022.2111580,journal-article,
DEBT-01,debt_resolution_recentralization,crossref,4.2. Fiscal balances and government gross debt,,,,10.1787/518764171068,https://doi.org/10.1787/518764171068,component,
DEBT-01,debt_resolution_recentralization,crossref,How fiscal rules affect the cyclicality of local government debt? Evidence from China,Mingjuan Liao; Zhixin Liu; Yingying Xu,2025,Empirical Economics,10.1007/s00181-025-02736-x,https://doi.org/10.1007/s00181-025-02736-x,journal-article,
DEBT-01,debt_resolution_recentralization,crossref,Fiscal policy choices of local governments in China: Land finance or local government debt?,Yudan Cheng; Shanghui Jia; Huan Meng,2022,International Review of Economics &amp; Finance,10.1016/j.iref.2022.02.070,https://doi.org/10.1016/j.iref.2022.02.070,journal-article,
DEBT-01,debt_resolution_recentralization,crossref,Asymmetric Fiscal Multipliers of China-specific Local Government Special Bonds,Ruicheng Liang,2026,,10.2139/ssrn.6478332,https://doi.org/10.2139/ssrn.6478332,posted-content,"<jats:p>This paper investigates the time-varying fiscal multiplier of China-specific local government special bonds on household consumption and corporate profits. We employ a time-varying parameter vector autoregression model with stochastic volatility (TVP-VAR). Our results reveal a pronounced asymmetry in fiscal transmission with fiscal multiplier for corporate profits substantially larger than the multiplier for consumption. The effect on corporate profits is strong but short-lived. By contrast, consumption exhibits an initial negative response that gradually turns positive and becomes more persistent over time. Fiscal transmission exhibits slightly larger effects during the recent structural slowdown.</jats:p>"
DEBT-01,debt_resolution_recentralization,crossref,Fiscal Vulnerabilities and Risks from Local Government Finance in China,Yuanyan Zhang; Steven Barnett,,,10.5089/9781484349953.001.a001,https://doi.org/10.5089/9781484349953.001.a001,component,
DEBT-01,debt_resolution_recentralization,crossref,Local Government Debt and Corporate Cash Holdings: Evidence from China,Guanglong Zhang,2023,,10.2139/ssrn.4365199,https://doi.org/10.2139/ssrn.4365199,posted-content,"<jats:p>This study investigates the impact of China’s local government debt (LGD) on the cash holdings of local firms. We find that increased LGD raises local firm’ cash holdings considerably. This is because higher LGD impedes local firms’ access to external financing, especially bank loans, causing them to hold more cash as a precautionary measure. Our cross-sectional tests show that the impact of higher LGD is more pronounced for firms lacking financing privilege (i.e., non-state-owned enterprises and firms without political connections), firms located in provinces with a more advanced non-state-owned economy, and firms operating in cities with tighter bank credit supply. Furthermore, higher LGD causes local firms to adjust their cash holdings more slowly toward the target levels, and the market places a higher value on their cash holdings. Our findings provide new implications for the economic consequences of increased government debt and add to our understanding of corporate cash holding policies.</jats:p>"
DEBT-01,debt_resolution_recentralization,crossref,The impact of fiscal decentralization and intergovernmental competition on the local government debt risk: Evidence from China,Xuling Huo; Shulei Bi; Yushi Yin,2023,Frontiers in Environmental Science,10.3389/fenvs.2023.1103822,https://doi.org/10.3389/fenvs.2023.1103822,journal-article,"<jats:p>Based on the data of explicit debt and implicit debt of local governments in China from 2012 to 2020, this paper theoretically analyzes and empirically tests the spatial correlation effect of fiscal decentralization and intergovernmental competition on local government debt risk. It’s found that local government debt risk has obvious inertia effect in time and positive spatial correlation effect in space, and local fiscal spending decentralization and intergovernmental competition have a significant positive impact on the local government debt risk, as well as a positive spatial spillover effect. The research of this paper has very important policy implications for perfecting China’s decentralization system, standardizing the competition among governments, and preventing and defusing local government debt risks.</jats:p>"
DEBT-01,debt_resolution_recentralization,crossref,"Flood Risks and the Chinese Local Government Debt Crisis: Climate Shocks, Borrowing Behavior, and Fiscal Stress",Yongheng Deng; Lina Meng,2025,,10.2139/ssrn.5132565,https://doi.org/10.2139/ssrn.5132565,posted-content,
DEBT-01,debt_resolution_recentralization,crossref,"Local Fiscal Imbalances and Pollution Emissions:
Assessing the Vice Role of Local Government
Debt in China",Yuanlin Wu; Cunzhi Tian; Zijie Zhou,2025,Polish Journal of Environmental Studies,10.15244/pjoes/190375,https://doi.org/10.15244/pjoes/190375,journal-article,"<jats:p>Local government debt (LGD) has a crucial impact on the development of the economy. However,
the vice effects of local government debt bonds have also garnered attention in recent years. Local
governments lead the improvement and governance of regional pollution emissions. Therefore,
understanding the influencing mechanism of local government debt on the regional environment can
help us better comprehend the role of local government bonds. Using panel data on corporate pollution
emissions and local government debt in China from 2006 to 2013, we investigate the relationship
between local government debt and pollution emissions from enterprises. Our research suggests that
local government bonds have a U-shaped effect on firms’ pollution emissions. (2) The level of local
debt can impact the fiscal spending capacity of local governments, which in turn affects local pollution
emissions. (3) Local government debt impacts the environmental governance of non-state-owned or
financially constrained firms. This demonstrates that local government bonds can affect the government’s
fiscal capacity. (4) Local government debt can impact the governance of local governments, potentially
leading to relaxed regulations on corporate pollution emissions when faced with debt pressure.</jats:p>"
DEBT-01,debt_resolution_recentralization,crossref,Impact of Anti-Corruption on the Sustainability of Local Government Debt in China: The Moderating Role of Fiscal Transparency,Li Yang; Wenxiu Hu; Zhenxing Su; Jianqi Qiao,2024,Sustainability,10.3390/su16219507,https://doi.org/10.3390/su16219507,journal-article,"<jats:p>In the process of government management, officials may engage in rent-creation and rent-seeking within finance and debt management for personal gain, leading to corruption and jeopardizing government debt sustainability. Can anti-corruption effectively ameliorate this predicament? Based on the growing severity of global debt sustainability, 30 provincial-level administrative regions in China are used as research samples to explore the influence of China’s anti-corruption campaign targeting officials on local government debt sustainability and the moderating role of fiscal transparency. The results indicate that enhancing anti-corruption efforts will improve the sustainability of local government debt, while fiscal transparency will magnify this positive impact. Furthermore, regional heterogeneity analysis demonstrates that, in developed regions, the impact of anti-corruption on debt sustainability and the moderating impact of fiscal transparency have been bolstered by effective policy implementation. Our research findings not only unveil the influence of anti-corruption on local government debt sustainability and the crucial role of fiscal transparency, but also offer fresh insights to enable local government authorities to manage debt sustainably.</jats:p>"
DEBT-01,debt_resolution_recentralization,crossref,The Coordination of Monetary and Local Government Fiscal Policies and Local Fiscal Sustainability in China,Hanlin Xia; Lin Zhang,2025,Sustainability,10.3390/su17167555,https://doi.org/10.3390/su17167555,journal-article,"<jats:p>The growing importance of local governments, alongside the swift development of their bond markets, provides a novel framework for examining the coordination of monetary and local government fiscal policies in China. This investigation contributes a new viewpoint on local fiscal sustainability by emphasizing the role of policy coordination. Empirical evidence derived from regression models and proxy structural vector autoregression (Proxy SVAR) analyses conducted in this study substantiates the presence of coordination between monetary and local government fiscal policies in China; nevertheless, such coordination may pose risks to long-term local fiscal sustainability. Drawing on empirical data, this study utilizes a dynamic stochastic general equilibrium (DSGE) model that integrates key features characteristic of the Chinese economy to investigate the coordination of monetary and local government fiscal policies, as well as the effects of this coordination on local fiscal sustainability. The results derived from the baseline model indicate that although monetary and local fiscal policies in China are coordinated, such coordination facilitates the accumulation of local government debt, which ultimately compromises long-term local fiscal sustainability. Furthermore, the baseline model is extended and examined through multiple analytical approaches. When local government competition is introduced, monetary policy and local government fiscal policy become disconnected, which undermines local fiscal sustainability. Conversely, when local government cooperation is introduced, monetary policy and local government fiscal policy become more coordinated, which in turn improves local fiscal sustainability. Moreover, a higher steady-state debt level among local governments promotes greater coordination between monetary and fiscal policies, resulting in stronger fiscal sustainability. However, the imposition of debt constraints on local governments diminishes this coordination and adversely affects local fiscal sustainability. Additionally, in the absence of local financial friction, monetary and local fiscal policies exhibit increased coordination; however, this may potentially undermine long-term local fiscal sustainability. It is therefore imperative for the central government of China to prioritize the harmonization of monetary and local fiscal policies and to consider their implications for local fiscal sustainability, while simultaneously encouraging intergovernmental cooperation and the establishment of an integrated large-scale market.</jats:p>"
DEBT-01,debt_resolution_recentralization,crossref,Figure 2.6 General government fiscal balance and sovereign debt,,,,10.1787/888932993807,https://doi.org/10.1787/888932993807,component,
DEBT-01,debt_resolution_recentralization,crossref,Figure 2.7. General government fiscal and sovereign debt situation,,,,10.1787/888932569632,https://doi.org/10.1787/888932569632,component,
DEBT-01,debt_resolution_recentralization,crossref,Assessing Local Government Debt Risks in China: A Case Study of Local Government Financial Vehicles,Kunyu Tao,2015,China &amp; World Economy,10.1111/cwe.12125,https://doi.org/10.1111/cwe.12125,journal-article,"<jats:title>Abstract</jats:title><jats:p>Strong credit expansion in China after the recent global financial crisis has brought local government financial vehicles (LGFV) into the spotlight. Rapid growth of LGFV has triggered concern about local government indebtedness, banks' asset quality and, more broadly, China's medium‐term financial stability and sovereign risk. This paper constructs a unique firm‐level dataset to evaluate the country's local government debt. We find an uneven distribution of LGFV, which are concentrated in the coastal areas, and a deterioration of their debt repaying ability from 2010 to 2012. We use principal component analysis (PCA) along with multivariate discriminate analysis (MDA) to identify the credit risk of LGFV based on conventional financial variables as well as local governments' fiscal status. We also estimate the safe boundaries of debt bearing at the provincial government level. The estimations reveal more severe local government debt risks in the middle‐western provinces and higher risks associated with LGFV at the municipal and county levels. Although it is very unlikely that there will be a national debt crisis in China, the high risk of LGFV should be noted and effectively controlled by improving the fiscal transparency of local governments and reforming the fiscal system.</jats:p>"
DEBT-01,debt_resolution_recentralization,crossref,Figure 2.21 General government fiscal balance and sovereign debt,,,,10.1787/888932779411,https://doi.org/10.1787/888932779411,component,
DEBT-01,debt_resolution_recentralization,crossref,Local government debt and corporate asset-debt maturity mismatches: Evidence from China,Xi Wen; Wanli Li; Zhixuan Shen,2024,China Economic Review,10.1016/j.chieco.2024.102269,https://doi.org/10.1016/j.chieco.2024.102269,journal-article,
DEBT-01,debt_resolution_recentralization,crossref,Provincial and Local Governments in China:  Fiscal Institutions and Government Behavior,Roger Gordon; Wei Li,2011,,10.3386/w16694,https://doi.org/10.3386/w16694,report,
DEBT-01,debt_resolution_recentralization,crossref,"Conflict Resolution, Decentralization, and Recentralization",Satyajit Singh,2016,The Local in Governance,10.1093/acprof:oso/9780199468966.003.0002,https://doi.org/10.1093/acprof:oso/9780199468966.003.0002,book-chapter,
DEBT-01,debt_resolution_recentralization,crossref,"Fiscal Decentralization, Local Protection and Market Segmentation",Ma Guangrong,2026,The Benefits and Costs of Fiscal Decentralization in China,10.4324/9781003713258-4,https://doi.org/10.4324/9781003713258-4,book-chapter,
DEBT-01,debt_resolution_recentralization,crossref,"Local Government Debt, Financing Platform and Fiscal Risk",Wang Ying; Pan Wenjie,2019,International Business Research,10.5539/ibr.v12n3p40,https://doi.org/10.5539/ibr.v12n3p40,journal-article,"<jats:p>The excessive expansion of local financing platform as a substantive medium for local government borrowing has aggravated local government financial risks, which may induce systemic financial risks. Based on the current debt situation of the central and provincial governments, this paper uses different measurement models to calculate debt balance and default risks of the financing platforms. The results show that nearly one-third of the provinces may have potential financial risks, therefore the central government and local governments should work together and keep four kinds of balances in order to prevent and defuse risks.</jats:p>"
DEBT-01,debt_resolution_recentralization,crossref,"Fiscal decentralization, local government debt, and corporate innovation",Sen Li; Tiancheng Qi,2023,Finance Research Letters,10.1016/j.frl.2023.103764,https://doi.org/10.1016/j.frl.2023.103764,journal-article,
DEBT-01,debt_resolution_recentralization,crossref,Local Government Scale and Tax Enforcement,Ma Guangrong,2026,The Benefits and Costs of Fiscal Decentralization in China,10.4324/9781003713258-9,https://doi.org/10.4324/9781003713258-9,book-chapter,
DEBT-01,debt_resolution_recentralization,crossref,"Government Accounting Reform, Fiscal Transparency, and Local Government Debts: Evidence from China",Xihong Wan; Min Guo; Ping Jiang; Lei Xu,2023,,10.2139/ssrn.4661187,https://doi.org/10.2139/ssrn.4661187,posted-content,
DEBT-01,debt_resolution_recentralization,crossref,Government Extraction and Firm Size: Local Officials’ Responses to Fiscal Distress in China,Yu Liu,2015,,10.2139/ssrn.2641460,https://doi.org/10.2139/ssrn.2641460,posted-content,"<jats:p>This paper studies how government extraction behaviors respond to local fiscal distress in China. We exploit the 2002 Chinese Income Tax Reform which exogenously cut local government revenues from income taxes by roughly half. We find that, when facing fiscal distress, local officials resort to informal taxes, such as fees and levies, to supplement revenue. In comparison, we do not find comparable increases in formal taxes. On average, the increase in informal taxes recovered 75 percent of the local government revenue loss due to the reform. The increases are more pronounced along the intensive margin and are primarily driven by more informal tax extractions from large firms. We also find that the reform led to reductions in investment and growth rates of small firms and consistently more small firms in the total size distribution.</jats:p>"
DEBT-01,debt_resolution_recentralization,crossref,China local government debt risk survives reforms,,2018,Emerald Expert Briefings,10.1108/oxan-db230018,https://doi.org/10.1108/oxan-db230018,other,"<jats:sec sec-type=""subject"">
               <jats:title content-type=""abstract-subheading"">Subject</jats:title>
               <jats:p>Local government debt in China.</jats:p>
            </jats:sec>
            <jats:sec sec-type=""significance"">
               <jats:title content-type=""abstract-subheading"">Significance</jats:title>
               <jats:p>China in 2015 introduced municipal bonds and launched a debt-swap programme to address the risks that opaque and fast-growing local government debt posed to financial stability. Three years on, the new policy shows signs of old problems.</jats:p>
            </jats:sec>
            <jats:sec sec-type=""impacts"">
               <jats:title content-type=""abstract-subheading"">Impacts</jats:title>
               <jats:p>The authorities will intervene in potential local bond defaults to prevent panic; concerns of moral hazard are secondary for now.</jats:p>
               <jats:p>The supply of arable land will gradually erode, endangering food security.</jats:p>
               <jats:p>The central government will retain issuance quotas that prevent the local bond market becoming fully autonomous in the near future.</jats:p>
               <jats:p>The authorities in cities with high land prices (mostly in China's east) will be at an advantage. </jats:p>
            </jats:sec>"
DEBT-01,debt_resolution_recentralization,crossref,Local Government Debt Expansion and Urban Financial Resilience: Evidence from China,Xuefeng Shao; Longqi Wang,2025,,10.2139/ssrn.5943685,https://doi.org/10.2139/ssrn.5943685,posted-content,
DEBT-01,debt_resolution_recentralization,crossref,Local Government Debt and Economic Growth: Evidence from China,Tingting Cheng; Liping Qiu; Jianbao Chen,2023,,10.2139/ssrn.4341358,https://doi.org/10.2139/ssrn.4341358,posted-content,
DEBT-01,debt_resolution_recentralization,crossref,Local Government Debt and Firm Entry: Evidence from China,Chan Wang; Yutian Shen; Shuying Tan,2024,,10.2139/ssrn.4879473,https://doi.org/10.2139/ssrn.4879473,posted-content,
DEBT-01,debt_resolution_recentralization,crossref,Enhanced Insights into Intergovernmental Fiscal Relations in China,Ma Guangrong,2026,The Benefits and Costs of Fiscal Decentralization in China,10.4324/9781003713258-2,https://doi.org/10.4324/9781003713258-2,book-chapter,
DEBT-01,debt_resolution_recentralization,crossref,Local Government Financing in China: Fiscal Fatigue and Debt Sustainability,Chenlin Wang,2023,Applied Economics and Policy Studies,10.1007/978-981-99-6441-3_13,https://doi.org/10.1007/978-981-99-6441-3_13,book-chapter,
DEBT-01,debt_resolution_recentralization,crossref,Revenue Sharing and Local Government Tax Effort,Ma Guangrong,2026,The Benefits and Costs of Fiscal Decentralization in China,10.4324/9781003713258-8,https://doi.org/10.4324/9781003713258-8,book-chapter,
DEBT-01,debt_resolution_recentralization,crossref,"Fiscal Decentralization, Government Objectives and the Provision of Public Goods",Ma Guangrong,2026,The Benefits and Costs of Fiscal Decentralization in China,10.4324/9781003713258-3,https://doi.org/10.4324/9781003713258-3,book-chapter,
DEBT-01,debt_resolution_recentralization,crossref,A study on the Right of Veto on the fiscal resolution of the local council exercised by the head of local government,이진수,2015,Local Government Law Journal,10.21333/lglj.2015.15.3.003,https://doi.org/10.21333/lglj.2015.15.3.003,journal-article,
DEBT-01,debt_resolution_recentralization,openalex,Decentralization of Governance and Development,Pranab Bardhan,2002,The Journal of Economic Perspectives,10.1257/089533002320951037,https://doi.org/10.1257/089533002320951037,article,
DEBT-01,debt_resolution_recentralization,openalex,Fiscal Federalism and Macroeconomic Governance: For Better or For Worse?,Anwar Shah,1999,World Bank policy research working paper,10.1596/1813-9450-2005,https://doi.org/10.1596/1813-9450-2005,report,
DEBT-01,debt_resolution_recentralization,openalex,China's Local Government Bond Market,W. Raphael Lam; Jingsen Wang,2018,IMF Working Paper,10.5089/9781484378410.001,https://doi.org/10.5089/9781484378410.001,article,
DEBT-01,debt_resolution_recentralization,openalex,The Political Economy of Earmarked Transfers in a State-Designated Poor County in Western China: Central Policies and Local Responses,Mingxing Liu; Wang Juan; Ran Tao; Rachel Murphy,2009,The China Quarterly,10.1017/s0305741009990580,https://doi.org/10.1017/s0305741009990580,article,
DEBT-01,debt_resolution_recentralization,openalex,Fiscal Policy and the Government Balance Sheet in China,Waikei Lam; Marialuz Moreno Badia,2023,IMF Working Paper,10.5089/9798400248221.001,https://doi.org/10.5089/9798400248221.001,article,
DEBT-01,debt_resolution_recentralization,openalex,Creating a Market Economy in Eastern Europe: The Case of Poland,David Lipton; Jeffrey D. Sachs; Stanley Fischer; János Kornai,1990,Brookings Papers on Economic Activity,10.2307/2534526,https://doi.org/10.2307/2534526,article,
DEBT-01,debt_resolution_recentralization,openalex,Rethinking local and regional governance in China: An institutional design and development perspective,Shui‐Yan Tang,2021,Urban Governance,10.1016/j.ugj.2021.11.002,https://doi.org/10.1016/j.ugj.2021.11.002,article,
DEBT-01,debt_resolution_recentralization,openalex,What's Law Got to Do with It? Legal Institutions and Economic Reform in China,Donald C. Clarke,1991,UCLA Pacific Basin Law Journal,10.5070/p8101021983,https://doi.org/10.5070/p8101021983,article,
DEBT-01,debt_resolution_recentralization,openalex,Making Fiscal Decentralization Work: Cross-Country Experiences,Annalisa Fedelino; AFedelino@imf.org,2010,Occasional paper/Occasional paper ,10.5089/9781589069855.084,https://doi.org/10.5089/9781589069855.084,book,
DEBT-01,debt_resolution_recentralization,openalex,The Constitutionalization of Local Government in Developing Countries—Analysis of African Experiences in Global Perspective,Dele Olowu,2012,Beijing Law Review,10.4236/blr.2012.32006,https://doi.org/10.4236/blr.2012.32006,article,
DEBT-01,debt_resolution_recentralization,openalex,The Role of Local Governments in Driving High-Quality Growth in the People’s Republic of China,Ehtisham Ahmad; Hans van Rijn,2020,,10.22617/wps200400-2,https://doi.org/10.22617/wps200400-2,report,
DEBT-01,debt_resolution_recentralization,openalex,A Comparative Study of Fiscal Decentralization in China and India,Yinghua Jin,2022,Digital Archive @ GSU,10.57709/1347964,https://scholarworks.gsu.edu/econ_diss/57,article,
DEBT-01,debt_resolution_recentralization,openalex,The Impact of Climate Change on Regional Government Expenditures: Evidence from Russia,Simo Leppänen; Laura Solanko; Riitta Kosonen,2015,Environmental and Resource Economics,10.1007/s10640-015-9977-y,https://doi.org/10.1007/s10640-015-9977-y,article,
DEBT-01,debt_resolution_recentralization,openalex,People's Republic of China,International Monetary Fund. Asia and Pacific Dept,2017,IMF Staff Country Reports,10.5089/9781484314722.002,https://doi.org/10.5089/9781484314722.002,article,
DEBT-01,debt_resolution_recentralization,openalex,Analysis of China's Local Government Debt Risk Causes and Resolution Pathways,Jingjing Cui; Dongping Xiao,2025,Asia Pacific Economic and Management Review,10.62177/apemr.v2i5.763,https://doi.org/10.62177/apemr.v2i5.763,article,
DEBT-01,debt_resolution_recentralization,openalex,Reforming China's Public Finances,By:; and,1995,,10.5089/9781557755117.071,https://doi.org/10.5089/9781557755117.071,book,
DEBT-01,debt_resolution_recentralization,openalex,Citizens in Charge: Managing Local Budgets in East Asia and Latin America,Joaquín L. González; Mario Zolezzi; Kiyotaka Yokomichi; Nohra Rey de Marulanda; George Gray-Molina; M.Soc.Sc Pratikno; Katsuhito Imai; Tan Pek Leng; Tomoyuki Kamiyama; Clay G. Wescott; Cristina Rojas; Edel C. Guiza; Zander Navarro; Luiz Arruda Villela; Isabel Licha; Toshihiro Menju,2005,Inter-American Development Bank eBooks,10.18235/0012521,https://doi.org/10.18235/0012521,book,
DEBT-01,debt_resolution_recentralization,openalex,Managing the decline of coal in a decarbonizing China,Michael R. Davidson,2024,Wiley Interdisciplinary Reviews Climate Change,10.1002/wcc.918,https://doi.org/10.1002/wcc.918,article,
DEBT-01,debt_resolution_recentralization,openalex,Opportunity or necessity? Conceptualizing entrepreneurship at African small-scale mines,Gavin Hilson; Abigail Hilson; Roy Maconachie,2017,Technological Forecasting and Social Change,10.1016/j.techfore.2017.12.008,https://doi.org/10.1016/j.techfore.2017.12.008,article,
DEBT-01,debt_resolution_recentralization,openalex,The Independence of Judges and Corporate Social Responsibility,Senlin Miao; Gary Gang Tian; Fenghua Wen; Jinli Xiao,2023,Journal of Business Ethics,10.1007/s10551-023-05540-8,https://doi.org/10.1007/s10551-023-05540-8,article,
DEBT-01,debt_resolution_recentralization,openalex,Applying Insights from China: A Typology for Subnational Comparative Politics,Hongshen Zhu; Viola Rothschild,2024,Chinese Political Science Review,10.1007/s41111-024-00264-0,https://doi.org/10.1007/s41111-024-00264-0,article,
DEBT-01,debt_resolution_recentralization,openalex,The Direction of Local Governance Reforms in Southeast Asia,Zubair Khurshid Bhatti; Lachlan McDonald,2020,The World Bank Open Knowledge Repository (World Bank),10.1596/35005,http://documents.worldbank.org/curated/en/372221609941405493/Deepening-Decentralization-within-Centrally-Led-States-The-Direction-of-Local-Governance-Reforms-in-Southeast-Asia,report,
DEBT-01,debt_resolution_recentralization,openalex,The China-Pakistan Economic Corridor: the Politics of Development,Yunas Samad,2025,Critical Pakistan studies.,10.1017/cps.2025.10001,https://doi.org/10.1017/cps.2025.10001,article,
DEBT-01,debt_resolution_recentralization,openalex,Trench warfare on the tax fields : fiscal sociology and Japan’s centralized tax state,Andrew DeWit,2009,cIRcle (University of British Columbia),10.14288/1.0088005,http://hdl.handle.net/2429/6623,dissertation,
DEBT-01,debt_resolution_recentralization,openalex,Evolution of government and market under China’s reform era: through the perspective of state capacity,Changdong Zhang,2023,Asian Review of Political Economy,10.1007/s44216-023-00016-y,https://doi.org/10.1007/s44216-023-00016-y,article,
DEBT-01,debt_resolution_recentralization,openalex,Fiscal Management and Artificial Intelligence as Strategies to Combat Corruption in Colombia,Ana E. Monsalvo; Carlos M. Zuluaga-Pardo; Jaime A. Restrepo-Carmona; Lilibeth Aguilera-Pua; Juan C. Castaño; Edison F. Borda; Rosse M. Villamil; Hernán Felipe García Arias; Luis Fletscher,2025,Information,10.3390/info16110998,https://doi.org/10.3390/info16110998,article,
DEBT-01,debt_resolution_recentralization,openalex,The future of human malnutrition: rebalancing agency for better nutritional health,Jonathan C. K. Wells; Akanksha A. Marphatia; Gabriel S. Amable; Mario Siervo; Henrik Friis; J. Jaime Miranda; Hinke Haisma; David Raubenheimer,2021,Globalization and Health,10.1186/s12992-021-00767-4,https://doi.org/10.1186/s12992-021-00767-4,article,
DEBT-01,debt_resolution_recentralization,openalex,PUBLIC POLICY AND ADMINISTRATION,Juraj Nemec; Purshottama Reddy; Michiel S. de Vries,2015,Public Policy And Administration,10.5755/j01.ppaa.14.3.13491,https://doi.org/10.5755/j01.ppaa.14.3.13491,article,
DEBT-01,debt_resolution_recentralization,openalex,From Today's City to Tomorrow's City: An Empirical Investigation of Urban Land Assembly,Leah Brooks; Byron Lutz,2016,American Economic Journal Economic Policy,10.1257/pol.20130399,https://doi.org/10.1257/pol.20130399,article,
DEBT-01,debt_resolution_recentralization,openalex,"The Change-up: The Emergence of the Real Estate Sector in Urban China, 1978-2004",Jennifer Myung Won Choo,2014,eScholarship (California Digital Library),,https://escholarship.org/uc/item/8106p1x6,dissertation,
DEBT-01,debt_resolution_recentralization,openalex,Historical Attitudes and Implications for path dependence: FDI development and Institutional changes in China,Xueyuan Zhang; Bárbara Krug; Patrick Reinmoeller,2004,RePEc: Research Papers in Economics,,https://repub.eur.nl/pub/1842/ERS%202004%20112%20ORG.pdf,preprint,
DEBT-01,debt_resolution_recentralization,openalex,Government capacity and citizen expectations in Bougainville: The impact of political autonomy,Raymond Masono,2006,ANU Open Research (Australian National University),,http://hdl.handle.net/10440/1142,report,
DEBT-01,debt_resolution_recentralization,openalex,The Flexible Domestic State: Institutional Transformation and Political Economic Control in the Khabarovsk Krai Forest Sector,Marian Jeanne Mabel,2000,IIASA PURE (International Institute of Applied Systems Analysis),,http://pure.iiasa.ac.at/id/eprint/6208/1/IR-00-037.pdf,book,
DEBT-01,debt_resolution_recentralization,openalex,The Governance of Large-Scale Farmland Investments in Sub-Saharan Africa: A Comparative Analysis of the Challenges for Sustainability,George C. Schoneveld,2013,Utrecht University Repository (Utrecht University),,https://dspace.library.uu.nl/handle/1874/282738,dissertation,
DEBT-01,debt_resolution_recentralization,openalex,Governing Suburbia through regionalized land-use planning? Experiences from the Greater Frankfurt region,Jochen Monstadt; Valentin Meilinger,2019,Land Use Policy,10.1016/j.landusepol.2019.104300,https://doi.org/10.1016/j.landusepol.2019.104300,article,
DEBT-01,debt_resolution_recentralization,openalex,Ukraine's gas sector,Simon Pirani,2007,Oxford University Research Archive (ORA) (University of Oxford),,https://openalex.org/W3158837181,report,
DEBT-01,debt_resolution_recentralization,openalex,"Decentralization, Pro-Poor Land Policies, and Democratic Governance","Ruth Meinzen‐Dick; Monica Di Gregorio; Stephan Dohrn; Meinzen-Dick, Ruth Suseela; Di Gregorio, Monica; Dohrn, Stephan",2008,International Food Policy Research Institute eBooks,10.2499/capriwp80,https://doi.org/10.2499/capriwp80,book,
DEBT-01,debt_resolution_recentralization,openalex,"War, Hunger, and Displacement: An Econometric Investigation into the Sources of Humanitarian Emergencies","E. Wayne Nafziger; Juha Auvinen; Nafziger, E. Wayne; Auvinen, Juha",1997,RePEc: Research Papers in Economics,10.22004/ag.econ.295467,https://ageconsearch.umn.edu/record/295467/files/WP142.pdf,preprint,
DEBT-01,debt_resolution_recentralization,openalex,The ties that bind: big business and center-periphery relations in the Russian Federation,Christopher Thomas Speckhard,2004,Texas ScholarWorks (Texas Digital Library),,http://hdl.handle.net/2152/1414,dissertation,
DEBT-01,debt_resolution_recentralization,openalex,Why Russia Has Again Been Sliding from Federalism to Unitarianism,Ильдар Зулькарнай,2018,Public Administration Issues,10.17323/1999-5431-2018-0-5-116-132,https://doi.org/10.17323/1999-5431-2018-0-5-116-132,article,
DEBT-01,debt_resolution_recentralization,openalex,"Property Tax Administration in Practice: A Case Study of the Portmore Municipality, Jamaica",Carlene Beth Wynter,2014,Open Research Exeter (University of Exeter),,http://hdl.handle.net/10871/17580,dissertation,
DEBT-01,debt_resolution_recentralization,openalex,Planning for the Public Benefit in the Entrepreneurial City: Public Land Speculation and Financialized Regulation,Heather MacDonald,2019,Journal of Planning Education and Research,10.1177/0739456x19847519,https://doi.org/10.1177/0739456x19847519,article,
DEBT-01,debt_resolution_recentralization,openalex,Sustaining Transit Investment in Asia�s Cities:,,2019,,10.22617/arm190085-2,https://doi.org/10.22617/arm190085-2,report,
DEBT-01,debt_resolution_recentralization,openalex,"Rising Power, Limited Influence",,2024,,10.1093/oso/9780192887115.001.0001,http://dx.doi.org/10.1093/oso/9780192887115.001.0001,book,
DEBT-01,debt_resolution_recentralization,openalex,"Marine Protected Areas, Co-Management and Livelihoods: Coastal Change in Vietnam",Paula Brown,2013,UPT. Syiah Kuala University Library (Syiah Kuala University),,http://hdl.handle.net/2123/9505,article,
DEBT-01,debt_resolution_recentralization,openalex,"Subnational public finance in China : the nature, causes, and consequences of the 1994 fiscal reforms",You Jeong Lee,2014,ScholarSpace (University of Hawaii at Manoa),,http://hdl.handle.net/10125/100414,dissertation,
DEBT-01,debt_resolution_recentralization,openalex,"Geopolitics, Borders, and Federalism: Challenges for Post-War Iraq",Paul G. Lockhart,2014,TopSCHOLAR (Western Kentucky University),,https://digitalcommons.wku.edu/theses/1443,dissertation,
DEBT-01,debt_resolution_recentralization,openalex,A synoptic guide to decentralization,"Timothy Besley; Jean-Paul Faguet; Tommasi, Mariano",2003,London School of Economics and Political Science Research Online (London School of Economics and Political Science),,"https://orcid.org/0000-0002-8923-6372>,",book,
DEBT-01,debt_resolution_recentralization,openalex,"From War to Peace in the Balkans, the Middle East and Ukraine",Daniel Serwer,2018,,10.1007/978-3-030-02173-3,https://doi.org/10.1007/978-3-030-02173-3,book,
DEBT-01,debt_resolution_recentralization,openalex,Fiscal Rules in Monetary Union: Insights from Europe for the People’s Republic of China,Barry Eichengreen; Akiko Terada-Hagiwara; Yothin Jinjarak,2026,,10.22617/wps260214-2,https://doi.org/10.22617/wps260214-2,report,
DEBT-02,debt_resolution_recentralization,crossref,Asymmetric Fiscal Multipliers of China-specific Local Government Special Bonds,Ruicheng Liang,2026,,10.2139/ssrn.6478332,https://doi.org/10.2139/ssrn.6478332,posted-content,"<jats:p>This paper investigates the time-varying fiscal multiplier of China-specific local government special bonds on household consumption and corporate profits. We employ a time-varying parameter vector autoregression model with stochastic volatility (TVP-VAR). Our results reveal a pronounced asymmetry in fiscal transmission with fiscal multiplier for corporate profits substantially larger than the multiplier for consumption. The effect on corporate profits is strong but short-lived. By contrast, consumption exhibits an initial negative response that gradually turns positive and becomes more persistent over time. Fiscal transmission exhibits slightly larger effects during the recent structural slowdown.</jats:p>"
DEBT-02,debt_resolution_recentralization,crossref,Proposal for an IMF Debt Refinancing Subsidiary,,2018,Oxford Scholarship Online,10.1093/oso/9780199474684.003.0018,https://doi.org/10.1093/oso/9780199474684.003.0018,book,"<p>In the chapter, Haq analyses the deepening developing country debt problem of the 1980s and outlines the essential elements for an acceptable solution to the problem. To Haq, IMF seemed to be the most appropriate international intermediary to manage this. Haq goes on to outline the specifics of how the role of the IMF could be modified to find long-term solutions for managing developing-country debt.</p>"
DEBT-02,debt_resolution_recentralization,crossref,Teil 12: Der Reverse Debt-Equity-Swap,,,Der Debt-Equity-Swap,10.3726/978-3-653-01367-2/16,https://doi.org/10.3726/978-3-653-01367-2/16,book-chapter,
DEBT-02,debt_resolution_recentralization,crossref,VI.  Debt-Equity-Swap/Debt-Mezzanine-Swap,,2019,Konzerninsolvenzrecht,10.15375/9783814558202-022,https://doi.org/10.15375/9783814558202-022,book-chapter,
DEBT-02,debt_resolution_recentralization,crossref,Government Debt Relief and Bank Risk-Taking: Evidence from China’s Local Government Debt Swap,Li Linwei; Xinbei Wei; Zhang Hehe,2025,,10.2139/ssrn.5518494,https://doi.org/10.2139/ssrn.5518494,posted-content,
DEBT-02,debt_resolution_recentralization,crossref,The European Public Debt Refinancing Program - Why the ECB Quantitative Easing Should Envisage Euro-Zone Government Bonds,Marcello Minenna,2014,SSRN Electronic Journal,10.2139/ssrn.2497356,https://doi.org/10.2139/ssrn.2497356,journal-article,
DEBT-02,debt_resolution_recentralization,crossref,Teil 10: Der Debt-Equity-Swap im anglo-amerikanischen Recht,,,Der Debt-Equity-Swap,10.3726/978-3-653-01367-2/14,https://doi.org/10.3726/978-3-653-01367-2/14,book-chapter,
DEBT-02,debt_resolution_recentralization,crossref,China has waived the debt of some African countries. But it’s not about refinancing,Harry Verhoeven,2022,,10.64628/aaj.3dxhgdp64,https://doi.org/10.64628/aaj.3dxhgdp64,posted-content,
DEBT-02,debt_resolution_recentralization,crossref,Debt-for-Equity Swap and Reorganisation Law in the People’s Republic of China,Cagman Palmer,2010,,10.2139/ssrn.1671909,https://doi.org/10.2139/ssrn.1671909,posted-content,"<jats:p>The importance of debt-for-equity swaps has come to the fore once again when a lethal combination of a lack of liquidity and a lack of new bank finance and capital injection on a perceived deterioration in covenant strength, associated with the vagaries of the most recent global economic crisis and the credit crunch suffered by financial markets has hit most companies throughout the world, as a result of which they have struggled to service a high level of debt and, consequently, lapsed into the brink of insolvency. Since, using their respective countries’ reorganisation mechanisms, a plethora of financially distressed businesses have successfully salvaged themselves from a potential insolvency with a clean slate, reorganisation law has proven to be an ideal area for observing the legal process of restructurings involving debt-for-equity swaps in a legal system within which it operates. The key contribution of this Article is two-fold. This Article provides insights into debt-for-equity swaps through the prism of the reorganisation law of the People’s Republic of China (PRC), and also uncovers some important differences between the “law on the books” and the “law in action.” Criticising the weaknesses of the reorganisation procedures or judicial weaknesses of the PRC in addressing the problems of businesses in financial difficulty, however, falls outside the scope of this Article.</jats:p>"
DEBT-02,debt_resolution_recentralization,crossref,Refinancing Current Farm Debt,Logan Meeks,2025,,10.7290/utiapub/w1299,https://doi.org/10.7290/utiapub/w1299,posted-content,"<jats:p>When commodity prices are below average and cashflows are reduced, it is common to refinance existing debts to maintain sufficient cash on hand to pay future bills and ensure that operating credit can be obtained for the next production year. This publication describes two types of refinancing, converting unpaid operating debt to term debt and consolidating multiple sources of existing debt into a new loan. However, refinancing or restructuring debt may come with additional lender stipulations.</jats:p>"
DEBT-02,debt_resolution_recentralization,crossref,Refinancing State and Local Debt,Bruce J. Perlman,2014,State and Local Government Review,10.1177/0160323x14521218,https://doi.org/10.1177/0160323x14521218,journal-article,
DEBT-02,debt_resolution_recentralization,crossref,§ 2 Der Debt Equity Swap als Verwertungsoption in der Insolvenz,,2015,Der Debt Equity Swap im Insolvenzplanverfahren,10.15375/9783814557625.005,https://doi.org/10.15375/9783814557625.005,book-chapter,
DEBT-02,debt_resolution_recentralization,crossref,An Analysis on the Projects Related to China New Local Government Special Bonds in 2021,Dongsheng Li; Lichao Huang,2022,,10.2139/ssrn.4140895,https://doi.org/10.2139/ssrn.4140895,posted-content,"<jats:p>Based on information disclosed in the local government bond information disclosure portal of the ChinaBond website, the authors of this article randomly picked 726 new local government special bonds issued in 2021 as a sample, and analyzed the bond issuances, returns, and terms of different project sectors in which these new local government special bonds were invested. They then discussed and proposed recommendations on how to better promote long-term sustainability for managing local government bond issuance from the perspectives of quality of information disclosure, term structure management and green innovation.</jats:p>"
DEBT-02,debt_resolution_recentralization,crossref,Einleitung,,,Der Debt-Equity-Swap,10.3726/978-3-653-01367-2/4,https://doi.org/10.3726/978-3-653-01367-2/4,book-chapter,
DEBT-02,debt_resolution_recentralization,crossref,Abkürzungsverzeichnis,,,Der Debt-Equity-Swap,10.3726/978-3-653-01367-2/3,https://doi.org/10.3726/978-3-653-01367-2/3,book-chapter,
DEBT-02,debt_resolution_recentralization,crossref,Vorwort,,,Der Debt-Equity-Swap,10.3726/978-3-653-01367-2/1,https://doi.org/10.3726/978-3-653-01367-2/1,book-chapter,
DEBT-02,debt_resolution_recentralization,crossref,Debt-for-nature swap,,,SpringerReference,10.1007/springerreference_29506,https://doi.org/10.1007/springerreference_29506,reference-entry,
DEBT-02,debt_resolution_recentralization,crossref,Literaturverzeichnis,,,Der Debt-Equity-Swap,10.3726/978-3-653-01367-2/18,https://doi.org/10.3726/978-3-653-01367-2/18,book-chapter,
DEBT-02,debt_resolution_recentralization,crossref,Inhaltsverzeichnis,,,Der Debt-Equity-Swap,10.3726/978-3-653-01367-2/2,https://doi.org/10.3726/978-3-653-01367-2/2,book-chapter,
DEBT-02,debt_resolution_recentralization,crossref,Consolidation vs. Refinancing,Phil Schuman,2025,Debt Management,10.4135/9798348831981,https://doi.org/10.4135/9798348831981,other,
DEBT-02,debt_resolution_recentralization,crossref,§ 4 Rechtslage zum Debt Equity Swap in der InsO vor Erlass des ESUG,,2015,Der Debt Equity Swap im Insolvenzplanverfahren,10.15375/9783814557625.053,https://doi.org/10.15375/9783814557625.053,book-chapter,
DEBT-02,debt_resolution_recentralization,crossref,The estimation of local governments' hidden debt and its risks,Liu Lei,2021,Macroeconomic Policy and Steady Growth in China,10.4324/9781003186809-9-12,https://doi.org/10.4324/9781003186809-9-12,book-chapter,
DEBT-02,debt_resolution_recentralization,crossref,Refinancing risk and the cash-debt maturity relationship of Australian firms,Thomas Wellingham,,,10.14264/322107,https://doi.org/10.14264/322107,dissertation,
DEBT-02,debt_resolution_recentralization,crossref,Local Government Debt and Municipal Bonds in China: Problems and a Framework of Rules,Xingyuan Feng,2014,The Copenhagen Journal of Asian Studies,10.22439/cjas.v31i2.4332,https://doi.org/10.22439/cjas.v31i2.4332,journal-article,"<jats:p>Local governments in China are facing heavy debt burdens, a low level of fiscal transparency and a lack of constraints by local democracy. Since 2008, local government debts have skyrocketed. This article analyses the current state and features of local government debts and the two kinds of 'quasi municipal bonds' in China—urban investment bonds and local government bonds—along with their problems and risks. It examines the risks connected with local government debts and these bonds from the perspectives of public finance and political economy. It concludes with a discussion of a framework of rules for local government debt financing, especially for the issuance of municipal bonds in China.</jats:p>"
DEBT-02,debt_resolution_recentralization,crossref,Types of Bonds,,2012,Debt Capital Markets in China,10.1002/9781119201878.ch15,https://doi.org/10.1002/9781119201878.ch15,other,
DEBT-02,debt_resolution_recentralization,crossref,Restructuring and refinancing technical debt,Raul Zablah; Christian Murphy,2015,2015 IEEE 7th International Workshop on Managing Technical Debt (MTD),10.1109/mtd.2015.7332629,https://doi.org/10.1109/mtd.2015.7332629,proceedings-article,
DEBT-02,debt_resolution_recentralization,crossref,Not All Refinancings Are Created Equal,Martin J. Luby,2014,State and Local Government Review,10.1177/0160323x13520434,https://doi.org/10.1177/0160323x13520434,journal-article,"<jats:p>In this ongoing era of fiscal stress, state and local governments have increasingly turned to financial measures to help balance their budgets. One financial tactic commonly employed is debt refinancing. This article details the common refinancing strategies employed by state and local governments. Based on these strategies, typical refinancing transaction types are constructed and evaluated based on an assessment framework that relies on four debt refinancing principles developed in this article. Based on this assessment framework, the article concludes with a series of general recommendations for state and local governments to consider when refinancing debt.</jats:p>"
DEBT-02,debt_resolution_recentralization,crossref,Teil 2: Gesellschaftsrechtliche Umsetzung,,,Der Debt-Equity-Swap,10.3726/978-3-653-01367-2/6,https://doi.org/10.3726/978-3-653-01367-2/6,book-chapter,
DEBT-02,debt_resolution_recentralization,crossref,Teil 5: Haftungsrechtliche Aspekte,,,Der Debt-Equity-Swap,10.3726/978-3-653-01367-2/9,https://doi.org/10.3726/978-3-653-01367-2/9,book-chapter,
DEBT-02,debt_resolution_recentralization,crossref,Public debt sustainability and hidden liabilities in the People’s Republic of China,,2012,Public Debt Sustainability in Developing Asia,10.4324/9780203085714-12,https://doi.org/10.4324/9780203085714-12,book-chapter,
DEBT-02,debt_resolution_recentralization,crossref,Option-based quantification and generic optimization of debt refinancing in public-private partnership infrastructure projects,Sha Zheng,,,10.32657/10356/55239,https://doi.org/10.32657/10356/55239,dissertation,
DEBT-02,debt_resolution_recentralization,crossref,Teil 9: Kreditvertragliche Aspekte,,,Der Debt-Equity-Swap,10.3726/978-3-653-01367-2/13,https://doi.org/10.3726/978-3-653-01367-2/13,book-chapter,
DEBT-02,debt_resolution_recentralization,crossref,Kapitel II: Debt-Equity-Swap als Sanierungsmaßnahme und als Instrument zur Akquisition notleidender Gesellschaften,,,Der Debt-Equity-Swap als Instrument der Unternehmenssanierung nach deutschem und englischem Recht,10.3726/978-3-653-05428-6/13,https://doi.org/10.3726/978-3-653-05428-6/13,book-chapter,
DEBT-02,debt_resolution_recentralization,crossref,Foreign Investment in Local Currency Bonds — Considerations for Emerging Market Public Debt Managers,Alex Sienaert,2012,,10.1596/1813-9450-6284,https://doi.org/10.1596/1813-9450-6284,book,
DEBT-02,debt_resolution_recentralization,crossref,Teil 7: Kartellrechtliche Aspekte,,,Der Debt-Equity-Swap,10.3726/978-3-653-01367-2/11,https://doi.org/10.3726/978-3-653-01367-2/11,book-chapter,
DEBT-02,debt_resolution_recentralization,crossref,Teil 6: Kapitalmarktrechtliche Aspekte,,,Der Debt-Equity-Swap,10.3726/978-3-653-01367-2/10,https://doi.org/10.3726/978-3-653-01367-2/10,book-chapter,
DEBT-02,debt_resolution_recentralization,crossref,Teil 11: Insolvenzrechtliche Aspekte,,,Der Debt-Equity-Swap,10.3726/978-3-653-01367-2/15,https://doi.org/10.3726/978-3-653-01367-2/15,book-chapter,
DEBT-02,debt_resolution_recentralization,crossref,Teil 8: Steuerrechtliche Aspekte,,,Der Debt-Equity-Swap,10.3726/978-3-653-01367-2/12,https://doi.org/10.3726/978-3-653-01367-2/12,book-chapter,
DEBT-02,debt_resolution_recentralization,crossref,Kapitel III: Rechtstechnische Umsetzung eines Debt-Equity-Swap bei Kapitalgesellschaften nach deutschem und englischem Recht,,,Der Debt-Equity-Swap als Instrument der Unternehmenssanierung nach deutschem und englischem Recht,10.3726/978-3-653-05428-6/14,https://doi.org/10.3726/978-3-653-05428-6/14,book-chapter,
DEBT-02,debt_resolution_recentralization,crossref,Debt Swap,,2006,Encyclopedia of World Poverty,10.4135/9781412939607.n162,https://doi.org/10.4135/9781412939607.n162,reference-entry,
DEBT-02,debt_resolution_recentralization,crossref,"Good Swap, Bad Swap",Peter Shapiro,2012,The Handbook of Municipal Bonds,10.1002/9781119198093.ch89,https://doi.org/10.1002/9781119198093.ch89,other,
DEBT-02,debt_resolution_recentralization,crossref,China’s local governments will accumulate hidden debt,,2024,Emerald Expert Briefings,10.1108/oxan-db287076,https://doi.org/10.1108/oxan-db287076,report-component,"<jats:sec sec-type=""significance"">
               <jats:title content-type=""abstract-subheading"">Significance</jats:title>
               <jats:p>Local governments’ fiscal positions have become increasingly untenable post-pandemic amid a property market downturn. Record numbers of local government financing vehicles (LGFVs) have failed to make payments on short-term debt. An alarmed Beijing is expanding control over local government spending.</jats:p>
            </jats:sec>
            <jats:sec sec-type=""impacts"">
               <jats:title content-type=""abstract-subheading"">Impacts</jats:title>
               <jats:p>Servicing rising debt levels will consume the government’s budget, leaving fewer resources for infrastructure and public welfare provision.</jats:p>
               <jats:p>The higher debt levels of western and northern provinces will cause them to fall further behind their east coast counterparts.</jats:p>
               <jats:p>Most of China’s debt is held domestically, which gives authorities greater control over debt management and mitigates exchange rate risks. </jats:p>
               <jats:p>The central government’s fiscal reserves, moderate inflation and low interest rates for state entities will also help mitigate debt risks.</jats:p>
            </jats:sec>"
DEBT-02,debt_resolution_recentralization,crossref,Teil 4: Schutz der Altgesellschafter,,,Der Debt-Equity-Swap,10.3726/978-3-653-01367-2/8,https://doi.org/10.3726/978-3-653-01367-2/8,book-chapter,
DEBT-02,debt_resolution_recentralization,crossref,Il Programma di Rifinanziamento del Debito Pubblico Europeo - Perché Il Quantitative Easing della BCE dovrebbe includere i titoli governativi dell’Eurozona (The European Public Debt Refinancing Program - Why the ECB Quantitative Easing should envisage Euro-zone Government Bonds),Marcello Minenna,2014,,10.2139/ssrn.2497396,https://doi.org/10.2139/ssrn.2497396,posted-content,"<jats:p>&lt;b&gt;Italian Abstract&lt;/b&gt;: Il sistema bancario tedesco sta aumentando nuovamente – dopo il picco registrato nel 2009 e la successiva riduzione – la sua esposizione al rischio di credito. Questa ricerca commenta tale processo attraverso l’esame congiunto del saldo netto Target2 e dei flussi di capitale della bilancia dei pagamenti. Emergono diversi elementi di rilievo. Il Programma degli LTRO lanciato alla fine del 2011 è servito a ridurre la leva finanziaria delle banche dell’Eurozona (EZ). Questo risultato è stato raggiunto attraverso la mutualizzazione sull’Eurosistema del rischio di credito cui erano esposte le banche tedesche e il progressivo trasferimento sui vari sistemi bancari nazionali dei rischi dei debiti pubblici dei propri Governi. Inoltre, si rileva come le consistenti erogazioni di prestiti della Germania ai Paesi dell’Eurozona rientrino in un più generale schema di vendor financing (i.e. di finanziamento della domanda per sostenere l’offerta del proprio sistema produttivo) che in una prima fase è stato strutturato in modo sostanziale all’interno dell’EZ mentre ora si sta muovendo al di fuori dei confini europei. Queste dinamiche sono state considerate dalla Banca Centrale Europea (BCE) nella selezione delle misure non convenzionali di politica monetaria decise lo scorso 4 settembre. Nell’ambito del Quantitative Easing (QE) che riguarderà Asset Backed Securities (ABS) “semplici e trasparenti” e di elevata qualità, la BCE ha infatti escluso l’acquisto di cartolarizzazioni strutturate con crediti erogati al di fuori dei confini europei. È stata quindi preclusa alle banche tedesche la possibilità di mutualizzare sull’Eurosistema il rischio a cui si sono esposte erogando crediti al di fuori dei confini europei per supportare un nuovo schema di vendor financing questa volta su scala globale. Considerato però che il QE si svolgerà anche attraverso l’acquisto di covered bonds e, più in generale, che il possesso di un elevato standing è condizione vincolante di ammissibilità al programma di acquisti, è ragionevole attendersi che una porzione significativa degli attivi che rimpingueranno il bilancio della BCE proverrà da banche tedesche. Permane pertanto il problema che invece di muoversi verso la mutualizzazione dei debiti pubblici dei Paesi dell’EZ, ancora una volta gli interventi di politica monetaria si limiteranno a titoli di debito del settore privato, peraltro col rischio di una ulteriore mutualizzazione su tutto l’Eurosistema di una porzione non trascurabile del rischio di credito in carico alle banche tedesche (quello erogato all’interno dei confini europei). Infine, nella prospettiva delle dinamiche economico-finanziarie illustrate nella ricerca, viene illustrata una proposta originale al fine di migliorare l’architettura dell’Euro, ripristinare l’unicità della struttura a termine dei tassi di interesse dell’Eurozona e intraprendere un percorso di uscita dalla crisi e di crescita comune e sostenibile: il Programma di Rifinanziamento del Debito Pubblico Europeo (EPDRP).

&lt;b&gt;English Abstract&lt;/b&gt;: The credit risk exposure of the German banking system is growing again after the 2009 peak and its subsequent reduction. This column comments it through the lens of the Target2 net balances in connection with the capital flows experienced by the Eurozone (EZ) balance of payments. Several aspects arise. LTRO program launched at the end of 2011 served to deleverage the EZ banks. This happened by mutualizing the German banks’ credit risk on the Eurosystem and by transferring on the EZ peripheral countries the risks of their national public debts. Moreover the German massive lending activities are part of a more general vendor financing scheme that in a first phase was structured substantially within the EZ while now is moving outside European borders. These dynamics have been considered by the ECB in the recent (September 4) unconventional monetary policy measures. The forthcoming Quantitative Easing (QE) will envisage purchases by the Central Bank of Asset Backed Securities (ABS) “simple and transparent” of high and medium-high quality but only insofar as the ABS will not have as an underlying assets credit granted outside Europe. This measure would hence exclude the possibility for the German banking system of mutualising on the Eurosystem the credit risk arising from the new world-wide vendor financing scheme. The QE would also provide for the purchase of Covered bonds by the ECB. Anyway, given the characteristics of medium-high standing provided by the QE, it is likely that a significant portion of the assets affected by this purchase program will come from German banks. It remains thus the issue that also this new monetary policy measure will only include private debts. On these bases can be glimpsed the risk that once again ECB interventions could bolster the mutualisation of German banks’ credit risk (except for the portion originated extra-EZ) on the Eurosystem instead of moving once for all towards the mutualisation of EZ countries public debts. Finally under this perspective it is illustrated an original proposal in order to improve the Euro architecture, restore the uniqueness of the Euro interest rate term structure, exit from the crisis and undertake a path of sustainable growth for all the member countries: the European Public Debt Refinancing Program.</jats:p>"
DEBT-02,debt_resolution_recentralization,crossref,K. Debt Mezzanine Swap,,,Steuerliche Aspekte der GmbH-Sanierung,10.15375/9783814557410.115,https://doi.org/10.15375/9783814557410.115,book-chapter,
DEBT-02,debt_resolution_recentralization,crossref,Rethinking Debt Refinancing: Addressing Financial Instability Through Credit Market Segmentation,Aghanemat Aghayev; Salman Najafov,2025,,10.2139/ssrn.5259954,https://doi.org/10.2139/ssrn.5259954,posted-content,
DEBT-02,debt_resolution_recentralization,crossref,"Sovereign Debt Sustainability Under Global Monetary Tightening: A Risk-Governed Framework for Emerging-Market Resilience, Refinancing Risk, and Debt-Crisis Prevention",Kahtan Abedalrhman,2026,,10.2139/ssrn.6979699,https://doi.org/10.2139/ssrn.6979699,posted-content,"<jats:p>This paper develops a risk-governed framework for sovereign debt sustainability in emerging economies under global monetary tightening. The renewed high-interest-rate environment has changed the arithmetic and politics of public debt: higher effective interest rates increase debt-service burdens, tighter liquidity raises refinancing risk, exchange-rate depreciation increases the domestic-currency value of foreign-currency liabilities, and volatile capital flows can transform liquidity pressures into solvency concerns. Drawing on classic pre-2006 sovereign debt and international finance literature and current institutional evidence from the IMF, World Bank, OECD, BIS, and UNCTAD, the study argues that debt sustainability should be assessed as a dynamic risk system rather than as a single threshold of debt-to-GDP. Methodologically, the paper applies an integrative conceptual and policy-analysis approach. It synthesizes debt-overhang theory, reputational models of default, currency-crisis models, original-sin and currency-mismatch literature, fiscal sustainability tests, capital-flow volatility frameworks, and sovereign debt restructuring debates. The paper contributes a twelve-part analytical architecture, including a sovereign debt sustainability risk matrix, a debt-dynamics framework, a highinterest-rate transmission model, a sovereign refinancing risk matrix, an international reserves adequacy framework, and an emerging-market debt resilience index proposal. The central conclusion is that emerging economies need to move from reactive debt-crisis management toward forward-looking debt resilience governance. This requires credible fiscal anchors, longer maturity profiles, deeper localcurrency debt markets, transparent debt statistics, targeted reserve buffers, macroprudential safeguards, realistic primary-balance paths, growth-supporting fiscal reform, and earlier, more orderly restructuring when solvency is no longer credible.</jats:p>"
DEBT-02,debt_resolution_recentralization,crossref,The Stress of Debt: Mortgage Refinancing and Labor Supply,Martina Rocchi; Xiao Yin,2026,,10.2139/ssrn.6811138,https://doi.org/10.2139/ssrn.6811138,posted-content,"<jats:p>We combine a customized survey and randomized controlled trial to study the effect of mortgage refinancing on household labor supply. We find that an exogenous reduction in monthly mortgage payments increases working hours, labor income and spending, and reduces perceived stress levels at work. The effects are stronger for workers who are younger, have lower wealth or are more financially constrained before the experiment. Our results are consistent with a higher debt level decreasing labor supply through a financial stress channel.</jats:p>"
DEBT-02,debt_resolution_recentralization,crossref,2.7. Sovereign Debt Spreads and Credit Default Swap Rates,,,,10.1787/648003248522,https://doi.org/10.1787/648003248522,component,
DEBT-02,debt_resolution_recentralization,crossref,Teil 13: Zusammenfassung und Ausblick,,,Der Debt-Equity-Swap,10.3726/978-3-653-01367-2/17,https://doi.org/10.3726/978-3-653-01367-2/17,book-chapter,
DEBT-02,debt_resolution_recentralization,openalex,The Financing of Local Government in China: Stimulus Loan Wanes and Shadow Banking Waxes,Zhuo Chen; Zhiguo He; Chun Liu,2017,National Bureau of Economic Research,10.3386/w23598,https://doi.org/10.3386/w23598,report,
DEBT-02,debt_resolution_recentralization,openalex,The Credit Crisis as a Problem in the Sociology of Knowledge,Donald MacKenzie,2011,American Journal of Sociology,10.1086/659639,https://doi.org/10.1086/659639,article,
DEBT-02,debt_resolution_recentralization,openalex,Statecraft at the frontier of capitalism: A grounded view from China,Fulong Wu; Handuo Deng; Yi Feng; Weikai Wang; Ying Wang; Fangzhu Zhang,2024,Progress in Human Geography,10.1177/03091325241268953,https://doi.org/10.1177/03091325241268953,article,
DEBT-02,debt_resolution_recentralization,openalex,An Analysis of Russia's 1998 Meltdown: Fundamentals and Market Signals,Homi Kharas; Brian Pinto; Sergei Ulatov,2001,Brookings Papers on Economic Activity,10.1353/eca.2001.0012,https://doi.org/10.1353/eca.2001.0012,article,
DEBT-02,debt_resolution_recentralization,openalex,Structural developments in global financial intermediation: The rise of debt and non-bank credit intermediation,Robert Patalano; Caroline Roulet,2020,"OECD working papers on finance, insurance private pensions",10.1787/daa87f13-en,https://doi.org/10.1787/daa87f13-en,report,
DEBT-02,debt_resolution_recentralization,openalex,Medium-Term Debt Management Strategy,Emre Balibek; Tobias Akhtar Haque; Diego Rivetti; Miriam Tamene,2019,Technical Notes and Manuals,10.5089/9781498314961.005,https://doi.org/10.5089/9781498314961.005,article,
DEBT-02,debt_resolution_recentralization,openalex,Quasi-Fiscal Operations of Public Financial Institutions,Gordon A. Mackenzie; Péter Stella,1996,,10.5089/9781557755834.084,https://doi.org/10.5089/9781557755834.084,book,
DEBT-02,debt_resolution_recentralization,openalex,The Financing of Local Government in the People's Republic of China: Stimulus Loan Wanes and Shadow Banking Waxes,Zhuo Chen; Zhiguo He; Chun Liu,2018,SSRN Electronic Journal,10.2139/ssrn.3140074,https://doi.org/10.2139/ssrn.3140074,preprint,
DEBT-02,debt_resolution_recentralization,openalex,A (New) Country Insurance Facility*,Tito Cordella; Eduardo Levy Yeyati,2006,International Finance,10.1111/j.1468-2362.2006.00031.x,https://doi.org/10.1111/j.1468-2362.2006.00031.x,article,
DEBT-02,debt_resolution_recentralization,openalex,"Environmental, social, and governance (ESG) and artificial intelligence in finance: State-of-the-art and research takeaways",Tristan Lim,2024,Artificial Intelligence Review,10.1007/s10462-024-10708-3,https://doi.org/10.1007/s10462-024-10708-3,article,
DEBT-02,debt_resolution_recentralization,openalex,Frameworks for central–local government relations and fiscal sustainability,Peter Morgan; Long Q. Trinh,2017,Edward Elgar Publishing eBooks,10.4337/9781786436870.00008,https://doi.org/10.4337/9781786436870.00008,book-chapter,
DEBT-02,debt_resolution_recentralization,openalex,Russian Transition - Chinese Reforms A Comparative View,"András Blahó; Blaho, Andras",1994,RePEc: Research Papers in Economics,10.22004/ag.econ.295308,https://ageconsearch.umn.edu/record/295308/files/RFA17.pdf,preprint,
DEBT-02,debt_resolution_recentralization,openalex,Optimizing Government Debt Structure and Alleviating Financing Constraints: Access to Private Enterprises’ Sustainable Development,Wenda Sun; Genhua Hu; Tingting Zhu,2025,Sustainability,10.3390/su17146509,https://doi.org/10.3390/su17146509,article,
DEBT-02,debt_resolution_recentralization,openalex,Do Global Banks Spread Global Imbalances? The Case of Asset-Backed Commercial Paper During the Financial Crisis of 2007-09,Viral V. Acharya; Philipp Schnabl,2010,National Bureau of Economic Research,10.3386/w16079,https://doi.org/10.3386/w16079,report,
DEBT-02,debt_resolution_recentralization,openalex,"""One System, Two Shadows"": A Local Public Finance Perspective on China's Shadow Banking System",Shidai Zhang; Kellee S. Tsai,2024,SSRN Electronic Journal,10.2139/ssrn.4717230,https://doi.org/10.2139/ssrn.4717230,preprint,
DEBT-02,debt_resolution_recentralization,openalex,"The sovereign debt crisis that isn't: Or, How to turn a lending crisis into a spending crisis and pocket the spread. ACES Cases No. 2014.1",Mark Blythe,2014,Archive of European Integration (AEI) (University of Pittsburgh),,http://aei.pitt.edu/59147/1/ACES_Case_Blythe_2014.pdf,other,
DEBT-02,debt_resolution_recentralization,openalex,Rethinking Monetary Sovereignty: The Global Credit Money System and the State,Steffen Murau; Jens van ’t Klooster,2022,Perspectives on Politics,10.1017/s153759272200127x,https://doi.org/10.1017/s153759272200127x,article,
DEBT-02,debt_resolution_recentralization,openalex,"Austerity, Debt Overhang, and the Design of International Standards on Sovereign,Corporate, and Consumer Debt Restructuring",Susan Block‐Lieb,2015,Indiana Magazine of History (Indiana University),,https://scholarworks.iu.edu/journals/index.php/ijgls/article/view/44960,article,
DEBT-02,debt_resolution_recentralization,openalex,Housing Market Stability in China and the Potential for Global Contagion,Ashok Deo Bardhan; Robert H. Edelstein; Cynthia Kroll,2014,eScholarship (California Digital Library),,https://escholarship.org/uc/item/6409t2kt,article,
DEBT-02,debt_resolution_recentralization,openalex,China’s Lending to Developing Countries: From Boom to Bust,Sebastian Horn; Carmen Reinhart; Christoph Trebesch,2025,The Journal of Economic Perspectives,10.1257/jep.20241433,https://doi.org/10.1257/jep.20241433,article,
DEBT-02,debt_resolution_recentralization,openalex,Global Financial Stability Report April 2023,International Monetary Fund. Monetary and Capital Markets Department,2023,,10.5089/9798400233241.082,https://doi.org/10.5089/9798400233241.082,book,
DEBT-02,debt_resolution_recentralization,openalex,Responsibility of States and Central Banks in the Euro Crisis,Hans‐Werner Sinn,2014,RePEc: Research Papers in Economics,,https://www.ifo.de/DocDL/forum1-14-1.pdf,article,
DEBT-02,debt_resolution_recentralization,openalex,Financial Crisis Containment,Anna Gelpern,2009,Scholarship - GEORGETOWN LAW (Georgetown University),,https://scholarship.law.georgetown.edu/facpub/1864,article,
DEBT-02,debt_resolution_recentralization,openalex,"A New mortgage credit regime for Europe: setting the right priorities. CEPS Special Report, June 2011",Hans-Joachim Dübel; Marc Rothemund,2011,Archive of European Integration (AEI) (University of Pittsburgh),,http://aei.pitt.edu/32098/1/New_Mortgage_Credit_Regime_for_Europe.pdf,other,
DEBT-02,debt_resolution_recentralization,openalex,The future of securitization,Günter Franke; Jan Pieter Krahnen,2008,RePEc: Research Papers in Economics,,https://www.econstor.eu/bitstream/10419/43196/1/59923119X.pdf,preprint,
DEBT-02,debt_resolution_recentralization,openalex,State Transformation and the European Integration Project. Lessons from the financial crisis and the Greek paradigm. CEPS Special Report No. 130/February 2016,Evangelos Venizelos,2016,Archive of European Integration (AEI) (University of Pittsburgh),,http://aei.pitt.edu/71653/1/SR_No_130_State_Transformation_and_European_Integration.pdf,other,
DEBT-02,debt_resolution_recentralization,openalex,Designing a Financial Market Structure in Post-Crisis Asia: How to Develop Corporate Bond Markets,Masaru Yoshitomi; Sayuri Shirai,2001,Econstor (Econstor),,http://hdl.handle.net/10419/111108,report,
DEBT-02,debt_resolution_recentralization,openalex,"Global Financial Stability Report, October 2014",,2014,,10.5089/9781498390811.082,https://doi.org/10.5089/9781498390811.082,book,
DEBT-02,debt_resolution_recentralization,openalex,Cost-Benefit Analysis of Financial Regulation: Case Studies and Implications,John Coates,2015,,,https://digitalcommons.law.yale.edu/ylj/vol124/iss4/1,article,
DEBT-02,debt_resolution_recentralization,openalex,"Global Financial Stability Report, April 2022",International Monetary Fund. Monetary and Capital Markets Department,2022,,10.5089/9798400205293.082,https://doi.org/10.5089/9798400205293.082,book,
DEBT-02,debt_resolution_recentralization,openalex,"Global Financial Stability Report, April 2024",International Monetary Fund. Monetary and Capital Markets Department,2024,,10.5089/9798400257704.082,https://doi.org/10.5089/9798400257704.082,book,
DEBT-02,debt_resolution_recentralization,openalex,The Impact of Economic Recession on the Financial Support of State Functions during Crisis Situations,Mykyta Artemchuk; Оксана Марухленко; Nataliya Sokrovolska; Hennadii Mazur; Dmytro Riznyk,2024,Theoretical and Practical Research in Economic Fields,10.14505/tpref.v15.2(30).15,https://doi.org/10.14505/tpref.v15.2(30).15,article,
DEBT-02,debt_resolution_recentralization,openalex,Managing Financial Crises: Recent Experience and Lessons for Latin America,G. Kincaid; Charles Collyns; GKincaid@imf.org; CCollyns@imf.org,2003,Occasional paper/Occasional paper ,10.5089/9781589062085.084,https://doi.org/10.5089/9781589062085.084,book,
DEBT-02,debt_resolution_recentralization,openalex,The Unfinished Business of State-owned Enterprise Reform in the People’s Republic of China,Carsten A. Holz,2018,SSRN Electronic Journal,10.2139/ssrn.3392986,https://doi.org/10.2139/ssrn.3392986,preprint,
DEBT-02,debt_resolution_recentralization,openalex,"Capital Markets, Debt Finance and the EU Capital Markets Union: A law and finance critique. ECMI Working Paper No. 5 / October 2017",Vincenzo Bavoso,2017,Archive of European Integration (AEI) (University of Pittsburgh),,http://aei.pitt.edu/91408/1/ECMI_WP5_CapitalMarketsDebtFinanceEU_CMU.pdf,report,
DEBT-02,debt_resolution_recentralization,openalex,The credit crisis as a problem in the sociology of knowledge,,2016,,10.4324/9780203733462-10,https://doi.org/10.4324/9780203733462-10,book-chapter,
DEBT-02,debt_resolution_recentralization,openalex,The Korean Financial System,Masahiko Tsutsumi; Randall S. Jones; Thomas F. Cargill,2010,OECD Economics Department working papers,10.1787/5kmbhk6d24ln-en,https://doi.org/10.1787/5kmbhk6d24ln-en,report,
DEBT-02,debt_resolution_recentralization,openalex,Indonesia,International Monetary Fund,2002,IMF Staff Country Reports,10.5089/9781451818239.002,https://doi.org/10.5089/9781451818239.002,article,
DEBT-02,debt_resolution_recentralization,openalex,Regulating Financial Change: A Functional Approach,Steven L. Schwarcz,2016,Minnesota law review,10.24926/265535.1106,https://doi.org/10.24926/265535.1106,article,
DEBT-02,debt_resolution_recentralization,openalex,Fiscal Issues and Central Banking in Emerging Economies,Bank for International Settlements,2008,SSRN Electronic Journal,10.2139/ssrn.1188109,https://doi.org/10.2139/ssrn.1188109,preprint,
DEBT-02,debt_resolution_recentralization,openalex,Mobilizing Private Finance for Nature,World Bank,2020,"World Bank, Washington, DC eBooks",10.1596/35984,https://doi.org/10.1596/35984,book,
DEBT-02,debt_resolution_recentralization,openalex,Beyond the first glimpse (Analysis of the economic policy in Hungary from 1998–),István Csillag,2020,Acta Oeconomica,10.1556/032.2020.00017,https://doi.org/10.1556/032.2020.00017,article,
DEBT-02,debt_resolution_recentralization,openalex,Target2: The Silent Bailout System That Keeps the Euro Afloat,David Blake,2023,Journal of risk and financial management,10.3390/jrfm16120506,https://doi.org/10.3390/jrfm16120506,article,
DEBT-02,debt_resolution_recentralization,openalex,Managing financial integration and capital mobility -- policy lessons from the past two decades,Joshua Aizenman; Brian Pinto,2011,RePEc: Research Papers in Economics,,https://www.escholarship.org/uc/item/9j53m1tp.pdf;origin=repeccitec,preprint,
DEBT-02,debt_resolution_recentralization,openalex,Islamic Republic of Afghanistan,International Monetary Fund. Middle East and Central Asia Dept.,2019,IMF Staff Country Reports,10.5089/9781498318815.002,https://doi.org/10.5089/9781498318815.002,article,
DEBT-02,debt_resolution_recentralization,openalex,Banking Deregulation in Indonesia: An Updated Perspective in Light of the Asian Financial Crisis,Michael S. Bennett,1999,Penn Carey Law Legal Scholarship Repository (University of Pennsylvania),,https://scholarship.law.upenn.edu/jil/vol20/iss1/1,article,
DEBT-02,debt_resolution_recentralization,openalex,A Critical Review of the IMF's Tools for Crisis Prevention,Roberto Marino; Ulrich Volz,2012,RePEc: Research Papers in Economics,,https://www.econstor.eu/bitstream/10419/199373/1/die-dp-2012-04.pdf,preprint,
DEBT-02,debt_resolution_recentralization,openalex,"The State of the Union(s): The Eurozone Crisis, Comparative Regional Integration and the EU Model",Joaquín Roy; Astrid B. Boening; Jolyon Howorth; Joachim A. Koops; Finn Laursen; Maria. Lorca; Andrés Malamud; John S. McCormick; Manuel Carlos Lopes Porto; Tatiana P. Rizova; Vivien A. Schmidt; Markus Thiel; Alfred Tovias; George K. Zestos,2012,Archive of European Integration (AEI) (University of Pittsburgh),,http://aei.pitt.edu/43451/1/EU_BOOK_2012%2D120601.pdf,book,
DEBT-02,debt_resolution_recentralization,openalex,Jamaica,International Monetary Fund,2016,IMF Staff Country Reports,10.5089/9781475517682.002,https://doi.org/10.5089/9781475517682.002,article,
DEBT-02,debt_resolution_recentralization,openalex,Inflation in the Time of Corona and War: The plight of the developing economies,Servaas Storm,2022,,10.36687/inetwp192,https://doi.org/10.36687/inetwp192,report,
DEBT-03,debt_resolution_recentralization,crossref,Understanding Local Government Debt Financing of Infrastructure Projects in China: Evidence based on Accounting Data from Local Government Financing Vehicles,Helen X. H. Bao; Ziyou Wang; Robert Wu,2021,,10.2139/ssrn.3757729,https://doi.org/10.2139/ssrn.3757729,posted-content,"<jats:p>This study develops an analytical framework to investigate the complex relationship between local government debt issuing for infrastructure financing, state control, land finance, and development activities in the private sector in China. Using local government financing vehicles’ accounting data, we find that local governments are working creatively to meet infrastructure development targets handed down by the central government. Moreover, local government financing vehicles became more responsive to development activities from the private sector in their debt issuing decisions after the regulations of local government debt issuing in 2013/14.  By modelling the effect of three distinct forces, i.e., the central government, local governments, and the market, in one unified framework, our study provides reliable and practical evidence on how infrastructure financing works in China. Our research extends the studies of land finance into the infrastructure development domain. The findings are also helpful for studies on China’s land use policy under its leasehold land right system, and particularly the impacts of different land planning uses on infrastructure development.</jats:p>"
DEBT-03,debt_resolution_recentralization,crossref,"Fiscal Hierarchical Reform, Intergovernmental Financial Decentralization and Regional Government Financing Disparity: Evidence from Debt of Local Government Financing Vehicles",Jiaxuan Liu,2022,China Journal of Economics,10.26599/cje.2022.9300303,https://doi.org/10.26599/cje.2022.9300303,journal-article,
DEBT-03,debt_resolution_recentralization,crossref,Understanding local government debt financing of infrastructure projects in China: Evidence based on accounting data from local government financing vehicles,Helen X.H. Bao; Ziyou Wang; Robert Liangqi Wu,2024,Land Use Policy,10.1016/j.landusepol.2023.106964,https://doi.org/10.1016/j.landusepol.2023.106964,journal-article,
DEBT-03,debt_resolution_recentralization,crossref,Regulating Local Government Financing Vehicles and Public-Private Partnerships in China,Hui Jin; Isabel Rial,,,10.5089/9781475536768.001.a001,https://doi.org/10.5089/9781475536768.001.a001,component,
DEBT-03,debt_resolution_recentralization,crossref,The Lease-debt Relationship of Chinese Local Government Financing Vehicles,,2023,Information Systems and Economics,10.23977/infse.2023.040105,https://doi.org/10.23977/infse.2023.040105,journal-article,
DEBT-03,debt_resolution_recentralization,crossref,"Local government financing vehicle restructuring, implicit government guarantees and debt financing costs: Evidence from the Chinese municipal corporate bond market",Rui Wan; Wencheng Fan; Xiaoping Wang,2024,Economic Systems,10.1016/j.ecosys.2024.101179,https://doi.org/10.1016/j.ecosys.2024.101179,journal-article,
DEBT-03,debt_resolution_recentralization,crossref,The impact of local government financing vehicles debt on corporate risk-taking: Evidence from China,Fengnai Bao; Binger Chen; Di Chen,2024,Finance Research Letters,10.1016/j.frl.2023.104941,https://doi.org/10.1016/j.frl.2023.104941,journal-article,
DEBT-03,debt_resolution_recentralization,crossref,The Local Government Fiscal Imperative and Debt Financing in China,Yang He; Kun-Chin Lin; Ran Tao,,Fiscal and Debt Policies for the Future,10.1057/9781137269539.0011,https://doi.org/10.1057/9781137269539.0011,book-chapter,
DEBT-03,debt_resolution_recentralization,crossref,The Law of China’s Local Government Debt: Local Government Financing Vehicles and Their Bonds,Donald Clarke; Fang Lu,2017,The American Journal of Comparative Law,10.1093/ajcl/avx036,https://doi.org/10.1093/ajcl/avx036,journal-article,
DEBT-03,debt_resolution_recentralization,crossref,Cracking the code: Navigating the debt crisis of Chinese local governments and local government financing vehicles in China,Shuai Guo; Rebecca Parry; Eugenio Vaccari,2025,International Insolvency Review,10.1002/iir.70008,https://doi.org/10.1002/iir.70008,journal-article,"<jats:title>Abstract</jats:title><jats:p>Local governments have played a pivotal role in China's rapid economic growth, yet they have simultaneously faced unique financial pressures. The demands on local governments have increased significantly due to urbanisation and migration from rural areas, necessitating expanded services and infrastructure. Central government policies aimed at stimulating the economy after the 2008 financial crisis further intensified these demands by mandating extensive infrastructure projects, often on only a partially funded basis. However, state budgetary constraints have severely limited the financial flexibility of local governments. To navigate these restrictions, local governments turned to off‐balance‐sheet local government financing vehicles (LGFVs) to fund infrastructure projects, often of a long‐term nature and with low returns, and deliver essential services. In recent years, many local governments and LGFVs have encountered significant financial challenges. Local governments rely heavily on real estate investments, which have been negatively impacted by stricter financial regulations and a downturn in the property market. There has also been economic strain since the Covid‐19 pandemic. Although LGFVs are corporate entities subject to standard insolvency procedures, their debts are implicitly guaranteed by local governments. Consequently, the insolvency of LGFVs could threaten the financial stability of local governments. So far, the response to these financial difficulties has been largely ad hoc, with no reported LGFV defaults, but potential risks loom. This article begins with a brief introduction, followed by a comparative analysis of the Chinese domestic framework for managing financial distress in local governments (Section 2) and LGFVs (Section 3) against alternative approaches in other jurisdictions. Some of these alternatives have been identified in an INSOL International study on financially distressed local entities. The aim of this article is to explore the benefits and challenges of implementing more structured, multifaceted and innovative approaches to managing financial distress in these entities within China.</jats:p>"
DEBT-03,debt_resolution_recentralization,crossref,Assessing Local Government Debt Risks in China: A Case Study of Local Government Financial Vehicles,Kunyu Tao,2015,China &amp; World Economy,10.1111/cwe.12125,https://doi.org/10.1111/cwe.12125,journal-article,"<jats:title>Abstract</jats:title><jats:p>Strong credit expansion in China after the recent global financial crisis has brought local government financial vehicles (LGFV) into the spotlight. Rapid growth of LGFV has triggered concern about local government indebtedness, banks' asset quality and, more broadly, China's medium‐term financial stability and sovereign risk. This paper constructs a unique firm‐level dataset to evaluate the country's local government debt. We find an uneven distribution of LGFV, which are concentrated in the coastal areas, and a deterioration of their debt repaying ability from 2010 to 2012. We use principal component analysis (PCA) along with multivariate discriminate analysis (MDA) to identify the credit risk of LGFV based on conventional financial variables as well as local governments' fiscal status. We also estimate the safe boundaries of debt bearing at the provincial government level. The estimations reveal more severe local government debt risks in the middle‐western provinces and higher risks associated with LGFV at the municipal and county levels. Although it is very unlikely that there will be a national debt crisis in China, the high risk of LGFV should be noted and effectively controlled by improving the fiscal transparency of local governments and reforming the fiscal system.</jats:p>"
DEBT-03,debt_resolution_recentralization,crossref,The Local Government Fiscal Imperative and Debt Financing in China,Yang He; Kun-Chin Lin; Ran Tao,2014,Fiscal and Debt Policies for the Future,10.1057/9781137269539_6,https://doi.org/10.1057/9781137269539_6,book-chapter,
DEBT-03,debt_resolution_recentralization,crossref,The Green Costs of Debt Overhang: Evidence from Local Government Debt Restructuring,Jiayin Hu; Xiaokang Hu; Yuchao Peng; Yingguang Zhang,2025,,10.2139/ssrn.5076456,https://doi.org/10.2139/ssrn.5076456,posted-content,
DEBT-03,debt_resolution_recentralization,crossref,Local Government Debt and Corporate Maturity Mismatch between Investment and Financing: Evidence from China,Haiyun Ma; Deshuai Hou,2023,Sustainability,10.3390/su15076166,https://doi.org/10.3390/su15076166,journal-article,"<jats:p>Based on the perspective of investment and financing term structure, this study verifies that local government debt crowds out bank loans available to corporates, resulting in corporate maturity mismatch between investment and financing, namely, short-term financing for long-term investment. According to our heterogeneity analyses, the real impact of local government debt on maturity mismatch between investment and financing is more pronounced for non-state-owned enterprises and firms with high financing demand, located in cities with more local government debt and low financial development. Furthermore, our study reveals that local government debt and corporate maturity mismatch between investment and financing bring about underinvestment and default risk, which ultimately affects local sustainable economic development. This research contributes to the literature on Chinese-specific maturity mismatches.</jats:p>"
DEBT-03,debt_resolution_recentralization,crossref,Impact of market-oriented local government financing vehicles on credit financing: Evidence from China,Xiao-Lin Li; Wentian Qu; Wen Li,2026,Economic Modelling,10.1016/j.econmod.2026.107712,https://doi.org/10.1016/j.econmod.2026.107712,journal-article,
DEBT-03,debt_resolution_recentralization,crossref,Regulating Local Government Financing Vehicles and Public-Private Partnerships in China,Hui Jin; Isabel Rial,2016,IMF Working Papers,10.5089/9781475536768.001,https://doi.org/10.5089/9781475536768.001,journal-article,"<jats:p>In this paper, we argue that there is much room for China to strengthen its regulatory framework for public-private partnerships (PPPs). We show that infrastructure projects carried out through local government financing vehicles (LGFVs) were largely unregulated PPPs, and significant fiscal risks have already manifested themselves. While PPPs can potentially provide efficiency gains, they can also be used by governments to circumvent budgetary borrowing constraints. Therefore, effective PPP regulation is key to delivering PPPs’ benefits while containing their potential fiscal risks. The authorities have taken concrete steps in order to establish a sound regulatory framework and foster a new generation of PPPs. However, to make the framework effective, we highlight a few issues to be resolved. Based on international best practice, we propose a four-pillar regulatory framework for China, which could be implemented gradually in three stages.</jats:p>"
DEBT-03,debt_resolution_recentralization,crossref,Restructuring of Legacy Debt for Financing Rural Schools in China,Lili Liu; Baoyun Qiao,2013,Until Debt Do Us Part,10.1596/9780821397664_ch02,https://doi.org/10.1596/9780821397664_ch02,book-chapter,
DEBT-03,debt_resolution_recentralization,crossref,Debt Governance Spillovers: How Local Government Financing affects Enterprise Green Transformation,qing Zhang; xiaoyu Zhai,2025,,10.2139/ssrn.5447847,https://doi.org/10.2139/ssrn.5447847,posted-content,
DEBT-03,debt_resolution_recentralization,crossref,"Local Government Debt, Local Government Financing Platforms, and Green Development Efficiency",Yonghao Guan; Jingjin Wu; Yiqi He,2024,Platforms,10.3390/platforms2020004,https://doi.org/10.3390/platforms2020004,journal-article,"<jats:p>Local government debt (LGD), an important financing tool for local governments to achieve high-quality development, especially through the expansion of urban investment bonds led by local investment and financing platforms, has a significant impact on green development efficiency (GDE). This article starts from LGD, selects data from 30 provinces from 2010 to 2019, and uses a two-way fixed-effect model and mediation-effect model to empirically analyze the impact of LGD on GDE. The research results show that LGD has a significant inhibitory effect on GDE, and LGD can indirectly affect GDE through the degree of industrialization and the number of the urban population. This article suggests that the government should make even fuller use of LGD funds, optimize the use of relevant funds, standardize the operation of local government investment and financing platforms, reduce debt risks, promote industrial structure upgrading, promote urban population resettlement measures, and improve China’s GDE.</jats:p>"
DEBT-03,debt_resolution_recentralization,crossref,Holding the market under the stimulus plan: Local government financing vehicles' land purchasing behavior in China,Zhonghua Huang; Xuejun Du,2018,China Economic Review,10.1016/j.chieco.2018.04.004,https://doi.org/10.1016/j.chieco.2018.04.004,journal-article,
DEBT-03,debt_resolution_recentralization,crossref,Procyclicality of Local Government Debt Financing and Its Theoretical Explanation,Haiping Si; Xiaoge Liu; Jian Wei,2018,China Finance and Economic Review,10.1515/cfer-2018-070406,https://doi.org/10.1515/cfer-2018-070406,journal-article,
DEBT-03,debt_resolution_recentralization,crossref,Financing Green Technological Innovation: The Role of Local Government Debt in China,Chunyan He; Xiaomei Deng; Menglin Qin; Sirui Liu; Peng Xue,2026,Sustainability,10.3390/su18136662,https://doi.org/10.3390/su18136662,journal-article,"<jats:p>Effectively harnessing the productive potential of local government debt while mitigating financial risks is critical for urban sustainable development. Focusing on the standardized development phase of local government debt in China, this study examines how local government debt affects green technological innovation using Chinese A-share listed firms from 2015 to 2021. We find that regulated explicit debt significantly promotes firms’ green innovation through three channels: green bond issuance, digital infrastructure investment, and improved firm profitability. In contrast, implicit debt exerts a nonlinear inhibitory effect, with significant negative impacts only after a threshold is exceeded. Heterogeneity analysis shows stronger effects in developed regions, areas with more optimized industrial structures, and state-owned, large, and high-ESG firms. Our findings suggest that optimizing debt structure and directing funds to productive green and digital sectors can effectively drive urban green innovation.</jats:p>"
DEBT-03,debt_resolution_recentralization,crossref,Local Government Financing Vehicles (LGFV),,2018,The SAGE Encyclopedia of Business Ethics and Society,10.4135/9781483381503.n704,https://doi.org/10.4135/9781483381503.n704,reference-entry,
DEBT-03,debt_resolution_recentralization,crossref,How does Local Government Financing Vehicles Shareholding Affect the Maturity Mismatch of Corporate Investment and Financing?,WEI YU; Keying Zhu,2026,,10.2139/ssrn.6815241,https://doi.org/10.2139/ssrn.6815241,posted-content,"<jats:p>Against the backdrop of systemic financial risk prevention and the pursuit of a virtuous cycle in the real economy, whether Local Government Financing Vehicles (LGFVs) shareholding alleviates maturity mismatch of corporate investment and financing activities is a question of critical importance, not only for the development of individual firms but also for high-quality macroeconomic growth. Using a sample of A-share listed firms in China’s Shanghai and Shenzhen stock exchanges from 2009 to 2021, this paper theoretically analyzes and empirically tests the impact of LGFVs shareholding on corporate maturity mismatch. The empirical results indicate that LGFVs shareholding can significantly alleviate corporate maturity mismatch and the finding is still robust across a series of empirical checks. Mechanism analyses show that LGFVs shareholding improves firms’ long-term financing capacity through a resource-provision channel and restrains overinvestment through a governance optimization channel, thereby collectively mitigating corporate maturity mismatch. Further analysis indicates that the mitigating effect of LGFVs shareholding is more pronounced in firms with concentrated LGFVs shareholding, firms controlled by non-state-owned capital and firms under higher economic policy uncertainty. Our findings provide valuable theoretical insights for policy design aimed at optimizing corporate financial behavior and curbing corporate financial risks.</jats:p>"
DEBT-03,debt_resolution_recentralization,crossref,Regulating local government financing vehicles and public-private partnerships in China,Hui Jin; Isabel Rial,2017,Journal of Infrastructure Policy and Development,10.24294/jipd.v1i2.67,https://doi.org/10.24294/jipd.v1i2.67,journal-article,"<jats:p>In this paper, we argue that there is much room for China to strengthen its regulatory framework for public-private partnerships (PPPs). We show that infrastructure projects carried out through local government financing vehicles (LGFVs) are largely unregulated PPPs, and significant fiscal risks have already manifested themselves. While PPPs can potentially provide efficiency gains, they can also be used by governments to circumvent budgetary borrowing constraints. Therefore, effective PPP regulation is key to delivering PPPs’ benefits while containing their potential fiscal risks. The authorities have taken concrete steps in order to establish a sound regulatory framework and foster a new generation of PPPs. However, to make the framework effective, we highlight a few issues to be resolved. Based on international best practice, we propose a four-pillar regulatory framework for China, which could be implemented gradually in three stages.</jats:p>"
DEBT-03,debt_resolution_recentralization,crossref,Leading Cadre Connectedness and Newly increased Debts of Local Government Financing Vehicles,Pengfei Zhang; Honghui Wu,2023,China Journal of Economics,10.26599/cje.2023.9300107,https://doi.org/10.26599/cje.2023.9300107,journal-article,
DEBT-03,debt_resolution_recentralization,crossref,The impact of local government debt replacement on corporate financing constraints: evidence from China,Yan Wang; Fengjuan Guo; Chunyu Guo,2025,Applied Economics,10.1080/00036846.2025.2572539,https://doi.org/10.1080/00036846.2025.2572539,journal-article,
DEBT-03,debt_resolution_recentralization,crossref,Leveraging Multi-source Data for Local Government Financing Vehicles Debt Risk Assessment Via Random Forests,Kejia Li; Zhen-Song Chen,2025,International Journal of Computational Intelligence Systems,10.1007/s44196-025-00778-8,https://doi.org/10.1007/s44196-025-00778-8,journal-article,
DEBT-03,debt_resolution_recentralization,crossref,Building democracy through challenging financialisation:,Fanny Malinen,2022,Financing Prosperity by Dealing with Debt,10.2307/j.ctv28m3h1h.7,https://doi.org/10.2307/j.ctv28m3h1h.7,book-chapter,
DEBT-03,debt_resolution_recentralization,crossref,Research on the Influence of Local Government Debt on Enterprise Debt Financing,Wenping Kong,2023,"Frontiers in Business, Economics and Management",10.54097/fbem.v7i2.4792,https://doi.org/10.54097/fbem.v7i2.4792,journal-article,"<jats:p>In recent years, China's local government debt and corporate debt issues have attracted the attention of academia and the government. At present, the financing difficulties of SMEs have become a problem in the industry. Although the existing literature has studied the impact of local government debt on the debt financing of micro enterprises, the academic circles still hold disputes on the ""crowding out effect"" and ""crowding in effect"" of local government debt on micro enterprise behavior. This paper selects the panel data of provincial local government debt and A-share listed companies from 2012 to 2020 to explore the impact of local government debt on corporate debt financing from the scale and structure of corporate debt financing. According to the empirical results, the expansion of local government debt will lead to a decline in the debt financing level of local enterprises. From the perspective of different debt sources, the impact of local government debt expansion is significantly different. Local government debt expansion has a strong and significant crowding out effect on corporate financial liabilities, while this effect on corporate operating liabilities is weak. Accordingly, this paper puts forward corresponding suggestions: local governments should reasonably control their own debt scale, implement differentiated deleveraging policies according to local conditions, strengthen the cooperation between financing platforms and private capital, vigorously develop the direct financing market, and create good conditions for enterprise financing.</jats:p>"
DEBT-03,debt_resolution_recentralization,crossref,Local Government Debt and Corporate Cash Holdings: Evidence from China,Guanglong Zhang,2023,,10.2139/ssrn.4365199,https://doi.org/10.2139/ssrn.4365199,posted-content,"<jats:p>This study investigates the impact of China’s local government debt (LGD) on the cash holdings of local firms. We find that increased LGD raises local firm’ cash holdings considerably. This is because higher LGD impedes local firms’ access to external financing, especially bank loans, causing them to hold more cash as a precautionary measure. Our cross-sectional tests show that the impact of higher LGD is more pronounced for firms lacking financing privilege (i.e., non-state-owned enterprises and firms without political connections), firms located in provinces with a more advanced non-state-owned economy, and firms operating in cities with tighter bank credit supply. Furthermore, higher LGD causes local firms to adjust their cash holdings more slowly toward the target levels, and the market places a higher value on their cash holdings. Our findings provide new implications for the economic consequences of increased government debt and add to our understanding of corporate cash holding policies.</jats:p>"
DEBT-03,debt_resolution_recentralization,crossref,Competition for growth and local government debt risk: empirical evidence from the new list data of financing platforms,LIU Wenbin; JIA Junxue,2025,china soft science,10.3724/1005-0566.20250620,https://doi.org/10.3724/1005-0566.20250620,journal-article,
DEBT-03,debt_resolution_recentralization,crossref,Essays on government debt financing costs,Zoltán Monostori,,,10.14267/phd.2014056,https://doi.org/10.14267/phd.2014056,dissertation,
DEBT-03,debt_resolution_recentralization,crossref,Land Financing Model and Local Government Debt Governance: An Empirical Study of Prefecture-Level Cities in China,Wenhao Jia; Yue Wang,2023,"Frontiers in Business, Economics and Management",10.54097/fbem.v11i1.11597,https://doi.org/10.54097/fbem.v11i1.11597,journal-article,"<jats:p>This paper addresses the lack of comprehensive research on land financing in relation to local government debt governance. It examines two land financing methods: ""Getting revenue by selling land"" and ""land finance,"" using an endogenetic approach. The study analyzes the interactive relationship between local government debt expansion and land financing modes using panel data from Chinese prefecture-level cities. Key findings include: (1) Land financing methods significantly increase local government debt leverage, with varying performance levels. (2) Regional economic competition and financial status influence the interaction between land financing and local debt risk. (3) Fiscal and financial policies regulate local government's land financing behavior, leading to diverse approaches. To achieve effective fiscal and financial governance, it is crucial to establish a strong connection between local government debt risk prevention/control and land use mode. Implementing differentiated systems can enhance land use efficiency.</jats:p>"
DEBT-03,debt_resolution_recentralization,crossref,Restructuring local government,J. A. Chandler,2013,Explaining local government,10.7765/9781847792099.00010,https://doi.org/10.7765/9781847792099.00010,book-chapter,
DEBT-03,debt_resolution_recentralization,crossref,The Debt Risk Transmission Mechanism of Local Government Financing Vehicles: Evidence from National-Level Data and an SVAR Model,Debin Fang; Liang Xu; Yang Liu,2026,International Journal of Computational Intelligence Systems,10.1007/s44196-026-01337-5,https://doi.org/10.1007/s44196-026-01337-5,journal-article,
DEBT-03,debt_resolution_recentralization,crossref,Local Government Financing Platforms in China: A Fortune or Misfortune?1,Yinqiu Lu; Tao Sun,,,10.5089/9781475599671.001.a001,https://doi.org/10.5089/9781475599671.001.a001,component,
DEBT-03,debt_resolution_recentralization,crossref,"The Great Wall of Debt: Real Estate, Political Risk, and Chinese Local Government Financing Cost",Andrew Ang; Jennie Bai; Hao Zhou,2015,,10.2139/ssrn.2603022,https://doi.org/10.2139/ssrn.2603022,posted-content,"<jats:p>Chengtou bond is the soli asset with market prices that can capture the funding cost of Chinese local government debt. In contrast to the U.S. municipal bonds, Chengtou bonds are issued by private corporations but implicitly guaranteed by the local hence central governments, which are reflected by novel risk characteristics --- real estate GDP and political risk. One standard deviation increase in local real estate GDP (political risk) corresponds to 10 (9) basis points decrease (increase) in bond yields, respectively. However, conditional on political risk, real estate GDP actually increases bond yields, suggesting that only local governments with low political risk can enjoy the low funding costs driven by high real estate growth.</jats:p>"
DEBT-03,debt_resolution_recentralization,crossref,Local government debt and corporate asset-debt maturity mismatches: Evidence from China,Xi Wen; Wanli Li; Zhixuan Shen,2024,China Economic Review,10.1016/j.chieco.2024.102269,https://doi.org/10.1016/j.chieco.2024.102269,journal-article,
DEBT-03,debt_resolution_recentralization,crossref,Restructuring local government,J. A. Chandler,2007,Explaining Local Government,10.7228/manchester/9780719067068.003.0005,https://doi.org/10.7228/manchester/9780719067068.003.0005,book-chapter,
DEBT-03,debt_resolution_recentralization,crossref,"Local Government Debt, Financing Platform and Fiscal Risk",Wang Ying; Pan Wenjie,2019,International Business Research,10.5539/ibr.v12n3p40,https://doi.org/10.5539/ibr.v12n3p40,journal-article,"<jats:p>The excessive expansion of local financing platform as a substantive medium for local government borrowing has aggravated local government financial risks, which may induce systemic financial risks. Based on the current debt situation of the central and provincial governments, this paper uses different measurement models to calculate debt balance and default risks of the financing platforms. The results show that nearly one-third of the provinces may have potential financial risks, therefore the central government and local governments should work together and keep four kinds of balances in order to prevent and defuse risks.</jats:p>"
DEBT-03,debt_resolution_recentralization,crossref,9. Financing Scottish Local Government,,2004,Scottish Local Government,10.1515/9781474470834-014,https://doi.org/10.1515/9781474470834-014,book-chapter,
DEBT-03,debt_resolution_recentralization,crossref,The Role of Distressed Debt Investors in Financing Distressed Debtor Restructuring,Sanford U. Mba,2019,New Financing for Distressed Businesses in the Context of Business Restructuring Law,10.1007/978-3-030-19749-0_6,https://doi.org/10.1007/978-3-030-19749-0_6,book-chapter,
DEBT-03,debt_resolution_recentralization,crossref,"Government Accounting Reform, Fiscal Transparency, and Local Government Debt: Evidence from China",Xihong Wan; Min Guo; Ping Jiang; Lei Xu,2024,,10.2139/ssrn.4896780,https://doi.org/10.2139/ssrn.4896780,posted-content,
DEBT-03,debt_resolution_recentralization,crossref,China local government debt risk survives reforms,,2018,Emerald Expert Briefings,10.1108/oxan-db230018,https://doi.org/10.1108/oxan-db230018,other,"<jats:sec sec-type=""subject"">
               <jats:title content-type=""abstract-subheading"">Subject</jats:title>
               <jats:p>Local government debt in China.</jats:p>
            </jats:sec>
            <jats:sec sec-type=""significance"">
               <jats:title content-type=""abstract-subheading"">Significance</jats:title>
               <jats:p>China in 2015 introduced municipal bonds and launched a debt-swap programme to address the risks that opaque and fast-growing local government debt posed to financial stability. Three years on, the new policy shows signs of old problems.</jats:p>
            </jats:sec>
            <jats:sec sec-type=""impacts"">
               <jats:title content-type=""abstract-subheading"">Impacts</jats:title>
               <jats:p>The authorities will intervene in potential local bond defaults to prevent panic; concerns of moral hazard are secondary for now.</jats:p>
               <jats:p>The supply of arable land will gradually erode, endangering food security.</jats:p>
               <jats:p>The central government will retain issuance quotas that prevent the local bond market becoming fully autonomous in the near future.</jats:p>
               <jats:p>The authorities in cities with high land prices (mostly in China's east) will be at an advantage. </jats:p>
            </jats:sec>"
DEBT-03,debt_resolution_recentralization,crossref,Local Government Debt Expansion and Urban Financial Resilience: Evidence from China,Xuefeng Shao; Longqi Wang,2025,,10.2139/ssrn.5943685,https://doi.org/10.2139/ssrn.5943685,posted-content,
DEBT-03,debt_resolution_recentralization,crossref,Local Government Debt and Economic Growth: Evidence from China,Tingting Cheng; Liping Qiu; Jianbao Chen,2023,,10.2139/ssrn.4341358,https://doi.org/10.2139/ssrn.4341358,posted-content,
DEBT-03,debt_resolution_recentralization,crossref,Local Government Debt and Firm Entry: Evidence from China,Chan Wang; Yutian Shen; Shuying Tan,2024,,10.2139/ssrn.4879473,https://doi.org/10.2139/ssrn.4879473,posted-content,
DEBT-03,debt_resolution_recentralization,crossref,Local Government Financing in China: Fiscal Fatigue and Debt Sustainability,Chenlin Wang,2023,Applied Economics and Policy Studies,10.1007/978-981-99-6441-3_13,https://doi.org/10.1007/978-981-99-6441-3_13,book-chapter,
DEBT-03,debt_resolution_recentralization,crossref,3. Government Debt and Policy Choices: Restructuring in Canada,,1999,"Poverty, Social Assistance, and the Empl",10.3138/9781442678668-005,https://doi.org/10.3138/9781442678668-005,book-chapter,
DEBT-03,debt_resolution_recentralization,openalex,"Local government financing vehicle restructuring, implicit government guarantees and debt financing costs: Evidence from the Chinese municipal corporate bond market",Rui Wan; Wencheng Fan; Xiaoping Wang,2024,Economic Systems,10.1016/j.ecosys.2024.101179,https://doi.org/10.1016/j.ecosys.2024.101179,article,
DEBT-03,debt_resolution_recentralization,openalex,Land financialisation and the financing of urban development in China,Fulong Wu,2019,Land Use Policy,10.1016/j.landusepol.2019.104412,https://doi.org/10.1016/j.landusepol.2019.104412,article,
DEBT-03,debt_resolution_recentralization,openalex,Understanding local government debt financing of infrastructure projects in China: Evidence based on accounting data from local government financing vehicles,Helen X. H. Bao; Ziyou Wang; Robert Liangqi Wu,2023,Land Use Policy,10.1016/j.landusepol.2023.106964,https://doi.org/10.1016/j.landusepol.2023.106964,article,
DEBT-03,debt_resolution_recentralization,openalex,The development of local government financial vehicles in China: A case study of Jiaxing Chengtou,Yi Feng; Fulong Wu; Fangzhu Zhang,2020,Land Use Policy,10.1016/j.landusepol.2020.104793,https://doi.org/10.1016/j.landusepol.2020.104793,article,
DEBT-03,debt_resolution_recentralization,openalex,A Real Estate Boom with Chinese Characteristics,Edward L. Glaeser; Wei Huang; Yueran Ma; Andrei Shleifer,2017,The Journal of Economic Perspectives,10.1257/jep.31.1.93,https://doi.org/10.1257/jep.31.1.93,article,
DEBT-03,debt_resolution_recentralization,openalex,Transparency in Government Operations,George Kopits; J. Craig,1998,,10.5089/9781557756978.084,https://doi.org/10.5089/9781557756978.084,book,
DEBT-03,debt_resolution_recentralization,openalex,"The Second Cold War: US-China Competition for Centrality in Infrastructure, Digital, Production, and Finance Networks",Seth Schindler; Ilias Alami; Jessica DiCarlo; Nicholas Jepson; Steve Rolf; Mustafa Kemal Bayırbağ; Louis Cyuzuzo; Meredith J. DeBoom; Alireza F. Farahani; Imogen T. Liu; Hannah McNicol; Julie Tian Miao; Philip J. Nock; Gilead Teri; Maximiliano Facundo Vila Seoane; Kevin Ward; Tim Zajontz; Yawei Zhao,2023,Geopolitics,10.1080/14650045.2023.2253432,https://doi.org/10.1080/14650045.2023.2253432,article,
DEBT-03,debt_resolution_recentralization,openalex,Digital finance and financial literacy: Evidence from Chinese households,Junhong Yang; Yu Wu; Bihong Huang,2023,Journal of Banking & Finance,10.1016/j.jbankfin.2023.107005,https://doi.org/10.1016/j.jbankfin.2023.107005,article,
DEBT-03,debt_resolution_recentralization,openalex,The Lancet Global Health Commission on financing primary health care: putting people at the centre,Kara Hanson; Nouria Brikci; Darius Erlangga; Abebe Alebachew; Manuela De Allegri; Dina Balabanova; Mark Blecher; Cheryl Cashin; Alexo Esperato; David Hipgrave; Ina Kalisa; Christoph Kurowski; Qingyue Meng; David Morgan; Gemini Mtei; Ellen Nolte; Chima Onoka; Timothy Powell-Jackson; Martin Roland; Rajeev Sadanandan; Karin Stenberg; Jeanette Vega Morales; Hong Wang; Haja Wurie,2022,The Lancet Global Health,10.1016/s2214-109x(22)00005-5,https://doi.org/10.1016/s2214-109x(22)00005-5,article,
DEBT-03,debt_resolution_recentralization,openalex,Sovereign Debt Structure for Crisis Prevention,Eduardo Borensztein; Olivier Jeanne; Paolo Mauro; Jeromin Zettelmeyer; Marcos Chamon,2005,,10.5089/9781589063778.084,https://doi.org/10.5089/9781589063778.084,book,
DEBT-03,debt_resolution_recentralization,openalex,Finance and Firm Export in China,Jun Du; Sourafel Girma,2007,Kyklos,10.1111/j.1467-6435.2007.00362.x,https://doi.org/10.1111/j.1467-6435.2007.00362.x,article,
DEBT-03,debt_resolution_recentralization,openalex,Leveraged Buyouts and Private Equity,Steven N. Kaplan; Per Strömberg,2009,The Journal of Economic Perspectives,10.1257/jep.23.1.121,https://doi.org/10.1257/jep.23.1.121,article,
DEBT-03,debt_resolution_recentralization,openalex,Chinese State Capitalism? Rethinking the Role of the State and Business in Chinese Development Cooperation in Africa,Jing Gu; Chuanhong Zhang; Alcides Costa Vaz; Langton Mukwereza,2016,World Development,10.1016/j.worlddev.2016.01.001,https://doi.org/10.1016/j.worlddev.2016.01.001,article,
DEBT-03,debt_resolution_recentralization,openalex,The Financing of Local Government in China: Stimulus Loan Wanes and Shadow Banking Waxes,Zhuo Chen; Zhiguo He; Chun Liu,2017,National Bureau of Economic Research,10.3386/w23598,https://doi.org/10.3386/w23598,report,
DEBT-03,debt_resolution_recentralization,openalex,Barriers to the Implementation of Environmental Policies at the Local Level in China,Genia Kostka,2014,,10.1596/1813-9450-7016,https://doi.org/10.1596/1813-9450-7016,report,
DEBT-03,debt_resolution_recentralization,openalex,Future of e-Government: An integrated conceptual framework,Suresh Malodia; Amandeep Dhir; Mahima Mishra; Zeeshan Ahmed Bhatti,2021,Technological Forecasting and Social Change,10.1016/j.techfore.2021.121102,https://doi.org/10.1016/j.techfore.2021.121102,article,
DEBT-03,debt_resolution_recentralization,openalex,The Law of China's Local Government Debt Crisis: Local Government Financing Vehicles and Their Bonds,Donald C. Clarke,2016,Scholarly Commons - George Washington University Law School (George Washington University),,https://scholarship.law.gwu.edu/faculty_publications/1218,article,
DEBT-03,debt_resolution_recentralization,openalex,Credit crunch: Chinese infrastructure lending and Lao sovereign debt,Keith Barney; Kanya Souksakoun,2021,Asia & the Pacific Policy Studies,10.1002/app5.318,https://doi.org/10.1002/app5.318,article,
DEBT-03,debt_resolution_recentralization,openalex,Nexus between Government spending’s and Green Economic performance: Role of green finance and structure effect,Hailin Feng; Zhen Liu; Jian Wu; Wasim Iqbal; Wasim Ahmad; Mohamed Marie,2022,Environmental Technology & Innovation,10.1016/j.eti.2022.102461,https://doi.org/10.1016/j.eti.2022.102461,article,
DEBT-03,debt_resolution_recentralization,openalex,REINVENTING INDUSTRIAL STRATEGY: THE ROLE OF GOVERNMENT POLICY IN BUILDING INDUSTRIAL COMPETITIVENESS,Sanjaya Lall,2004,Oxford University Research Archive (ORA) (University of Oxford),,http://economics.ouls.ox.ac.uk/15372/,book,
DEBT-03,debt_resolution_recentralization,openalex,"The Changing Nature of Corporate Global Restructuring: The Impact of Production Shifts on Jobs in the US, China, and Around the Globe",Kate Bronfenbrenner; Stephanie Luce,2004,eCommons (Cornell University),,https://hdl.handle.net/1813/73140,article,
DEBT-03,debt_resolution_recentralization,openalex,global development finance,,2000,,10.2458/azu_acku_hg3881_g567_2003,https://doi.org/10.2458/azu_acku_hg3881_g567_2003,book,
DEBT-03,debt_resolution_recentralization,openalex,Financing marine conservation from restructured debt: a case study of the Seychelles,M. Booth; Cassandra M. Brooks,2023,Frontiers in Marine Science,10.3389/fmars.2023.899256,https://doi.org/10.3389/fmars.2023.899256,article,
DEBT-03,debt_resolution_recentralization,openalex,A profile of the operations of Chinese multinationals in Africa,Chris Alden; Martyn Davies,2006,South African Journal of International Affairs,10.1080/10220460609556787,https://doi.org/10.1080/10220460609556787,article,
DEBT-03,debt_resolution_recentralization,openalex,THE EFFECT OF EXTERNAL DEBT ON EMISSIONS: EVIDENCE FROM CHINA,Emrah Beşe; H. Swint Friday; Cihan Özden,2020,International Journal of Energy Economics and Policy,10.32479/ijeep.10605,https://doi.org/10.32479/ijeep.10605,article,
DEBT-03,debt_resolution_recentralization,openalex,Sovereign Debt Exposure and the Bank Lending Channel: Impact on Credit Supply and the Real Economy,Margherita Bottero; Simone Lenzu; Filippo Mezzanotti,2015,SSRN Electronic Journal,10.2139/ssrn.2686226,https://doi.org/10.2139/ssrn.2686226,preprint,
DEBT-03,debt_resolution_recentralization,openalex,Ending Africa's Poverty Trap,Jeffrey D. Sachs; John W. McArthur; Guido Schmidt‐Traub; Margaret E. Kruk; Chandrika Bahadur; Michael Faye; Gordon C. McCord,2004,Brookings Papers on Economic Activity,10.1353/eca.2004.0018,https://doi.org/10.1353/eca.2004.0018,article,
DEBT-03,debt_resolution_recentralization,openalex,China's Local Government Bond Market,W. Raphael Lam; Jingsen Wang,2018,IMF Working Paper,10.5089/9781484378410.001,https://doi.org/10.5089/9781484378410.001,article,
DEBT-03,debt_resolution_recentralization,openalex,Public asset corporation: A new vehicle for urban regeneration and infrastructure finance,Luise Noring,2019,Cities,10.1016/j.cities.2019.01.002,https://doi.org/10.1016/j.cities.2019.01.002,article,
DEBT-03,debt_resolution_recentralization,openalex,Innovative Financing for Development,,2008,,10.1596/978-0-8213-7685-0,https://doi.org/10.1596/978-0-8213-7685-0,book,
DEBT-03,debt_resolution_recentralization,openalex,Issues in Restructuring of Sovereign Domestic Debt,International Monetary Fund,2021,MF Policy Paper,10.5089/9781616358112.007,https://doi.org/10.5089/9781616358112.007,article,
DEBT-03,debt_resolution_recentralization,openalex,Riots and Cover-Ups: Counterproductive Control of Local Agents in China,Carl F. Minzner,2009,FLASH - Fordham Law Archive of Scholarship & History (Fordham University),,https://ir.lawnet.fordham.edu/faculty_scholarship/6,article,
DEBT-03,debt_resolution_recentralization,openalex,Global Debt Database: Methodology and Sources,Samba Mbaye; Marialuz Moreno Badia; Kyungla Chae,2018,IMF Working Paper,10.5089/9781484353592.001,https://doi.org/10.5089/9781484353592.001,article,
DEBT-03,debt_resolution_recentralization,openalex,Assetization: The Chinese Path to Housing Financialization,Fulong Wu; Jie Chen; Fenghua Pan; Nick Gallent; Fangzhu Zhang,2020,Annals of the American Association of Geographers,10.1080/24694452.2020.1715195,https://doi.org/10.1080/24694452.2020.1715195,article,
DEBT-03,debt_resolution_recentralization,openalex,New Economy and ICT development in China,Qingxuan Meng; Mingzhi Li,2002,Information Economics and Policy,10.1016/s0167-6245(01)00070-1,https://doi.org/10.1016/s0167-6245(01)00070-1,article,
DEBT-03,debt_resolution_recentralization,openalex,Who Really Made Your Car?: Restructuring and Geographic Change in the Auto Industry,Thomas Klier; James M. Rubenstein,2008,,10.17848/9781435678552,https://doi.org/10.17848/9781435678552,book,
DEBT-03,debt_resolution_recentralization,openalex,"Corporate Governance in China: Current Practices, Economic Effects and Institutional Determinants",Qiao Liu,2006,CESifo Economic Studies,10.1093/cesifo/ifl001,https://doi.org/10.1093/cesifo/ifl001,article,
DEBT-03,debt_resolution_recentralization,openalex,Urban Trends and Policy in China,Lamia Kamal-Chaoui; Edward Leeman; Zhang Rufei,2009,OECD regional development working papers,10.1787/225205036417,https://doi.org/10.1787/225205036417,report,
DEBT-03,debt_resolution_recentralization,openalex,Ownership structure and risk-taking: Comparative evidence from private and state-controlled banks in China,Yizhe Dong; Chao Meng; Michael Firth; Wenxuan Hou,2014,International Review of Financial Analysis,10.1016/j.irfa.2014.03.009,https://doi.org/10.1016/j.irfa.2014.03.009,article,
DEBT-03,debt_resolution_recentralization,openalex,China’s urban construction investment bond: Contextualising a financial tool for local government,Zhen Ye; Fangzhu Zhang; D’Maris Coffman; Senmao Xia; Zhifeng Wang; Zhonghua Zhu,2020,Land Use Policy,10.1016/j.landusepol.2020.105153,https://doi.org/10.1016/j.landusepol.2020.105153,article,
DEBT-03,debt_resolution_recentralization,openalex,State-society synergy : government and social capital in development,Peter Evans,1997,eScholarship (California Digital Library),,https://escholarship.org/uc/item/8mp05335,book,
DEBT-03,debt_resolution_recentralization,openalex,Federalism as a Commitment to Preserving Market Incentives,Yingyi Qian; Barry R. Weingast,1997,The Journal of Economic Perspectives,10.1257/jep.11.4.83,https://doi.org/10.1257/jep.11.4.83,article,
DEBT-03,debt_resolution_recentralization,openalex,Policy Experimentation in China’s Economic Rise,Sebastian Heilmann,2007,Studies in Comparative International Development,10.1007/s12116-007-9014-4,https://doi.org/10.1007/s12116-007-9014-4,article,
DEBT-03,debt_resolution_recentralization,openalex,Systemic Banking Crises,Fabián Valencia; Luc Laeven,2008,IMF Working Paper,10.5089/9781451870824.001,https://doi.org/10.5089/9781451870824.001,article,
DEBT-03,debt_resolution_recentralization,openalex,Creating a Market Economy in Eastern Europe: The Case of Poland,David Lipton; Jeffrey D. Sachs; Stanley Fischer; János Kornai,1990,Brookings Papers on Economic Activity,10.2307/2534526,https://doi.org/10.2307/2534526,article,
DEBT-03,debt_resolution_recentralization,openalex,Healthcare Digitalization and Pay-For-Performance Incentives in Smart Hospital Project Financing,Roberto Moro Visconti; Donato Morea,2020,International Journal of Environmental Research and Public Health,10.3390/ijerph17072318,https://doi.org/10.3390/ijerph17072318,article,
DEBT-03,debt_resolution_recentralization,openalex,Unlocking Artificial Intelligence Adoption in Local Governments: Best Practice Lessons from Real-World Implementations,Tan Yiğitcanlar; Anne David; Wenda Li; Clinton Fookes; Simon Elias Bibri; Xinyue Ye,2024,Smart Cities,10.3390/smartcities7040064,https://doi.org/10.3390/smartcities7040064,article,
DEBT-03,debt_resolution_recentralization,openalex,OECD Financing SMEs and Entrepreneurs Scoreboard: 2023 Highlights,OECD,2023,OECD SME and entrepreneurship papers,10.1787/a8d13e55-en,https://doi.org/10.1787/a8d13e55-en,report,
DEBT-03,debt_resolution_recentralization,openalex,The role of government in economic development,Irma Adelman,2000,,10.4324/9780203461761-13,https://doi.org/10.4324/9780203461761-13,book-chapter,
DEBT-03,debt_resolution_recentralization,openalex,Global low-carbon energy transition in the post-COVID-19 era,Jinfang Tian; Longguang Yu; Rui Xue; Shan Zhuang; Yuli Shan,2021,Applied Energy,10.1016/j.apenergy.2021.118205,https://doi.org/10.1016/j.apenergy.2021.118205,article,
COMP-01,compliance_functional_substitution,crossref,Budgets and Biopolitics,Stephen J. Collier,2011,Post-Soviet Social,10.23943/princeton/9780691148304.003.0007,https://doi.org/10.23943/princeton/9780691148304.003.0007,book-chapter,"<p>This chapter focuses on budgetary reform. In debates about neoliberalism and neoliberal reform, the government budget is often viewed as a key locus in which it is possible to observe the absolute antinomy between substantive provisioning and formal rationalization. “Budgetary austerity”—understood as a key component of structural adjustment and, thus, of neoliberal reform—presents an image of social welfare goals sacrificed to demands of scarcity (or the demands of international capital markets). However, seen in a somewhat broader view, it becomes apparent that the government budget—far from being a site in which these two forms of rationalization are opposed—is among the most critical sites in which the tricky relationship between formal rationality and substantive provisioning is constituted as an explicit target of technocratic reflection and management in modern states.</p>"
COMP-01,compliance_functional_substitution,crossref,Formal and Substantive Equality,Titia Loenen,2024,The Conceptualization of Equality and Non-discrimination as Legal Standards,10.1163/9789004538368_004,https://doi.org/10.1163/9789004538368_004,book-chapter,
COMP-01,compliance_functional_substitution,crossref,Defensive Compliance in Corporate Criminal Justice: Effects of Compliance Programs on Organizational Prosecution and Punishment,Li Huang,2026,Regulation &amp; Governance,10.1111/rego.70119,https://doi.org/10.1111/rego.70119,journal-article,"<jats:title>ABSTRACT</jats:title>
                  <jats:p>Business organizations have increasingly adopted compliance strategies in response to heightened regulatory requirements. Prior research has examined the role of compliance programs in curbing unethical behavior and enhancing corporate governance, but it has often overlooked their defensive function and proactive role in legal risk management. This paper develops the concept of defensive compliance and investigates whether compliance programs reduce corporate criminal liability and punishment through prosecutorial and sentencing decisions and outcomes. Analyses of US Sentencing Commission organizational offender data provide some evidence of defensive compliance: fewer conviction counts, reduced fines (only during the Biden administration), and shorter probation terms. However, its effects are muted or even reversed in other outcomes or contexts. The results also show little support for the propositions that public company status and managerial involvement moderate defensive compliance. These findings suggest that the efficacy of defensive compliance evolves over time and is highly context‐dependent. Future research should further develop the defensive compliance framework and examine its operation across varied institutional settings.</jats:p>"
COMP-01,compliance_functional_substitution,crossref,Formal and Substantive Disparity in European Suretyship Law: A Comparative Summary,Aurelia Colombi Ciacchi,2007,Protection of Non-Professional Sureties in Europe: Formal and Substantive Disparity,10.5771/9783845205366-383,https://doi.org/10.5771/9783845205366-383,book-chapter,
COMP-01,compliance_functional_substitution,crossref,Introduction to Anti-Money Laundering Regulation and Compliance,Alexander Dill,2021,Anti-Money Laundering Regulation and Compliance,10.4337/9781788974844.00009,https://doi.org/10.4337/9781788974844.00009,book-chapter,
COMP-01,compliance_functional_substitution,crossref,Del cumplimiento formal a la coherencia sustantiva: brechas de verificabilidad social en marcos globales de sostenibilidad forestal,Oscar Lorenzo Vera Gonzalez,2026,Revista Forestal Mesoamericana Kurú,10.18845/rfmk.v23i53.8796,https://doi.org/10.18845/rfmk.v23i53.8796,journal-article,"<jats:p>El estudio examinó las limitaciones estructurales que impidieron a los principales marcos internacionales de sostenibilidad —GRI, SASB, TCFD, TNFD y FSC— traducir sus compromisos formales en resultados sociales verificables, entendidos aquí como impactos respaldados por evidencia auditable y contrastable territorialmente, dentro de la sostenibilidad forestal. A partir de una revisión integrativa crítica de 145 documentos, entre artículos académicos, estándares institucionales y reportes técnicos publicados entre 2010 y 2024, se identificaron dos patrones persistentes. El primero correspondió a una desconexión entre la adopción formal de estándares y la disponibilidad de evidencia sobre impactos sociales verificables. El segundo reveló una asimetría sostenida entre la precisión técnica del componente ambiental y la vaguedad metodológica del componente social. Los hallazgos mostraron que esta disparidad no derivó solamente de la complejidad de los fenómenos sociales, sino también de decisiones institucionales que privilegiaron aquello que podía estandarizarse, auditarse y legitimarse con mayor facilidad. El estudio planteó que avanzar desde el cumplimiento formal hacia la coherencia sustantiva requirió tres desplazamientos complementarios: la co-creación de indicadores sociales con comunidades locales, la instauración de auditorías sociales independientes y el fortalecimiento de la participación territorial en la definición y evaluación del impacto. En conjunto, estos hallazgos ofrecieron una base analítica y propositiva para rediseñar los marcos de rendición de cuentas en sostenibilidad forestal.</jats:p>"
COMP-01,compliance_functional_substitution,crossref,Compliance function in Italian banks: organizational issues,Giuliana Birindelli; Paola Ferretti,2013,Journal of Financial Regulation and Compliance,10.1108/jfrc-07-2012-0027,https://doi.org/10.1108/jfrc-07-2012-0027,journal-article,"<jats:sec><jats:title content-type=""abstract-heading"">Purpose</jats:title><jats:p>The authors' paper aims to examine the organizational issues that come from the recent establishment of the compliance function in Italian banks.</jats:p></jats:sec><jats:sec><jats:title content-type=""abstract-heading"">Design/methodology/approach</jats:title><jats:p>The authors' paper takes as a starting point the Bank of Italy's regulations and the existing literature on compliance, in order to create a theoretical model of an efficient internal control system.</jats:p></jats:sec><jats:sec><jats:title content-type=""abstract-heading"">Findings</jats:title><jats:p>For each organizational structure of compliance, the authors' paper describes strengths and weakness. It also outlines the scopes of compliance and internal audit in order to avoid overlaps. Having regard to the similarities between operational risk and compliance risk, the study identifies cooperation areas so as to achieve synergies, in terms of costs, and a better operational efficiency.</jats:p></jats:sec><jats:sec><jats:title content-type=""abstract-heading"">Research limitations/implications</jats:title><jats:p>The authors' paper focuses mainly on the relationship between compliance, on one side, and internal audit and risk management on the other. It focuses also on the positioning of compliance within the internal control system, as it has been regulated by the Italian disposals. Further research could concern the relationship with other functions and the regulations of other countries.</jats:p></jats:sec><jats:sec><jats:title content-type=""abstract-heading"">Practical implications</jats:title><jats:p>The authors' paper identifies cooperation forms between the internal control system functions. This is the way to suggest organizational solutions able to improve banking efficiency.</jats:p></jats:sec><jats:sec><jats:title content-type=""abstract-heading"">Originality/value</jats:title><jats:p>This subject has not been analyzed in depth to date. This article attempts to obtain an identification of the roles and responsibilities of the main functions involved in the internal controls system, in order to define organizational models characterized by complementarity of interventions and thus oriented towards the objectives of effectiveness and efficiency.</jats:p></jats:sec>"
COMP-01,compliance_functional_substitution,crossref,Formal and Substantive Aggregation,Iwao Hirose,2014,Moral Aggregation,10.1093/acprof:oso/9780199933686.003.0003,https://doi.org/10.1093/acprof:oso/9780199933686.003.0003,book-chapter,
COMP-01,compliance_functional_substitution,crossref,Performative Compliance and Rationalized Hoarding,Jamie O'Brien,2026,Organizational Cultures: An International Journal,10.18848/2327-8013/cgp/a176,https://doi.org/10.18848/2327-8013/cgp/a176,journal-article,"<jats:p xml:lang=""en"">&lt;p&gt;Organizations invest heavily in formal Knowledge Management (KM) systems to capture organizational wisdom, yet knowledge hoarding and inefficiency persist. While existing quantitative literature has mapped the antecedents of sharing, it often fails to explain the micro-foundational resilience of hoarding under operational pressure. This exploratory, interpretivist multiple-cases study investigates knowledge behaviors within&lt;span style=""color: rgb(1, 0, 0);""&gt; two &lt;/span&gt;high-technology organizations in the medical device sector. Data were collected through thirty-six in-depth semi-structured interviews, nonparticipant observation, and document analysis. This data set establishes a foundational baseline for “performative compliance” that persists in modern digital environments. Analysis reveals a profound institutional decoupling between formal KM policy and actual practice. Employees engaged in performative compliance, gaming formal training systems to satisfy audit trails without genuine learning. Knowledge hoarding was identified not as malicious behavior, but as a rational coping mechanism—a calculation of adaptive cost in response to time famine. Consequently, employees relied on exclusionary informal networks, increasing strategic fragility. The study concludes that the “click–click” culture of modern compliance is a structural inevitability when governance systems ignore the temporal cost of sharing. To transition to genuine sharing, organizations must treat time as a critical knowledge resource.&lt;/p&gt;</jats:p>"
COMP-01,compliance_functional_substitution,crossref,"Integrity for English Eyes Only? Evidence of Means‐Ends Decoupling in
                    <scp>B</scp>
                    razilian Corporate Compliance",Marco Antonio Portugal,2026,Regulation &amp; Governance,10.1111/rego.70164,https://doi.org/10.1111/rego.70164,journal-article,"<jats:title>ABSTRACT</jats:title>
                  <jats:p>
                    This study investigates whether the consolidation of corporate compliance in Brazil after Law No. 12.846/2013 resulted in substantial gains in effectiveness or reinforced predominantly symbolic compliance patterns. The research uses administrative data from the National Registry of Substantiated Complaints between 2009 and 2024 and applies a quasi‐experimental strategy composed of interrupted time series, logistic regression with clustered errors, and fixed‐effects models. The results show no structural break following the law and a statistically significant decrease in the probability of conflict resolution in the post‐law period (OR = 0.941; 95% CI: 0.909–0.974). Additional robustness analyses with a balanced recurrent‐firm panel point in the same direction, but the event‐study specification does not fully satisfy the parallel‐trends diagnostic (Wald
                    <jats:italic>p</jats:italic>
                     = 0.010). The findings therefore provide convergent evidence consistent with means‐ends decoupling in the post‐law regulatory environment, while suggesting caution in stronger causal interpretations. These findings contribute to debates on legal endogeneity, the audit society, and society‐level compliance washing, showing that the expansion of formal integrity apparatuses has not been matched by verifiable gains in corporate responsiveness.
                  </jats:p>"
COMP-01,compliance_functional_substitution,crossref,New governance regulation and lawyers: When substantive compliance erodes legal professionalism,Sundeep Aulakh; Ian Kirkpatrick,2018,Journal of Professions and Organization,10.1093/jpo/joy016,https://doi.org/10.1093/jpo/joy016,journal-article,
COMP-01,compliance_functional_substitution,crossref,Machinery Manufacturers’ Performance for Substantive Safety Outcomes,,2017,Safe Design and Construction of Machinery,10.1201/9781315607412-7,https://doi.org/10.1201/9781315607412-7,book-chapter,
COMP-01,compliance_functional_substitution,crossref,"The Future of Bank Regulation, Risk Management, and Compliance",Alexander Dill,2019,"Bank Regulation, Risk Management, and Compliance",10.4324/9780429351167-14,https://doi.org/10.4324/9780429351167-14,book-chapter,
COMP-01,compliance_functional_substitution,crossref,"The influence of formal, substantive, and contextual task properties on the relative effectiveness of different forms of feedback in multiple-cue probability learning tasks",Leonard Adelman,1981,Organizational Behavior and Human Performance,10.1016/0030-5073(81)90032-5,https://doi.org/10.1016/0030-5073(81)90032-5,journal-article,
COMP-01,compliance_functional_substitution,crossref,The Role of Risk Management and Compliance in Consumer Protection Regulation,Alexander Dill,2019,"Bank Regulation, Risk Management, and Compliance",10.4324/9780429351167-12,https://doi.org/10.4324/9780429351167-12,book-chapter,
COMP-01,compliance_functional_substitution,crossref,How Rules and Compliance Impact Organizational Outcomes: Evidence from Delegation in Environmental Regulation,James Fenske; Muhammad Haseeb; Namrata Kala,2023,,10.3386/w31991,https://doi.org/10.3386/w31991,report,
COMP-01,compliance_functional_substitution,crossref,Reclaiming the Practical: Formal and Substantive Rationality in Social Work Practice,Mary Ellen Kondrat,1992,Social Service Review,10.1086/603912,https://doi.org/10.1086/603912,journal-article,
COMP-01,compliance_functional_substitution,crossref,Why DEI Programs Fail: Organizational Design as the Missing Answer A psychosocial critique of current practice and a framework for substantive change,Alessandro Reati,2026,,10.2139/ssrn.6561198,https://doi.org/10.2139/ssrn.6561198,posted-content,"<jats:p>Diversity and inclusion (DEI) programs have become ubiquitous features of organisational life. Most produce little or no measurable change. This paper argues that the problem is not resistance, political backlash, or lack of commitment: it is design. Drawing on work and organisational psychology, institutional sociology, and political philosophy, the paper identifies three systematic failures in current DEI practice: the wrong explanatory target (individuals rather than processes); the wrong unit of change (attitudes rather than structures); and the wrong accountability mechanism (reporting rather than redesign). It introduces a distinction between symbolic and substantive DEI, proposes a process-level design framework grounded in evidence, and closes with an argument that DEI is not only an organisational problem to be solved but a democratic necessity to be honoured. The argument draws on foundational work that predates the current DEI industry and has been largely confirmed, without being superseded, by three decades of subsequent research.</jats:p>"
COMP-01,compliance_functional_substitution,crossref,The Power of Compliance Management: Substantive Transformation or Compliance Controls – Perspective of Green Bond Issuance,Jun Shao; Junzi Zhang,2024,,10.2139/ssrn.4891244,https://doi.org/10.2139/ssrn.4891244,posted-content,
COMP-01,compliance_functional_substitution,crossref,The role of Risk Management and Compliance in Micro-Prudential Capital Regulation,Alexander Dill,2019,"Bank Regulation, Risk Management, and Compliance",10.4324/9780429351167-7,https://doi.org/10.4324/9780429351167-7,book-chapter,
COMP-01,compliance_functional_substitution,crossref,From Formal Halal Certification to Substantive Compliance: Integrating Maqāsid Al-Sharī’ah and Risk-Based Governance in SMEs,Rizal; Chitra Indah Sari; Nil Firdaus; Mohammad Aliman Shahmi; Yuliza Zen,2026,Nusantara: Journal of Law Studies,10.66325/nusantaralaw.v5i1.176,https://doi.org/10.66325/nusantaralaw.v5i1.176,journal-article,"<jats:p>The halal industry has evolved into a global economic regime that demands governance based not only on normative compliance but also on the ability to guarantee process integrity and business sustainability. However, in the small and medium enterprise (SME) sector, halal certification is still dominated by administrative compliance that has not been integrated into operational systems. This study aims to analyze the implementation of halal certification policies in SMEs by integrating the maqāsid al-sharī’ah (Islamic principles) and risk-based governance perspectives. This study employed a qualitative case study design and used document analysis, in-depth interviews, and observations in Padang Panjang City. The results revealed a structural gap between policy design and implementation practices. This gap is reflected in the low halal certification rate of 3.9% (520 out of 13,183 SMEs), the prevalence of self-declaration schemes (93.8%), and weak halal literacy and underdeveloped risk-based control systems in the production process. These conditions suggest that halal compliance remains largely symbolic and has yet to yield substantive outcomes in line with the maqāsid. This study contributes to the field by developing an integrative analytical framework that connects maqāsid, as the normative basis, with risk-based governance, as the operational mechanism. The framework emphasizes the need to shift from rule-based compliance to system-based governance in halal policy. This study introduces the Maqāsid-Based Risk Governance Index (MRGI), an integrative model that uses operational indicators such as safety, traceability, and transparency to measure the achievement of maqāsid outcomes.</jats:p>"
COMP-01,compliance_functional_substitution,crossref,"The Regulatory Practice of the French Financial Markets Authority, 2006-2011. From Substantive to Procedural Financial Regulation?",Thierry Kirat; Frédéric M. Marty,2015,,10.2139/ssrn.2623442,https://doi.org/10.2139/ssrn.2623442,posted-content,"<jats:p>Fraud and misconduct in the financial market became in the recent years a key issue of regulation in the context of financial crisis. The paper investigates the French financial supervisor (Autorité des marchés financiers) sanctions policy and practices. It argues that the Autorité des marchés financiers has made a shift over time from a substantive to a procedural regulation of finance. This change consists in departing from a sanction of observed outcomes in the market and, instead, to assess the performance of internal-organizational schemes of financial firms. Therefore the new AMF policy and practice involve a process of legalization of organizations; it also gives evidence of a process of delegation of regulation at the level of financial firms themselves.</jats:p>"
COMP-01,compliance_functional_substitution,crossref,Contesting compliance in hardship regulation,,2017,Meta-Regulation in Practice,10.4324/9781315308913-5,https://doi.org/10.4324/9781315308913-5,book-chapter,
COMP-01,compliance_functional_substitution,crossref,TWELVE. Formal and Substantive Priority Systems,,1990,Why Preserve Natural Variety?,10.1515/9781400859238.243,https://doi.org/10.1515/9781400859238.243,book-chapter,
COMP-01,compliance_functional_substitution,crossref,Substantive Reform,,2012,Rescuing Regulation,10.1515/9780791481097-008,https://doi.org/10.1515/9780791481097-008,book-chapter,
COMP-01,compliance_functional_substitution,crossref,Organizational development facilitates effective regulation compliance,Anne Cusick,2005,Leadership &amp; Organization Development Journal,10.1108/01437730510582545,https://doi.org/10.1108/01437730510582545,journal-article,"<jats:sec><jats:title content-type=""abstract-heading"">Purpose</jats:title><jats:p>Aims to explain how application of organizational development (OD) can facilitate compliance with regulations imposed by an external government agency on university operations.</jats:p></jats:sec><jats:sec><jats:title content-type=""abstract-heading"">Design/methodology/approach</jats:title><jats:p>A total of 2,000 students and 150 staff were directly affected by the regulation, with the remaining university population potentially affected. The strategy utilized project management and change agent processes where analysis of the problem, design and implementation of interventions, and evaluation of intervention effect were carried out through a project working party with highly centralized leadership by senior management. There was regular progressive and summative evaluation of project goal attainment.</jats:p></jats:sec><jats:sec><jats:title content-type=""abstract-heading"">Findings</jats:title><jats:p>Use of project management, change agents and centralized senior project leadership provided the practical means to support successful OD. OD worked well within the devolved, multi‐campus, multidisciplinary and organizationally complex environment of the university. OD proved to be an effective and efficient approach for large‐scale change in technical organizational sub‐systems, in particular structure and technology. By the end of the 18‐month intervention, no staff incidents had been reported, and of 2,000 students directly affected, only seven incidents had been identified and these were ultimately resolved by the project management group.</jats:p></jats:sec><jats:sec><jats:title content-type=""abstract-heading"">Practical implications</jats:title><jats:p>OD can be used effectively and efficiently to facilitate mandated change in multi‐site, multidisciplinary, large organizations. This case study demonstrated that project management, centralized leadership and the use of change agents were practical, efficient and effective within the OD framework.</jats:p></jats:sec><jats:sec><jats:title content-type=""abstract-heading"">Originality/value</jats:title><jats:p>This is the first study to describe and evaluate the use of OD to facilitate mandated change in universities in response to regulation.</jats:p></jats:sec>"
COMP-01,compliance_functional_substitution,crossref,How Rules and Compliance Impact Organizational Outcomes: Evidence from Delegation in Environmental Regulation,James Fenske; Muhammad Haseeb; Namrata Kala,2023,,10.2139/ssrn.4675179,https://doi.org/10.2139/ssrn.4675179,posted-content,"<jats:p>Formal rules within organizations are pervasive, but may be interpreted and implemented differently by actors within the organization, impacting organizational outcomes. We consider a delegation reform that changed formal rules within the environmental regulator in an Indian state, by giving decision rights to junior officers over certain types of application. Using novel data on firms&amp;apos; environmental permit applications and internal communications within the regulator, we study how the delegation of formal authority affects its actual allocation, the consequences for applicant firms, and the circumstances that lead senior officers to withhold this authority. The change in decision rights led to greater approval rates for applicant firms. However, only two thirds of applications that should have been delegated according to the rules were actually delegated. We show that senior officers chose to retain decision rights over more difficult applications, namely, applications with higher pollution potential. Furthermore, baseline disagreement with more subordinates&amp;apos; recommendations reduces delegation post-reform, and officers facing a higher backlog of applications are more likely to delegate. These results are consistent with a framework where the allocation of decision rights is determined by a knowledge hierarchy and where different senior officers face varying costs of delegation at different times.</jats:p>"
COMP-01,compliance_functional_substitution,crossref,Eurogovernance and Eastward Expansion of the EU: Formal versus Substantive Democratic Reform,Adam Fagin,1999,Public Policy in the New Europe,10.4337/9781035363001.00017,https://doi.org/10.4337/9781035363001.00017,book-chapter,
COMP-01,compliance_functional_substitution,crossref,Formal and Substantive Principles of Reason,Christine M. Korsgaard,2009,Self-Constitution,10.1093/acprof:oso/9780199552795.003.0003,https://doi.org/10.1093/acprof:oso/9780199552795.003.0003,book-chapter,
COMP-01,compliance_functional_substitution,crossref,Escaping the Impossibility of Fairness: From Formal to Substantive Algorithmic Fairness,Ben Green,2021,,10.2139/ssrn.3883649,https://doi.org/10.2139/ssrn.3883649,posted-content,"<jats:p>Efforts to promote equitable public policy with algorithms appear to be fundamentally constrained by the “impossibility of fairness” (an incompatibility between mathematical definitions of fairness). This technical limitation raises a central question about algorithmic fairness: How can computer scientists and policymakers support equitable policy reforms with algorithms? In this article, I argue that promoting justice with algorithms requires reforming the methodology of algorithmic fairness. First, I diagnose the problems of the current methodology for algorithmic fairness, which I call “formal algorithmic fairness.” Because formal algorithmic fairness restricts analysis to isolated decision-making procedures, it leads to the impossibility of fairness and to models that exacerbate oppression despite appearing “fair.” Second, I draw on theories of substantive equality from law and philosophy to propose an alternative methodology, which I call “substantive algorithmic fairness.” Because substantive algorithmic fairness takes a more expansive scope of analysis, it enables an escape from the impossibility of fairness and provides a rigorous guide for alleviating injustice with algorithms. In sum, substantive algorithmic fairness presents a new direction for algorithmic fairness: away from formal mathematical models of “fair” decision-making and toward substantive evaluations of whether and how algorithms can promote justice in practice.</jats:p>"
COMP-01,compliance_functional_substitution,crossref,"What Precedes Means-Ends Decoupling, and Why Does It Matter? Practice Variation and the Role of Organizational Agency",Sang-Bum Park,2013,,10.2139/ssrn.2358278,https://doi.org/10.2139/ssrn.2358278,posted-content,"<jats:p>Although many firms implement various kinds of practices, a substantial number fail to get what they desire. A firm’s practices are frequently decoupled from intended outcomes. This study explores this phenomenon by applying the concepts of means-ends decoupling, referring to a gap between practices and outcomes, and intra-organizational dynamics, and by doing so, explains differences in firms’ responses to institutionalization of practices. This study begins to set out a framework for understanding organizational heterogeneity in institutional process, and identifies intra-organizational dynamics into two components: consistency and competence. The principal empirical issue in this study is to illuminate what precedes and follows means-ends decoupling. As a result, this study adds new insight into the role intra-organizational dynamics and agency plays in institutionalized practices, and also delineates more precisely the institutional dimensions of practices (i.e., adoption and implementation), as well as their varied consequences for organizations.</jats:p>"
COMP-01,compliance_functional_substitution,crossref,"Critical theory, formal law, and the plea negotiation process; achieving substantive procedural discourse.",Timothy Martin,,,10.22215/etd/1996-03318,https://doi.org/10.22215/etd/1996-03318,dissertation,
COMP-01,compliance_functional_substitution,crossref,FORMAL AND SUBSTANTIVE PRIORITY SYSTEMS,,2014,Why Preserve Natural Variety?,10.2307/j.ctt7zv3gd.15,https://doi.org/10.2307/j.ctt7zv3gd.15,book-chapter,
COMP-01,compliance_functional_substitution,crossref,Preface: Formal and Substantive,,2011,Post-Soviet Social,10.1515/9781400840427.xi,https://doi.org/10.1515/9781400840427.xi,book-chapter,
COMP-01,compliance_functional_substitution,crossref,Formal Organizational Structures and Emotion Regulation Actions in Organizational Innovation,Natalia Vuori; Marina Biniari; Timo Olavi Vuori,2019,Academy of Management Proceedings,10.5465/ambpp.2019.16782abstract,https://doi.org/10.5465/ambpp.2019.16782abstract,journal-article,
COMP-01,compliance_functional_substitution,crossref,Is ‘better regulation’ possible? Formal and substantive quality in the impact assessments in education and culture of the European Commission,Manuel Souto-Otero,2013,Evidence &amp; Policy,10.1332/174426413x662725,https://doi.org/10.1332/174426413x662725,journal-article,"<jats:p>This article explores the initial results produced by the European Commission’s ‘better regulation agenda’, which aims to stimulate productivity and employment, on the use of evidence and its potential to enhance democratic governance. The article finds that implausible rational models of policy making dictate the ways in which the Commission is expected to conceive its programmes, and these models are adopted to legitimise rather than inform decisions. This negatively affects the processes by which interventions are designed and their social credibility. These processes are illustrated through an analysis of EU regulatory impact assessments in lifelong learning, culture, youth and citizenship during 2002-07.</jats:p>"
COMP-01,compliance_functional_substitution,crossref,Regulatory expectations for AMLCFT and sanctions compliance programs,Alexander Dill,2021,Anti-Money Laundering Regulation and Compliance,10.4337/9781788974844.00013,https://doi.org/10.4337/9781788974844.00013,book-chapter,
COMP-01,compliance_functional_substitution,crossref,Anti-Money Laundering Regulation and Compliance,Alexander Dill,2021,,10.4337/9781788974844,https://doi.org/10.4337/9781788974844,monograph,
COMP-01,compliance_functional_substitution,crossref,Substantive Empirical Results: Mobilized Dissent,Courtenay R. Conrad; Emily Hencken Ritter,2019,Contentious Compliance,10.1093/oso/9780190910976.003.0006,https://doi.org/10.1093/oso/9780190910976.003.0006,book-chapter,"<p>This chapter utilizes the treatment models described in Chapter 4 to estimate the effects of a treaty on both treaty-obligated and -unobligated countries. It examines first the probability that a government will (or will not) be obligated to an international human rights treaty and then the effect the treaty has (or would have) on mobilized dissent on the two samples of countries. Like those for government repression presented in Chapter 5, the models have complicated error correlations, interaction terms, and observable variables, making interpretation of the statistical estimates on their own quite unintuitive. Therefore, the focus is on presenting the substantive results of these estimates.</p>"
COMP-01,compliance_functional_substitution,crossref,"Bank Regulation, Risk Management, and Compliance",Alexander Dill,2019,,10.4324/9780429351167,https://doi.org/10.4324/9780429351167,book,
COMP-01,compliance_functional_substitution,crossref,&amp;nbsp;IPO Registration Reform: Replacing Substantive Review with Prudent Formal Review,Junhai Liu,2026,,10.2139/ssrn.7283598,https://doi.org/10.2139/ssrn.7283598,posted-content,"<jats:p>This article argues that China's then-existing IPO approval system should be transformed into a registration-based system centered on prudent formal review rather than substantive merit review. The registration system proposed here is not a regime of no review, nor an unconstrained mechanical filing process; it rests on full information disclosure, careful verification of the authenticity, legality, relevance, and sufficiency of application materials, and strict ex post legal accountability. To prevent abuse of registration reform, the article advances ten complementary safeguards: stronger and more intelligible real-time disclosure; asset security from legal representatives, controlling shareholders, and actual controllers; stronger administrative investigation and sanctions; punitive damages; an investor association and representative litigation; stronger criminal enforcement; encouragement of market-based short sellers and anti-fraud investigators; industry-sensitive listing standards, including for internet companies; separation of public-offering review from exchange listing review; and abolition of mandatory sponsorship coupled with joint and several guaranty liability for voluntarily selected sponsors. The article seeks to reconcile marketoriented reform with investor protection, regulatory credibility, and transaction security.</jats:p>"
COMP-01,compliance_functional_substitution,crossref,The expectations gap and heteroglossic practices of (non-) compliance in banking regulation,Roland Pfyl,2016,A Guide to Discursive Organizational Psychology,10.4337/9780857939296.00020,https://doi.org/10.4337/9780857939296.00020,book-chapter,
COMP-01,compliance_functional_substitution,crossref,Substantive Empirical Results: Government Repression,Courtenay R. Conrad; Emily Hencken Ritter,2019,Contentious Compliance,10.1093/oso/9780190910976.003.0005,https://doi.org/10.1093/oso/9780190910976.003.0005,book-chapter,"<p>This chapter utilizes the treatment models described in Chapter 4 to estimate the effects of a treaty on both obligated and unobligated countries. For those that are obligated to the terms of an HRT, it estimates the effect of the treaty on government repression relative to the counterfactual of how that country would have repressed if it were not treaty-obligated. For countries that are not obligated to a given HRT in each year, it estimates the effect of a counterfactual treaty commitment on government repression relative to repression that occurred absent the treaty obligation. By comparing each government's level of repression under its observed treaty commitment status and level of repression that it would have experienced under a counterfactual treaty-obligation condition, statistical models estimate the effect of international human rights law on various government violations of human rights.</p>"
COMP-01,compliance_functional_substitution,crossref,"Formal, Substantive, and Disaggregated Neutrality Toward Religion*",Douglas Laycock,2017,Religion and Equality Law,10.4324/9781315088945-1,https://doi.org/10.4324/9781315088945-1,book-chapter,
COMP-01,compliance_functional_substitution,crossref,"Formal and Substantive Interpretations of the Rule of Law, Democracy, and Human Rights",Awesta Rassa,2016,,10.2139/ssrn.2747567,https://doi.org/10.2139/ssrn.2747567,posted-content,"<jats:p>This thesis explores the role that the values of rule of law, democracy, and human rights play on the international level. The argument of this thesis is that international bodies blindly focus on executing these three values in the (perhaps mistaken) belief that this will result in establishing just societies. This thesis highlights the recent developments on international level with regard to the rule of law, democracy and human rights. This study will further address the different approaches and definitions of these three values. There will be a focus on the differences between the formal and substantive interpretation of the values. Finally the three values will be combined, both formally and substantively, in order to determine what is demanded from states when they ought to comply with all three values. The goal of this thesis is to take a step back in order to analyze the current developments and to determine whether these developments are favourable and, more importantly, achievable.</jats:p>"
COMP-01,compliance_functional_substitution,crossref,References,Alexander Dill,2021,Anti-Money Laundering Regulation and Compliance,10.4337/9781788974844.00018,https://doi.org/10.4337/9781788974844.00018,book-chapter,
COMP-01,compliance_functional_substitution,crossref,Appendix,Alexander Dill,2021,Anti-Money Laundering Regulation and Compliance,10.4337/9781788974844.00017,https://doi.org/10.4337/9781788974844.00017,book-chapter,
COMP-01,compliance_functional_substitution,crossref,Formal and Substantive Democracy,Jorge Nef; Bernd Reiter,2009,The Democratic Challenge,10.1007/978-1-137-02001-7_3,https://doi.org/10.1007/978-1-137-02001-7_3,book-chapter,
COMP-01,compliance_functional_substitution,crossref,Introduction: Progress: Formal and substantive,,1997,Theory and Progress in Social Science,10.1017/cbo9780511600883.002,https://doi.org/10.1017/cbo9780511600883.002,book-chapter,
COMP-01,compliance_functional_substitution,crossref,Justice and Egalitarianism,Michael Quinn,2019,,10.4324/9780429295027,https://doi.org/10.4324/9780429295027,book,
COMP-01,compliance_functional_substitution,openalex,Means versus Ends in Opaque Institutional Fields: Trading off Compliance and Achievement in Sustainability Standard Adoption,Frank Wijen,2014,Academy of Management Review,10.5465/amr.2012.0218,https://doi.org/10.5465/amr.2012.0218,article,
COMP-01,compliance_functional_substitution,openalex,CSR decoupling within business groups and the risk of perceived greenwashing,Joel Bothello; Ioannis Ioannou; Vlad‐Andrei Porumb; Yasemin Karaibrahimoglu,2023,Strategic Management Journal,10.1002/smj.3532,https://doi.org/10.1002/smj.3532,article,
COMP-01,compliance_functional_substitution,openalex,Walking and Talking Corporate Social Responsibility: Implications of Firm Size and Organizational Cost,Christopher Wickert; Andreas Georg Scherer; Laura J. Spence,2016,Journal of Management Studies,10.1111/joms.12209,https://doi.org/10.1111/joms.12209,article,
COMP-01,compliance_functional_substitution,openalex,Decoupling practical and legal compliance: Analysis of member states’ implementation of EU policy,Asya Zhelyazkova; Cansarp Kaya; Reini Schrama,2016,European Journal of Political Research,10.1111/1475-6765.12154,https://doi.org/10.1111/1475-6765.12154,article,
COMP-01,compliance_functional_substitution,openalex,Making Standards Stick: A Theory of Coupled vs. Decoupled Compliance,Kurt Sandholtz,2012,Organization Studies,10.1177/0170840612443623,https://doi.org/10.1177/0170840612443623,article,
COMP-01,compliance_functional_substitution,openalex,Political Decoupling: Private Implementation of Public Policy,Manuel P. Teodoro; Youlang Zhang; David Switzer,2018,Policy Studies Journal,10.1111/psj.12287,https://doi.org/10.1111/psj.12287,article,
COMP-01,compliance_functional_substitution,openalex,The Dynamics of Standardization: Three Perspectives on Standards in Organization Studies,Nils Brunsson; Andreas Rasche; David Seidl,2012,Organization Studies,10.1177/0170840612450120,https://doi.org/10.1177/0170840612450120,article,
COMP-01,compliance_functional_substitution,openalex,Decoupling Standards from Practice: The Impact of In-House Certifications on Coffee Farms’ Environmental and Social Conduct,Elisa Giuliani; Luciano Ciravegna; Andrea Vezzulli; Bernard Kilian,2017,World Development,10.1016/j.worlddev.2017.03.013,https://doi.org/10.1016/j.worlddev.2017.03.013,article,
COMP-01,compliance_functional_substitution,openalex,Beyond decoupling: unions and the leveraging of corporate social responsibility in Indonesia,Tim Bartley; Niklas Egels‐Zandén,2015,Socio-Economic Review,10.1093/ser/mwv023,https://doi.org/10.1093/ser/mwv023,article,
COMP-01,compliance_functional_substitution,openalex,Paperwork and the decoupling of audit and animal welfare: The challenges of materiality for better regulation,María Paula Escobar; David Demeritt,2016,Environment and Planning C Politics and Space,10.1177/0263774x16646771,https://doi.org/10.1177/0263774x16646771,article,
COMP-01,compliance_functional_substitution,openalex,I Need Time! Exploring Pathways to Compliance under Institutional Complexity,Aafke Raaijmakers; Patrick A.M. Vermeulen; Marius T.H. Meeus; Charlene Zietsma,2014,Academy of Management Journal,10.5465/amj.2011.0276,https://doi.org/10.5465/amj.2011.0276,article,
COMP-01,compliance_functional_substitution,openalex,Sustainable Development and Certification Practices: Lessons Learned and Prospects,Olivier Boiral; Yves Gendron,2010,Business Strategy and the Environment,10.1002/bse.701,https://doi.org/10.1002/bse.701,article,
COMP-01,compliance_functional_substitution,openalex,Field Opacity and Practice-Outcome Decoupling: Private Regulation of Labor Standards in Global Supply Chains,Sarosh Kuruvilla; Mingwei Liu; Chunyun Li; Wansi Chen,2020,Industrial and Labor Relations Review,10.1177/0019793920903278,https://doi.org/10.1177/0019793920903278,article,
COMP-01,compliance_functional_substitution,openalex,Effects of greenwashing on financial performance: Moderation through local environmental regulation and media coverage,Wei Li; Weining Li; Weining Li; Weining Li; Veikko Seppänen; Timo Koivumäki,2022,Business Strategy and the Environment,10.1002/bse.3177,https://doi.org/10.1002/bse.3177,article,
COMP-01,compliance_functional_substitution,openalex,Implementing Socially Sustainable Practices in Challenging Institutional Contexts: Building Theory from Seven Developing Country Supplier Cases,Fahian Anisul Huq; Mark Stevenson,2018,Journal of Business Ethics,10.1007/s10551-018-3951-x,https://doi.org/10.1007/s10551-018-3951-x,article,
COMP-01,compliance_functional_substitution,openalex,"The Three Pillars of Corporate Social Reporting as New Governance Regulation: Disclosure, Dialogue, and Development",David Hess,2008,Business Ethics Quarterly,10.5840/beq200818434,https://doi.org/10.5840/beq200818434,article,
COMP-01,compliance_functional_substitution,openalex,Decoupling: Marital Violence and the Struggle to Divorce in China,Ethan Michelson,2019,American Journal of Sociology,10.1086/705747,https://doi.org/10.1086/705747,article,
COMP-01,compliance_functional_substitution,openalex,The Impact of Symbolic and Substantive Actions on Environmental Legitimacy,Pascual Berrone; Liliana Gelabert; Andréa Fosfuri,2009,SSRN Electronic Journal,10.2139/ssrn.1349063,https://doi.org/10.2139/ssrn.1349063,preprint,
COMP-01,compliance_functional_substitution,openalex,Modelling the Micro-Foundations of the Audit Society: Organizations and the Logic of the Audit Trail,Michael Power,2019,Academy of Management Review,10.5465/amr.2017.0212,https://doi.org/10.5465/amr.2017.0212,article,
COMP-01,compliance_functional_substitution,openalex,Does mandating ESG reporting reduce ESG decoupling? Evidence from the European Union's Directive 2014/95,Ahmed Aboud; Ahmed Saleh; Yasser Eliwa,2023,Business Strategy and the Environment,10.1002/bse.3543,https://doi.org/10.1002/bse.3543,article,
COMP-01,compliance_functional_substitution,openalex,What Drives Substantive Versus Symbolic Implementation of ISO 14001 in a Time of Economic Crisis? Insights from Greek Manufacturing Companies,Konstantinos Iatridis; Effie Kesidou,2016,Journal of Business Ethics,10.1007/s10551-016-3019-8,https://doi.org/10.1007/s10551-016-3019-8,article,
COMP-01,compliance_functional_substitution,openalex,Accountability infrastructures: Pragmatic compliance inside organizations,Ruthanne Huising; Susan S. Silbey,2021,Regulation & Governance,10.1111/rego.12419,https://doi.org/10.1111/rego.12419,article,
COMP-01,compliance_functional_substitution,openalex,Geopolitical Decoupling in Global Production Networks,Petr Pavlínek,2023,Economic Geography,10.1080/00130095.2023.2281175,https://doi.org/10.1080/00130095.2023.2281175,article,
COMP-01,compliance_functional_substitution,openalex,"Talking the Talk, Moral Entrapment, Creeping Commitment? Exploring Narrative Dynamics in Corporate Responsibility Standardization",Patrick Haack; Dennis Schoeneborn; Christopher Wickert,2012,Organization Studies,10.1177/0170840612443630,https://doi.org/10.1177/0170840612443630,article,
COMP-01,compliance_functional_substitution,openalex,Non-financial reporting research and practice: Lessons from the last decade,Teresa Turzo; Giacomo Marzi; Christian Favino; Simone Terzani,2022,Journal of Cleaner Production,10.1016/j.jclepro.2022.131154,https://doi.org/10.1016/j.jclepro.2022.131154,article,
COMP-01,compliance_functional_substitution,openalex,The Effects of Mandatory and Voluntary Regulatory Pressures on Firms’ Environmental Strategies: A Review and Recommendations for Future Research,Juan Alberto Aragón Correa; Alfred A. Marcus; Dávid Vogel,2019,Academy of Management Annals,10.5465/annals.2018.0014,https://doi.org/10.5465/annals.2018.0014,article,
COMP-01,compliance_functional_substitution,openalex,From Compliance to Progress: A Sensemaking Perspective on the Governance of Corruption,Stefan Schembera; Patrick Haack; Andreas Georg Scherer,2022,Organization Science,10.1287/orsc.2022.1614,https://doi.org/10.1287/orsc.2022.1614,article,
COMP-01,compliance_functional_substitution,openalex,Mind the gap: The interplay between external and internal actions in the case of corporate social responsibility,Olga Hawn; Ioannis Ioannou,2015,Strategic Management Journal,10.1002/smj.2464,https://doi.org/10.1002/smj.2464,article,
COMP-01,compliance_functional_substitution,openalex,Institutional Theory and Evolution of ‘A Legitimate’ Compliance Culture: The Case of the UK Financial Service Sector,Wendy Mason Burdon; M. Karim Sorour,2018,Journal of Business Ethics,10.1007/s10551-018-3981-4,https://doi.org/10.1007/s10551-018-3981-4,article,
COMP-01,compliance_functional_substitution,openalex,Sustainability in multi‐tier supply chains: Understanding the double agency role of the first‐tier supplier,Miriam Wilhelm; Constantin Blome; Vikram Bhakoo; Antony Paulraj,2015,Journal of Operations Management,10.1016/j.jom.2015.11.001,https://doi.org/10.1016/j.jom.2015.11.001,article,
COMP-01,compliance_functional_substitution,openalex,Which transparency matters? Compliance with anti-corruption efforts in extractive industries,Kerem Öge,2016,Resources Policy,10.1016/j.resourpol.2016.04.001,https://doi.org/10.1016/j.resourpol.2016.04.001,article,
COMP-01,compliance_functional_substitution,openalex,‘Social compliance decoupling cascades’ in global supply chains: A review of the implementation of labour codes,Yinyin Cao; Mevan Jayasinghe,2023,International Journal of Management Reviews,10.1111/ijmr.12357,https://doi.org/10.1111/ijmr.12357,article,
COMP-01,compliance_functional_substitution,openalex,Globalization and Business Regulation,Marie‐Laure Djelic; Sigrid Quack,2018,Annual Review of Sociology,10.1146/annurev-soc-060116-053532,https://doi.org/10.1146/annurev-soc-060116-053532,article,
COMP-01,compliance_functional_substitution,openalex,"GREENWASHING BEHAVIOURS: CAUSES, TAXONOMY AND CONSEQUENCES BASED ON A SYSTEMATIC LITERATURE REVIEW",Zhi Yang; Thi Thu Huong Nguyen; Hoang Nam Nguyen; Thi Thuy Nguyen; Thi Thanh Cao,2020,Journal of Business Economics and Management,10.3846/jbem.2020.13225,https://doi.org/10.3846/jbem.2020.13225,review,
COMP-01,compliance_functional_substitution,openalex,The politics of regulatory enforcement and compliance: Theorizing and operationalizing political influences,Jodi L. Short,2019,Regulation & Governance,10.1111/rego.12291,https://doi.org/10.1111/rego.12291,article,
COMP-01,compliance_functional_substitution,openalex,The Complementarity and Substitution Effects of CSR‐Focused Governance Mechanisms on CSR Decoupling,Mohammad Abweny; Godfred Adjapong Afrifa; Abdullah Iqbal,2024,Corporate Governance An International Review,10.1111/corg.12591,https://doi.org/10.1111/corg.12591,article,
COMP-01,compliance_functional_substitution,openalex,Marking Their Own Homework: The Pragmatic and Moral Legitimacy of Industry Self-Regulation,Frances Bowen,2017,Journal of Business Ethics,10.1007/s10551-017-3635-y,https://doi.org/10.1007/s10551-017-3635-y,article,
COMP-01,compliance_functional_substitution,openalex,Moving beyond (non-)compliance: the customization of European Union policies in 27 countries,Eva Thomann; Asya Zhelyazkova,2017,Journal of European Public Policy,10.1080/13501763.2017.1314536,https://doi.org/10.1080/13501763.2017.1314536,article,
COMP-01,compliance_functional_substitution,openalex,Toward a Process Theory of Making Sustainability Strategies Legitimate in Action,Iris-Ariane Hengst; Paula Jarzabkowski; Martin Hoegl; Miriam Muethel,2019,Academy of Management Journal,10.5465/amj.2016.0960,https://doi.org/10.5465/amj.2016.0960,article,
COMP-01,compliance_functional_substitution,openalex,Aligning Pay With Purpose: ESG‐Linked Compensation and ESG Decoupling,Yasser Eliwa; Ahmed Saleh; Ahmed Hassan Ahmed,2025,Business Strategy and the Environment,10.1002/bse.70258,https://doi.org/10.1002/bse.70258,article,
COMP-01,compliance_functional_substitution,openalex,Managing Carbon Aspirations: The Influence of Corporate Climate Change Targets on Environmental Performance,Frederik Dahlmann; Layla Branicki; Stephen Brammer,2017,Journal of Business Ethics,10.1007/s10551-017-3731-z,https://doi.org/10.1007/s10551-017-3731-z,article,
COMP-01,compliance_functional_substitution,openalex,“Want to” Versus “Have to”: Intrinsic and Extrinsic Motivators as Predictors of Compliance Behavior Intention,M Hofeditz; Ann‐Marie Nienaber; Anders Dysvik; Gerhard Schewe,2015,Human Resource Management,10.1002/hrm.21774,https://doi.org/10.1002/hrm.21774,article,
COMP-01,compliance_functional_substitution,openalex,Payments for environmental services: some nuts and bolts,Sven Wunder,2005,Center for International Forestry Research (CIFOR) eBooks,10.17528/cifor/001760,https://doi.org/10.17528/cifor/001760,book,
COMP-01,compliance_functional_substitution,openalex,Does corporate digital transformation restrain ESG decoupling? Evidence from China,Xiangyu Chen; Peng Wan; Zhefeng Ma; Yang Yu,2024,Humanities and Social Sciences Communications,10.1057/s41599-024-02921-w,https://doi.org/10.1057/s41599-024-02921-w,article,
COMP-01,compliance_functional_substitution,openalex,The philanthropic response of substantive and symbolic corporate social responsibility strategies to COVID ‐19 crisis: Evidence from China,Ma Zhong; Weiqi Zhao; Yasir Shahab,2021,Corporate Social Responsibility and Environmental Management,10.1002/csr.2204,https://doi.org/10.1002/csr.2204,article,
COMP-01,compliance_functional_substitution,openalex,Larger and more law abiding? The impact of enlargement on compliance in the European Union,Tanja A. Börzel; Ulrich Sedelmeier,2017,Journal of European Public Policy,10.1080/13501763.2016.1265575,https://doi.org/10.1080/13501763.2016.1265575,article,
COMP-01,compliance_functional_substitution,openalex,The EU soft regulation of digital campaigning: regulatory effectiveness through platform compliance to the code of practice on disinformation,Gabriela Borz; Fabrizio De Francesco; Thomas L. Montgomerie; Michael Peter Bellis,2024,Policy Studies,10.1080/01442872.2024.2302448,https://doi.org/10.1080/01442872.2024.2302448,article,
COMP-01,compliance_functional_substitution,openalex,The failure of transparency as self-regulation,Laurence Vigneau; Carol A. Adams,2023,Sustainability Accounting Management and Policy Journal,10.1108/sampj-01-2022-0051,https://doi.org/10.1108/sampj-01-2022-0051,article,
COMP-01,compliance_functional_substitution,openalex,"Private Sector Corruption, Public Sector Corruption and the Organizational Structure of Foreign Subsidiaries",Michael A. Sartor; Paul W. Beamish,2019,Journal of Business Ethics,10.1007/s10551-019-04148-1,https://doi.org/10.1007/s10551-019-04148-1,article,
COMP-01,compliance_functional_substitution,openalex,An international empirical study of greenwashing and voluntary carbon disclosure,Antonio J. Mateo‐Márquez; José María González González; Constancio Zamora Ramírez,2022,Journal of Cleaner Production,10.1016/j.jclepro.2022.132567,https://doi.org/10.1016/j.jclepro.2022.132567,article,
COMP-02,compliance_functional_substitution,crossref,Regulatory compliance,,2018,Regulation And Organizations,10.4324/9780203704424-9,https://doi.org/10.4324/9780203704424-9,book-chapter,
COMP-02,compliance_functional_substitution,crossref,Symbolic Regulation and Insurer Influence on Private Organizations and Public Law,Shauhin A. Talesh,2025,Insuring Cyberinsecurity: Insurance Companies as Symbolic Regulators,10.1525/luminos.243.h,https://doi.org/10.1525/luminos.243.h,book-chapter,
COMP-02,compliance_functional_substitution,crossref,Accountability infrastructures: Pragmatic compliance inside organizations,Ruthanne Huising; Susan S. Silbey,2021,Regulation &amp; Governance,10.1111/rego.12419,https://doi.org/10.1111/rego.12419,journal-article,"<jats:title>Abstract</jats:title><jats:p>We trace the pragmatic turn in regulatory governance from the level of the state and civil society to the coalface of the regulated organization. Since the 1980s, an array of new regulatory models has emerged. These models, while distinct, are unified in two related tendencies. First, they support the devolution of responsibility for standard setting, program design, and enforcement to the regulated organization. This delegation of governance to the organization itself has catalyzed the creation of<jats:italic>accountability infrastructures</jats:italic>within organizations, a network of offices, roles, programs, and procedures dedicated to aligning the organization's operations with external standards, codes of conduct, ethical and normative expectations, and regulations. Second, the diverse regulatory models depend, often implicitly, on organizational accountability infrastructures that incorporate the tenets of pragmatist philosophy: inquiry through narration, adaptation to context, and problem‐solving through experimentation. Reviewing the empirical literature on organizational compliance, we find ample evidence of inquiry through narration at the organizational coalface. However, we find limited evidence of narrating plurality in the organization and narrating experimentation as problem‐solving, as these activities create tensions with internal and external parties who expect singular, stable representations of governance. These tensions reveal an important incongruity between pragmatic governance across organizations and pragmatic governance within organizations. We contribute to the regulatory governance literature by documenting this important shift in the locus of governance to the organizational coalface and by charting a new research agenda. We argue that examinations of regulatory governance should be retraced in three ways. First, attention should shift to the organizational coalface, recognizing and analyzing accountability infrastructures as the central contemporary mechanism of governance. Second, the long‐standing focus in regulatory studies on<jats:italic>why</jats:italic>parties comply should shift to understanding<jats:italic>how</jats:italic>regulated parties manage themselves to achieve compliance. Third, analyses of compliance should examine the tensions in narrating adaptation and experimentation, and the implications of such tensions for the achievement of prosocial outcomes.</jats:p>"
COMP-02,compliance_functional_substitution,crossref,Directing compliance realities: the determinants of compliance officer effectiveness in Cypriot organizations,Mulko Asaad Ado; Ahmad Ali; Kawar Mohammed Mousa,2025,Journal of Financial Regulation and Compliance,10.1108/jfrc-01-2025-0011,https://doi.org/10.1108/jfrc-01-2025-0011,journal-article,"<jats:sec>
                    <jats:title>Purpose</jats:title>
                    <jats:p>This study, an empirical study, aims to rigorously investigate the intricate dynamics influencing the effectiveness and performance of compliance officers (COs) within organizations in Cyprus. By delving into the interplay between jurisdictional complexities, industry-specific regulations, organizational size, professional experience, artificial intelligence-based tools and readiness for technology adoption, this research adopts a comprehensive approach to elucidate the multifaceted factors shaping COs’ roles. Using a structural equation modeling framework, data was meticulously gathered through a questionnaire survey distributed to COs across diverse sectors.</jats:p>
                  </jats:sec>
                  <jats:sec>
                    <jats:title>Design/methodology/approach</jats:title>
                    <jats:p>This empirical study rigorously investigates the intricate dynamics influencing the effectiveness and performance of COs within organizations in Cyprus. By delving into the interplay between jurisdictional complexities, industry-specific regulations, organizational size, professional experience, artificial intelligence-based tools and readiness for technology adoption, this research adopts a comprehensive approach to elucidate the multifaceted factors shaping COs’ roles. Using a structural equation modeling framework, data was meticulously gathered through a questionnaire survey distributed to COs across diverse sectors. The findings reveal that industry-specific regulations, organizational size and professional experience significantly affect COs’ effectiveness. Furthermore, the mediating role of AI-based tools and the moderating influence of technology adoption amplify these relationships. These results offer substantial contributions to theoretical knowledge and practical applications, providing valuable insights for organizations and policymakers aiming to enhance compliance efforts. Despite recognizing certain limitations, this study lays the groundwork for a deeper comprehension of COs’ roles in the contemporary regulatory landscape.</jats:p>
                  </jats:sec>
                  <jats:sec>
                    <jats:title>Findings</jats:title>
                    <jats:p>The findings reveal that industry-specific regulations, organizational size and professional experience significantly affect COs’ effectiveness. Furthermore, the mediating role of AI-based tools and the moderating influence of technology adoption amplify these relationships.</jats:p>
                  </jats:sec>
                  <jats:sec>
                    <jats:title>Originality/value</jats:title>
                    <jats:p>Directing compliance realities, policy implications, compliance strategies, Cypriot organizations.</jats:p>
                  </jats:sec>"
COMP-02,compliance_functional_substitution,crossref,Recent changes in US regulation of large foreign banking organizations,Larry D. Wall,2017,Journal of Financial Regulation and Compliance,10.1108/jfrc-02-2017-0018,https://doi.org/10.1108/jfrc-02-2017-0018,journal-article,"<jats:sec>
<jats:title content-type=""abstract-subheading"">Purpose</jats:title>
<jats:p>This paper aims to highlight some of the more important changes in US prudential regulation and their implications for the operation of large foreign banking organizations (FBOs) in the USA.</jats:p>
</jats:sec>
<jats:sec>
<jats:title content-type=""abstract-subheading"">Design/methodology/approach</jats:title>
<jats:p>This paper begins with a summary of the regulatory status of FBOs prior to the crisis. It then discusses developments during the US financial crisis of 2007-2009 that motivated stricter US prudential regulation. The third part discusses some major post-crisis changes in prudential regulation. Finally, the paper considers two areas where important changes in US rules could not be applied in a straightforward manner to FBOs: non-bank financial subsidiaries and branches and agencies.</jats:p>
</jats:sec>
<jats:sec>
<jats:title content-type=""abstract-subheading"">Findings</jats:title>
<jats:p>Most of the regulatory changes will enhance US financial stability, albeit in some cases at the cost of weakening FBOs consolidated risk management. However, a few of the regulatory changes have given foreign branches and agencies a significant competitive advantage in US money markets.</jats:p>
</jats:sec>
<jats:sec>
<jats:title content-type=""abstract-subheading"">Originality/value</jats:title>
<jats:p>The paper provides an integrated analysis of both the why and the what of changes in US regulation with some discussion of the economic consequences.</jats:p>
</jats:sec>"
COMP-02,compliance_functional_substitution,crossref,To Comply or Not to Comply – That Isn’t the Question: How Organizations Construct the Meaning of Compliance,Lauren B. Edelman; Shauhin A. Talesh,2011,Explaining Compliance,10.4337/9780857938732.00011,https://doi.org/10.4337/9780857938732.00011,book-chapter,
COMP-02,compliance_functional_substitution,crossref,4 Organizations Influencing Industrial Pollution Control,Xiaoying Ma; Leonard Ortolano,2000,Environmental Regulation in China,10.5771/9780742578524-55,https://doi.org/10.5771/9780742578524-55,book-chapter,
COMP-02,compliance_functional_substitution,crossref,Functional Nitrile Ether Additives for High-Energy-Density Lithium Metal Batteries: Multiscale Mechanism Study on Cyanide Substitution Regulation,,,,10.1021/acs.jpcb.6c01898.s001,https://doi.org/10.1021/acs.jpcb.6c01898.s001,component,
COMP-02,compliance_functional_substitution,crossref,Symbolic compliance in the EU ESG disclosure regulation,Xing Li,2025,Journal of Applied Economics and Policy Studies,10.54254/2977-5701/2025.30267,https://doi.org/10.54254/2977-5701/2025.30267,journal-article,"<jats:p>This review traces the evolution of ESG disclosure regimes and highlights the current tendency for firms to engage in formal compliance rather than substantive adherence to ESG frameworks. Despite the EUs establishment of an advanced ESG regulatory architecture, these regulations remain centred on meta-regulation and heavily reliant on voluntary corporate reporting. This flexibility fosters regulatory ambiguity, enabling firms to satisfy disclosure requirements in form while circumventing substantive sustainability transformations. Through meta-regulation and symbolic compliance theories, this study reveals how ESG regulatory discourse and institutional design shape corporate behaviour, potentially inadvertently fostering superficial reporting. Empirical research increasingly demonstrates significant gaps between ESG commitments of corporates and their actual environmental and social performance. The study notes that current research rarely examines how regulation itself fosters symbolic actions. Consequently, this research emphasises that ESG regulation must establish clearer benchmarks, strengthen oversight mechanisms, and develop more enforceable rules to translate transparency into substantive sustainability outcomes.</jats:p>"
COMP-02,compliance_functional_substitution,crossref,Banishing the rule of substitution for functional variables,Leon Henkin,1953,Journal of Symbolic Logic,10.2307/2267403,https://doi.org/10.2307/2267403,journal-article,"<jats:p>Let <jats:inline-graphic xmlns:xlink=""http://www.w3.org/1999/xlink"" mime-subtype=""gif"" xlink:type=""simple"" xlink:href=""S0022481200097280_inline1""/> and <jats:inline-graphic xmlns:xlink=""http://www.w3.org/1999/xlink"" mime-subtype=""gif"" xlink:type=""simple"" xlink:href=""S0022481200097280_inline2""/> be (well-formed) formulas of the functional calculus, let c be an <jats:italic>n</jats:italic>-adic functional variable, and let a<jats:sub>1</jats:sub>, …, a<jats:sub><jats:italic>n</jats:italic></jats:sub> be distinct individual variables. Church has defined the metalogical notation <jats:inline-graphic xmlns:xlink=""http://www.w3.org/1999/xlink"" mime-subtype=""gif"" xlink:type=""simple"" xlink:href=""S0022481200097280_inline3""/> to indicate the formula resulting from <jats:inline-graphic xmlns:xlink=""http://www.w3.org/1999/xlink"" mime-subtype=""gif"" xlink:type=""simple"" xlink:href=""S0022481200097280_inline1""/> when each part of <jats:inline-graphic xmlns:xlink=""http://www.w3.org/1999/xlink"" mime-subtype=""gif"" xlink:type=""simple"" xlink:href=""S0022481200097280_inline1""/> of the form c{<jats:inline-graphic xmlns:xlink=""http://www.w3.org/1999/xlink"" mime-subtype=""gif"" xlink:type=""simple"" xlink:href=""S0022481200097280_inline4""/><jats:sub>1</jats:sub>, …, <jats:inline-graphic xmlns:xlink=""http://www.w3.org/1999/xlink"" mime-subtype=""gif"" xlink:type=""simple"" xlink:href=""S0022481200097280_inline4""/><jats:sub><jats:italic>n</jats:italic></jats:sub>) (such that the occurrence of c is free in <jats:inline-graphic xmlns:xlink=""http://www.w3.org/1999/xlink"" mime-subtype=""gif"" xlink:type=""simple"" xlink:href=""S0022481200097280_inline1""/>) is replaced by the formula <jats:inline-graphic xmlns:xlink=""http://www.w3.org/1999/xlink"" mime-subtype=""gif"" xlink:type=""simple"" xlink:href=""S0022481200097280_inline5""/> which arises from <jats:inline-graphic xmlns:xlink=""http://www.w3.org/1999/xlink"" mime-subtype=""gif"" xlink:type=""simple"" xlink:href=""S0022481200097280_inline2""/> by replacing every free occurrence of a<jats:sub><jats:italic>i</jats:italic></jats:sub> by <jats:inline-graphic xmlns:xlink=""http://www.w3.org/1999/xlink"" mime-subtype=""gif"" xlink:type=""simple"" xlink:href=""S0022481200097280_inline4""/><jats:sub><jats:italic>i</jats:italic></jats:sub>, <jats:italic>i</jats:italic>, = 1, …, <jats:italic>n</jats:italic>. (Here <jats:inline-graphic xmlns:xlink=""http://www.w3.org/1999/xlink"" mime-subtype=""gif"" xlink:type=""simple"" xlink:href=""S0022481200097280_inline4""/><jats:sub>1</jats:sub>, …, <jats:inline-graphic xmlns:xlink=""http://www.w3.org/1999/xlink"" mime-subtype=""gif"" xlink:type=""simple"" xlink:href=""S0022481200097280_inline4""/><jats:sub><jats:italic>n</jats:italic></jats:sub> may be any individual variables or constants, not necessarily all distinct.) The notation is not defined for all <jats:inline-graphic xmlns:xlink=""http://www.w3.org/1999/xlink"" mime-subtype=""gif"" xlink:type=""simple"" xlink:href=""S0022481200097280_inline1""/>, <jats:inline-graphic xmlns:xlink=""http://www.w3.org/1999/xlink"" mime-subtype=""gif"" xlink:type=""simple"" xlink:href=""S0022481200097280_inline2""/>, c, a<jats:sub>1</jats:sub>, …, <jats:italic>a<jats:sub>n</jats:sub></jats:italic>, however, but only for those cases (specified in detail by Church) when the resulting formula constitutes a valid substitution instance of the formula <jats:inline-graphic xmlns:xlink=""http://www.w3.org/1999/xlink"" mime-subtype=""gif"" xlink:type=""simple"" xlink:href=""S0022481200097280_inline1""/> according to the standard interpretation of the functional calculus.</jats:p><jats:p>The full and correct syntactical statement of the conditions (under which this type of substitution is permissible) has proved so arduous, that it seems to have been rendered in error more often than not. Unfortunately the functional calculi are often set up as deductive systems in which this type of substitution occurs as one of the primitive rules of inference, or in one of the axiom schemata. Thus the beginning student who is introduced to the calculi through such a formulation is forced to cope from the outset with details which have proved treacherous even to the initiate. For this reason it is desirable to seek alternative formulations of the functional calculi in which this type of substitution is not mentioned.</jats:p>"
COMP-02,compliance_functional_substitution,crossref,"Leon Henkin. Banishing the rule of substitution for functional variables. The journal of symbolic logic, vol. 18 (1953), pp. 201–208.",Alonzo Church,1955,Journal of Symbolic Logic,10.2307/2266931,https://doi.org/10.2307/2266931,journal-article,
COMP-02,compliance_functional_substitution,crossref,Exploring the General Data Protection Regulation (GDPR) compliance in cloud services: insights from Swedish public organizations on privacy compliance,Awatef Issaoui; Jenny Örtensjö; M. Sirajul Islam,2023,Future Business Journal,10.1186/s43093-023-00285-2,https://doi.org/10.1186/s43093-023-00285-2,journal-article,"<jats:title>Abstract</jats:title>
          <jats:p>The adoption of cloud services offers manifold advantages to public organizations; however, ensuring data privacy during data transfers has become increasingly complex since the inception of the General Data Protection Regulation (GDPR). This study investigates privacy concerns experienced by public organizations in Sweden, focusing on GDPR compliance. A qualitative interpretative approach was adopted, involving semi-structured interviews with seven employees from five public organizations in Sweden. Additionally, secondary data were gathered through an extensive literature review. The collected data were analyzed and classified using the seven privacy threat categories outlined in the LINDDUN framework. The key findings reveal several significant privacy issues when utilizing public cloud services, including unauthorized access, loss of confidentiality, lack of awareness, lack of trust, legal uncertainties, regulatory challenges, and loss of control. The study underscores the importance of implementing measures such as anonymization, pseudonymization, encryption, contractual agreements, and well-defined routines to ensure GDPR compliance. The findings emphasize the importance of implementing measures such as anonymization, pseudonymization, encryption, contractual agreements, and well-defined routines to ensure GDPR compliance. Furthermore, this research highlights the critical aspect of digital sovereignty in addressing privacy challenges associated with public cloud service adoption by public organizations in Sweden.</jats:p>"
COMP-02,compliance_functional_substitution,crossref,Regulation in the Nonprofit Sector*: Symbolic Politics and the Social Construction of Accountability,Robert D. Herman,2013,Nonprofit Fundraising Strategy,10.1002/9781118631324.ch20,https://doi.org/10.1002/9781118631324.ch20,other,
COMP-02,compliance_functional_substitution,crossref,The Ethics and Compliance Program Manual for Multinational Organizations,Katharina Wulf,2012,Ethics and Compliance Programs in Multinational Organizations,10.1007/978-3-8349-3495-6_4,https://doi.org/10.1007/978-3-8349-3495-6_4,book-chapter,
COMP-02,compliance_functional_substitution,crossref,Securing Compliance with Democracy Requirements in Regional Organizations,Carlos Closa,2017,Oxford Scholarship Online,10.1093/acprof:oso/9780198746560.003.0023,https://doi.org/10.1093/acprof:oso/9780198746560.003.0023,book,"<p>This chapter posits that international and regional organizations respond to the enforcement dilemma by trading off democratic conditionality versus sovereignty. They reach an equilibrium point between the two by favouring institutional designs which grant a large margin for states’ political discretion to decide whether or not breaches exist and to apply the accompanying sanctions provided. In order to discuss this thesis, this chapter first discusses the enforcement dilemma. It then presents the institutional configuration of suspension procedures because of democratic breaches and discusses its actual practice. Finally, the chapter looks at the problems generated in the confluence of institutional design and practice.</p>"
COMP-02,compliance_functional_substitution,crossref,Chapter 8. Legal Deference to Symbolic Compliance,,2016,Working Law,10.7208/chicago/9780226400938.003.0008,https://doi.org/10.7208/chicago/9780226400938.003.0008,book-chapter,
COMP-02,compliance_functional_substitution,crossref,Compliance and Organizations – How Can Organizations Enable Compliance?,Corinna Elisabeth Gierl,2021,"Proceedings of The 3rd International Conference on Advanced Research in Management, Business and Finance",10.33422/3rd.icmbf.2021.07.380,https://doi.org/10.33422/3rd.icmbf.2021.07.380,proceedings-article,
COMP-02,compliance_functional_substitution,crossref,Compliance and Resistance,,1996,Experiencing Organizations,10.4135/9781446250525.n8,https://doi.org/10.4135/9781446250525.n8,book-chapter,
COMP-02,compliance_functional_substitution,crossref,Symbolic Substitution Based Parallel Adder/Subtracter,S. Barua,1989,Optical Computing,10.1364/optcomp.1989.tui5,https://doi.org/10.1364/optcomp.1989.tui5,proceedings-article,"<jats:p>Fully parallel processors can be designed by employing a technology that is inherently parallel, a suitable number system, and an efficient encoding scheme for handling the data. Binary number system is accepted as the best suited in electronic computers. The delay due to carry propagation in binary arithmetic makes the binary number representation a very weak candidate for an optical processor that is inherently parallel. The modified signed-digit (MSD) number system<jats:sup>1</jats:sup> satisfies the requirements of fully parallel addition and subtraction by limiting the carry propagation to one position to the left. The design of an optical MSD adder capable of performing addition/subtraction in three stages has already been proposed.<jats:sup>2</jats:sup> The above design is based on polarization-coded symbolic substitution. A reduction in the number of stages can be achieved by exploiting some of the unique characteristics of MSD. The optical implementation of the MSD adder with reduced number of stages is discussed in this paper. The MSD digits are coded as three different polarization states of light. Polarization-coded symbolic substitution is used to implement the adder.</jats:p>"
COMP-02,compliance_functional_substitution,crossref,Elimination by substitution,Martin Kreuzer; Lorenzo Robbiano,2025,Journal of Symbolic Computation,10.1016/j.jsc.2025.102445,https://doi.org/10.1016/j.jsc.2025.102445,journal-article,
COMP-02,compliance_functional_substitution,crossref,"Canada vs Britain in the imperial accountancy arena, 1908–1912: Symbolic capital, symbolic violence",Chris Poullaos,2016,"Accounting, Organizations and Society",10.1016/j.aos.2016.05.001,https://doi.org/10.1016/j.aos.2016.05.001,journal-article,
COMP-02,compliance_functional_substitution,crossref,Regulation and compliance in different markets,David Loader,2004,Regulation &amp; Compliance in Operations,10.1016/b978-075065487-6.50003-4,https://doi.org/10.1016/b978-075065487-6.50003-4,book-chapter,
COMP-02,compliance_functional_substitution,crossref,Organizations as Symbolic Gendered Orders,Silvia Gherardi,2013,Oxford Handbooks Online,10.1093/oxfordhb/9780199658213.013.026,https://doi.org/10.1093/oxfordhb/9780199658213.013.026,edited-book,
COMP-02,compliance_functional_substitution,crossref,Strategizing Compliance and Enforcement: Responsive Regulation and Beyond,Neil Gunningham,2011,Explaining Compliance,10.4337/9780857938732.00016,https://doi.org/10.4337/9780857938732.00016,book-chapter,
COMP-02,compliance_functional_substitution,crossref,Functional regulation in the 21st century: What’s reasonable for investor protection and for agents selling variable annuities?,David Brant; Royce Griffin,2003,Journal of Investment Compliance,10.1108/15285810210812916,https://doi.org/10.1108/15285810210812916,journal-article,
COMP-02,compliance_functional_substitution,crossref,From Responsive Regulation to Ecological Compliance: Meta-regulation and the Existential Challenge of Corporate Compliance,Christine Parker,2021,The Cambridge Handbook of Compliance,10.1017/9781108759458.004,https://doi.org/10.1017/9781108759458.004,book-chapter,
COMP-02,compliance_functional_substitution,crossref,Journal of Financial Regulation and Compliance News,Adam Smith,2008,Journal of Financial Regulation and Compliance,10.1108/jfrc.2008.31116baa.001,https://doi.org/10.1108/jfrc.2008.31116baa.001,journal-article,
COMP-02,compliance_functional_substitution,crossref,Introduction: Compliance and Cooperation in a Changing World,,2007,Beyond Compliance,10.1515/9781503626362-003,https://doi.org/10.1515/9781503626362-003,book-chapter,
COMP-02,compliance_functional_substitution,crossref,Compliance Incentives in International Financial Organizations,Ruihua Chen,2026,An Introduction to Corporate Compliance,10.1007/978-981-95-7257-1_12,https://doi.org/10.1007/978-981-95-7257-1_12,book-chapter,
COMP-02,compliance_functional_substitution,crossref,Symbolic Execution based Verification of Compliance with the ISO 26262 Functional Safety Standard,Mazen Ahmed; Mona Safar,2019,2019 14th International Conference on Design &amp; Technology of Integrated Systems In Nanoscale Era (DTIS),10.1109/dtis.2019.8735046,https://doi.org/10.1109/dtis.2019.8735046,proceedings-article,
COMP-02,compliance_functional_substitution,crossref,"Voluntary Programs, Regulatory Compliance and the Regulation Dilemma",Matthew Potoski; Aseem Prakash,2011,Explaining Compliance,10.4337/9780857938732.00018,https://doi.org/10.4337/9780857938732.00018,book-chapter,
COMP-02,compliance_functional_substitution,crossref,Regulation and organizations An introduction,,2018,Regulation And Organizations,10.4324/9780203704424-1,https://doi.org/10.4324/9780203704424-1,book-chapter,
COMP-02,compliance_functional_substitution,crossref,IMPLEMENTING COMPLIANCE AND REGULATION TRAINING,IAIN MCLEOD,1994,Journal of Financial Regulation and Compliance,10.1108/eb024809,https://doi.org/10.1108/eb024809,journal-article,<jats:p>The paper outlines some examples of how firms are responding to the challenge of presenting regulation and compliance as positive and worthwhile business issues.</jats:p>
COMP-02,compliance_functional_substitution,crossref,Orchestrating enforcement,Jonas Tallberg,2015,International Organizations as Orchestrators,10.1017/cbo9781139979696.009,https://doi.org/10.1017/cbo9781139979696.009,book-chapter,
COMP-02,compliance_functional_substitution,crossref,The Psychology of Self-Regulation: Normative Motivations for Compliance,Tom R. Tyler,2011,Explaining Compliance,10.4337/9780857938732.00009,https://doi.org/10.4337/9780857938732.00009,book-chapter,
COMP-02,compliance_functional_substitution,crossref,Faster polynomial multiplication via multipoint Kronecker substitution,David Harvey,2009,Journal of Symbolic Computation,10.1016/j.jsc.2009.05.004,https://doi.org/10.1016/j.jsc.2009.05.004,journal-article,
COMP-02,compliance_functional_substitution,crossref,Orchestrating Enforcement: International Organizations Mobilizing Compliance Constituencies,Jonas Tallberg,2012,,10.2139/ssrn.2106593,https://doi.org/10.2139/ssrn.2106593,posted-content,"<jats:p>The most broadly shared conclusion in scholarship on dispute settlement, legalization, and compliance over the past two decades is probably the virtue of granting private actors access to international courts and tribunals. Yet, for all its benefits, private access is not a universally available and effective institutional design option. This paper shows that international organizations (IOs) sometimes compensate for these limits by turning to a strategy of orchestration, and identifies the conditions under which this takes place. Where procedures for private enforcement are lacking, orchestration can offer a substitute, as when IOs independently create mechanisms for compliance complaints. Where such procedures exist, but private actors face resource barriers, orchestration can offer a complement, as when IOs provide funding and training to potential litigants. The paper argues that orchestration of enforcement in both its variants will only happen when three necessary conditions are fulfilled: (a) IOs lack sufficient capabilities to effectively enforce compliance through other governance means; (b) private actors hold privileged information about state compliance; and (c) IOs enjoy a capacity for independent action, as shaped by entrepreneurial resources and state oversight.</jats:p>"
COMP-02,compliance_functional_substitution,crossref,Symbolic substitution and patterns,John L. Johnson,1987,Annual Meeting Optical Society of America,10.1364/oam.1987.tuw5,https://doi.org/10.1364/oam.1987.tuw5,proceedings-article,"<jats:p>The interrelationships among symbolic substitution, neural nets, optical correlators, the permutation group <jats:italic>S</jats:italic><jats:italic>
      <jats:sub>N</jats:sub>
    </jats:italic>, and digital computers are discussed. An example is given showing how these apply to the design of a full binary adder. Arithmetic rules are transformed into two pattern replacement rules which are implemented by neural networks. These are combined to form the <jats:italic>N</jats:italic>-bit adder. A functionally equivalent system design using optical correlation techniques is discussed. The group aspect is discussed. Since every group is isomorphic to a subgroup of <jats:italic>S</jats:italic><jats:italic>
      <jats:sub>N</jats:sub>
    </jats:italic> the interrelationships imply access to a powerful mathematical base for optical nets. A binary Grossberg model leads to a characterization of <jats:italic>S</jats:italic><jats:italic>
      <jats:sub>N</jats:sub>
    </jats:italic> in terms of the number of nodes and input connections.</jats:p>"
COMP-02,compliance_functional_substitution,crossref,Compliance como herramienta de control de gestión en organizaciones públicas: propuesta de Modelo de Compliance para Organizaciones Públicas Pequeñas,Armando Arámbula Vázquez,2026,LATAM Revista Latinoamericana de Ciencias Sociales y Humanidades,10.56712/latam.v7i3.5974,https://doi.org/10.56712/latam.v7i3.5974,journal-article,"<jats:p>Este artículo examina el compliance como herramienta de control de gestión en organizaciones públicas pequeñas. El análisis toma como referente empírico la Subdirección de Formación en Derechos Humanos del Instituto de Investigaciones y Formación en Derechos Humanos de la Comisión de Derechos Humanos del Estado de México (CODHEM) y se apoya en teorías organizacionales, no en marcos jurídicos. Esta distinción importa: el compliance que aquí se discute no busca responder a la amenaza de sanción penal, sino a los riesgos que produce el funcionamiento cotidiano de una organización sin procedimientos documentados. La investigación combina revisión documental, trabajo de campo cualitativo y evidencia de entrevistas, y cierra con la propuesta de un modelo de compliance calibrado a las condiciones reales de las organizaciones públicas pequeñas en México. Los datos apuntan a que la ausencia de normatividad interna, la acumulación de acuerdos verbales y la carga laboral concentrada en un personal muy reducido producen vulnerabilidades que un sistema de compliance, entendido desde la cultura organizacional, puede reducir de forma gradual.</jats:p>"
COMP-02,compliance_functional_substitution,crossref,"Where symbolic interactionists seldom tread: social mobility, organizations, charisma, and the unconscious",Thomas Janoski,2025,Rethinking Symbolic Interactionism,10.4337/9781035324187.00014,https://doi.org/10.4337/9781035324187.00014,book-chapter,
COMP-02,compliance_functional_substitution,crossref,1. China and International Organizations: From Alienation to Integration,,2007,Beyond Compliance,10.1515/9781503626362-004,https://doi.org/10.1515/9781503626362-004,book-chapter,
COMP-02,compliance_functional_substitution,crossref,SUBSTITUTION IN RELEVANT LOGICS,TORE FJETLAND ØGAARD,2019,The Review of Symbolic Logic,10.1017/s1755020319000467,https://doi.org/10.1017/s1755020319000467,journal-article,"<jats:title>Abstract</jats:title><jats:p>This essay discusses rules and semantic clauses relating to Substitution—Leibniz’s law in the conjunctive-implicational form <jats:inline-formula><jats:alternatives><jats:graphic xmlns:xlink=""http://www.w3.org/1999/xlink"" orientation=""portrait"" mime-subtype=""gif"" mimetype=""image"" position=""float"" xlink:type=""simple"" xlink:href=""S1755020319000467_inline1""/><jats:tex-math>$s\dot{ = }t \wedge A\left( s \right) \to A\left( t \right)$</jats:tex-math></jats:alternatives></jats:inline-formula>—as these are put forward in Priest’s books <jats:italic>In Contradiction</jats:italic> and <jats:italic>An Introduction to Non-Classical Logic: From If to Is</jats:italic>. The stated rules and clauses are shown to be too weak in some cases and too strong in others. New ones are presented and shown to be correct. Justification for the various rules is probed and it is argued that Substitution ought to fail.</jats:p>"
COMP-02,compliance_functional_substitution,crossref,Power and Compliance,,2017,Leadership and Management in Police Organizations,10.4135/9781483398006.n7,https://doi.org/10.4135/9781483398006.n7,book-chapter,
COMP-02,compliance_functional_substitution,crossref,WHEN GOOD NAMES GO BAD: SYMBOLIC ILLEGITIMACY IN ORGANIZATIONS,Mary Ann Glynn; Christopher Marquis,,Research in the Sociology of Organizations,10.1016/s0733-558x(04)22005-5,https://doi.org/10.1016/s0733-558x(04)22005-5,book-chapter,
COMP-02,compliance_functional_substitution,crossref,Tables,,2007,Beyond Compliance,10.1515/9781503626362-001,https://doi.org/10.1515/9781503626362-001,book-chapter,
COMP-02,compliance_functional_substitution,crossref,Contents,,2007,Beyond Compliance,10.1515/9781503626362-toc,https://doi.org/10.1515/9781503626362-toc,book-chapter,
COMP-02,compliance_functional_substitution,crossref,Preface,,2007,Beyond Compliance,10.1515/9781503626362-002,https://doi.org/10.1515/9781503626362-002,book-chapter,
COMP-02,compliance_functional_substitution,crossref,Conclusion,,2007,Beyond Compliance,10.1515/9781503626362-009,https://doi.org/10.1515/9781503626362-009,book-chapter,
COMP-02,compliance_functional_substitution,crossref,Notes,,2007,Beyond Compliance,10.1515/9781503626362-011,https://doi.org/10.1515/9781503626362-011,book-chapter,
COMP-02,compliance_functional_substitution,crossref,Frontmatter,,2007,Beyond Compliance,10.1515/9781503626362-fm,https://doi.org/10.1515/9781503626362-fm,book-chapter,
COMP-02,compliance_functional_substitution,openalex,How to Stop Harassment: Professional Construction of Legal Compliance in Organizations,Frank Dobbin; Erin L. Kelly,2007,American Journal of Sociology,10.1086/508788,https://doi.org/10.1086/508788,article,
COMP-02,compliance_functional_substitution,openalex,Trust Repair After An Organization-Level Failure,Nicole Gillespie; Graham Dietz,2009,Academy of Management Review,10.5465/amr.2009.35713319,https://doi.org/10.5465/amr.2009.35713319,article,
COMP-02,compliance_functional_substitution,openalex,Policy Work: Street-Level Organizations Under New Managerialism,Evelyn Z. Brodkin,2011,Journal of Public Administration Research and Theory,10.1093/jopart/muq093,https://doi.org/10.1093/jopart/muq093,article,
COMP-02,compliance_functional_substitution,openalex,Goal Ambiguity and Organizational Performance in U.S. Federal Agencies,Young Han Chun,2005,Journal of Public Administration Research and Theory,10.1093/jopart/mui030,https://doi.org/10.1093/jopart/mui030,article,
COMP-02,compliance_functional_substitution,openalex,Rethinking Institutions and Organizations,Royston Greenwood; C. R. Hinings; Dave Whetten,2014,Journal of Management Studies,10.1111/joms.12070,https://doi.org/10.1111/joms.12070,article,
COMP-02,compliance_functional_substitution,openalex,"Connecting the dots in trustworthy Artificial Intelligence: From AI principles, ethics, and key requirements to responsible AI systems and regulation",Natalia Díaz-Rodríguez; Javier Del Ser; Mark Coeckelbergh; Marcos López de Prado; Enrique Herrera‐Viedma; Francisco Herrera,2023,Information Fusion,10.1016/j.inffus.2023.101896,https://doi.org/10.1016/j.inffus.2023.101896,article,
COMP-02,compliance_functional_substitution,openalex,The government of self-regulation: on the comparative dynamics of corporate social responsibility,Jean‐Pascal Gond; Nahee Kang; Jeremy Moon,2011,Economy and Society,10.1080/03085147.2011.607364,https://doi.org/10.1080/03085147.2011.607364,article,
COMP-02,compliance_functional_substitution,openalex,Formalizing and appling compliance patterns for business process compliance,Amal Elgammal; Oktay Türetken; Willem‐Jan van den Heuvel; Mike Papazoglou,2014,Software & Systems Modeling,10.1007/s10270-014-0395-3,https://doi.org/10.1007/s10270-014-0395-3,article,
COMP-02,compliance_functional_substitution,openalex,"Beyond Adoption: A New Framework for Theorizing and Evaluating Nonadoption, Abandonment, and Challenges to the Scale-Up, Spread, and Sustainability of Health and Care Technologies",Trisha Greenhalgh; Joseph Wherton; Chrysanthi Papoutsi; Jennifer Lynch; Gemma Hughes; Christine A’Court; Susan Hinder; Nick Fahy; Rob Procter; S. E. Shaw,2017,Journal of Medical Internet Research,10.2196/jmir.8775,https://doi.org/10.2196/jmir.8775,article,
COMP-02,compliance_functional_substitution,openalex,"The Visual Dimension in Organizing, Organization, and Organization Research: Core Ideas, Current Developments, and Promising Avenues",Renate E. Meyer; Markus A. Höllerer; Dennis Jancsary; Theo van Leeuwen,2013,Academy of Management Annals,10.1080/19416520.2013.781867,https://doi.org/10.1080/19416520.2013.781867,article,
COMP-02,compliance_functional_substitution,openalex,Adaptive Self-regulation: A Process View of Managerial Effectiveness,Anne S. Tsui; Susan J. Ashford,1994,Journal of Management,10.1177/014920639402000105,https://doi.org/10.1177/014920639402000105,article,
COMP-02,compliance_functional_substitution,openalex,New Public Management Is Dead--Long Live Digital-Era Governance,Patrick Dunleavy,2005,Journal of Public Administration Research and Theory,10.1093/jopart/mui057,https://doi.org/10.1093/jopart/mui057,article,
COMP-02,compliance_functional_substitution,openalex,Mental Simulation as Substitute for Experience,Heather Barry Kappes; Carey K. Morewedge,2016,Social and Personality Psychology Compass,10.1111/spc3.12257,https://doi.org/10.1111/spc3.12257,article,
COMP-02,compliance_functional_substitution,openalex,Managing Professional Work: Three Models of Control for Health Organizations,W. Richard Scott,2019,,10.4324/9780429450242-27,https://doi.org/10.4324/9780429450242-27,book-chapter,
COMP-02,compliance_functional_substitution,openalex,Crisis and control institutional change in financial market regulation,Renate Mayntz,2012,RePEc: Research Papers in Economics,,https://www.econstor.eu/bitstream/10419/171363/1/1005265852.pdf,book,
COMP-02,compliance_functional_substitution,openalex,Organizational Green IT Adoption: Concept and Evidence,Qi Deng; Shaobo Ji,2015,Sustainability,10.3390/su71215843,https://doi.org/10.3390/su71215843,article,
COMP-02,compliance_functional_substitution,openalex,The Effects of Mandatory and Voluntary Regulatory Pressures on Firms’ Environmental Strategies: A Review and Recommendations for Future Research,Juan Alberto Aragón Correa; Alfred A. Marcus; Dávid Vogel,2019,Academy of Management Annals,10.5465/annals.2018.0014,https://doi.org/10.5465/annals.2018.0014,article,
COMP-02,compliance_functional_substitution,openalex,"“Cloud chasers” and “substitutes”: e‐cigarettes, vaping subcultures and vaper identities",Rikke Tokle; Willy Pedersen,2019,Sociology of Health & Illness,10.1111/1467-9566.12854,https://doi.org/10.1111/1467-9566.12854,article,
COMP-02,compliance_functional_substitution,openalex,Taking Compliance Seriously,John Armour; Jeffrey N. Gordon; Geeyoung Min,2020,Yale journal on regulation,10.17613/0q9v9-t6g23,https://digitalcommons.law.yale.edu/yjreg/vol37/iss1/1,article,
COMP-02,compliance_functional_substitution,openalex,CRYPTOCURRENCIES LEGAL REGULATION,Irina Cvetkova,2018,BRICS Law Journal,10.21684/2412-2343-2018-5-2-128-153,https://doi.org/10.21684/2412-2343-2018-5-2-128-153,article,
COMP-02,compliance_functional_substitution,openalex,Purpose Driven Organizations,Franziska Fink; Michael Moeller,2018,Schäffer-Poeschel eBooks,10.34156/9783791040356,https://doi.org/10.34156/9783791040356,book,
COMP-02,compliance_functional_substitution,openalex,The Unintended Consequences of Democracy Promotion: International Organizations and Democratic Backsliding,Anna M Meyerrose,2020,Comparative Political Studies,10.1177/0010414019897689,https://doi.org/10.1177/0010414019897689,article,
COMP-02,compliance_functional_substitution,openalex,“Want to” Versus “Have to”: Intrinsic and Extrinsic Motivators as Predictors of Compliance Behavior Intention,M Hofeditz; Ann‐Marie Nienaber; Anders Dysvik; Gerhard Schewe,2015,Human Resource Management,10.1002/hrm.21774,https://doi.org/10.1002/hrm.21774,article,
COMP-02,compliance_functional_substitution,openalex,Marking Their Own Homework: The Pragmatic and Moral Legitimacy of Industry Self-Regulation,Frances Bowen,2017,Journal of Business Ethics,10.1007/s10551-017-3635-y,https://doi.org/10.1007/s10551-017-3635-y,article,
COMP-02,compliance_functional_substitution,openalex,Mandatory CSR and sustainability reporting: economic analysis and literature review,Hans Bonde Christensen; Luzi Hail; Christian Leuz,2021,Review of Accounting Studies,10.1007/s11142-021-09609-5,https://doi.org/10.1007/s11142-021-09609-5,article,
COMP-02,compliance_functional_substitution,openalex,A Tax Morale Approach to Compliance: Recommendations for the IRS,Marjorie E. Kornhauser,2022,Florida Tax Review,10.5744/ftr.2007.1061,https://doi.org/10.5744/ftr.2007.1061,article,
COMP-02,compliance_functional_substitution,openalex,Digital twins of organization: implications for organization design,Kalle Lyytinen; Barbara Weber; Markus C. Becker; Brian T. Pentland,2023,Journal of Organization Design,10.1007/s41469-023-00151-z,https://doi.org/10.1007/s41469-023-00151-z,article,
COMP-02,compliance_functional_substitution,openalex,Sustainability in multi‐tier supply chains: Understanding the double agency role of the first‐tier supplier,Miriam Wilhelm; Constantin Blome; Vikram Bhakoo; Antony Paulraj,2015,Journal of Operations Management,10.1016/j.jom.2015.11.001,https://doi.org/10.1016/j.jom.2015.11.001,article,
COMP-02,compliance_functional_substitution,openalex,Managing interrelated tensions in headquarters–subsidiary relationships: The case of a multinational hybrid organization,Tina C. Ambos; Sebastian Fuchs; Alexander Zimmermann,2020,Journal of International Business Studies,10.1057/s41267-020-00307-z,https://doi.org/10.1057/s41267-020-00307-z,article,
COMP-02,compliance_functional_substitution,openalex,Intellectual Property Norms in Online Communities: How User-Organized Intellectual Property Regulation Supports Innovation,Julia Bauer; Nikolaus Franke; Philipp Tuertscher,2016,Information Systems Research,10.1287/isre.2016.0649,https://doi.org/10.1287/isre.2016.0649,article,
COMP-02,compliance_functional_substitution,openalex,Controlling corporate influence in health policy making? An assessment of the implementation of article 5.3 of the World Health Organization framework convention on tobacco control,Gary Fooks; Julia Smith; Kelley Lee; Chris Holden,2017,Globalization and Health,10.1186/s12992-017-0234-8,https://doi.org/10.1186/s12992-017-0234-8,article,
COMP-02,compliance_functional_substitution,openalex,Subglobal Regulation of the Global Commons: The Case of Climate Change,Kirsten H. Engel,2005,Ecology law quarterly,10.15779/z38kv8p,https://scholarship.law.berkeley.edu/elq/vol32/iss2/1,article,
COMP-02,compliance_functional_substitution,openalex,Coordination in a Digital Platform Organization,Carmen Leong; Silvia Lin; Felix Ter Chian Tan; Jie Yu,2023,Information Systems Research,10.1287/isre.2023.1226,https://doi.org/10.1287/isre.2023.1226,article,
COMP-02,compliance_functional_substitution,openalex,The social regulation of corporate social irresponsibility: Reviewing the contribution of corporate reputation,Giulio Nardella; Stephen Brammer; Irina Surdu,2022,International Journal of Management Reviews,10.1111/ijmr.12311,https://doi.org/10.1111/ijmr.12311,article,
COMP-02,compliance_functional_substitution,openalex,Generative artificial intelligence in innovation management: A preview of future research developments,Marcello M. Mariani; Yogesh K. Dwivedi,2024,Journal of Business Research,10.1016/j.jbusres.2024.114542,https://doi.org/10.1016/j.jbusres.2024.114542,article,
COMP-02,compliance_functional_substitution,openalex,"‘The Substitution of One Piece of Nonsense for Another’: Reflections on Resistance, Gaming, and Subjugation",Hugh Willmott,2013,Journal of Management Studies,10.1111/joms.12019,https://doi.org/10.1111/joms.12019,article,
COMP-02,compliance_functional_substitution,openalex,Organizational Violations of Externally Governed Privacy and Security Rules: Explaining and Predicting Selective Violations under Conditions of Strain and Excess,Jeffrey D. Wall; Paul Benjamin Lowry; Jordan B. Barlow,2016,Journal of the Association for Information Systems,10.17705/1jais.00420,https://doi.org/10.17705/1jais.00420,article,
COMP-02,compliance_functional_substitution,openalex,The Ruggie Framework: Polycentric regulation and the implications for corporate social responsibility,Mark B. Taylor,2011,Etikk i praksis - Nordic Journal of Applied Ethics,10.5324/eip.v5i1.1731,https://doi.org/10.5324/eip.v5i1.1731,article,
COMP-02,compliance_functional_substitution,openalex,The Economic Impacts and the Regulation of AI: A Review of the Academic Literature and Policy Actions,Mariarosaria Comunale; Andrea Manera,2024,IMF Working Paper,10.5089/9798400268588.001,https://doi.org/10.5089/9798400268588.001,article,
COMP-02,compliance_functional_substitution,openalex,Mothers’ and fathers’ mind‐mindedness influences physiological emotion regulation of infants across the first year of life,Moniek A. J. Zeegers; Wieke de Vente; Milica Nikolić; Mirjana Majdandžić; Susan M. Bögels; Cristina Colonnesi,2018,Developmental Science,10.1111/desc.12689,https://doi.org/10.1111/desc.12689,article,
COMP-02,compliance_functional_substitution,openalex,Motives to standardize: Empirical evidence from Germany,Knut Blind; Axel Mangelsdorf,2016,Technovation,10.1016/j.technovation.2016.01.001,https://doi.org/10.1016/j.technovation.2016.01.001,article,
COMP-02,compliance_functional_substitution,openalex,The Politics of China's Accession to the World Trade Organization,Hui Feng,2006,,10.4324/9780203029411,https://doi.org/10.4324/9780203029411,book,
COMP-02,compliance_functional_substitution,openalex,"Development and socialization of self-regulation from infancy to adolescence: A meta-review differentiating between self-regulatory abilities, goals, and motivation",Christiane Wesarg-Menzel; R. Ebbes; Maud Hensums; Eline Wagemaker; Martina Zaharieva; Janneke Staaks; Alithe L. van den Akker; Ingmar Visser; Machteld Hoeve; Eddie Brummelman; Tycho J. Dekkers; Jaap Schuitema; Helle Larsen; Cristina Colonnesi; Brenda R. J. Jansen; Geertjan Overbeek; Hilde M. Huizenga; Reínout W. Wiers,2023,Developmental Review,10.1016/j.dr.2023.101090,https://doi.org/10.1016/j.dr.2023.101090,article,
COMP-02,compliance_functional_substitution,openalex,A compliance management framework for business process models,Ahmed Awad,2010,publish.UP (University of Potsdam),,https://publishup.uni-potsdam.de/frontdoor/index/index/docId/4715,dissertation,
COMP-02,compliance_functional_substitution,openalex,Symbolic regulation: human rights provisions in preferential trade agreements,Claire Peacock,2018,Oxford University Research Archive (ORA) (University of Oxford),10.5287/ora-0za2amzg7,https://ora.ox.ac.uk/objects/uuid:75c35b2d-c40e-4366-a7d0-188615137ccc,dissertation,
COMP-02,compliance_functional_substitution,openalex,Current Trends in Automotive Lightweighting Strategies and Materials,Frank Czerwiński,2021,Materials,10.3390/ma14216631,https://doi.org/10.3390/ma14216631,article,
COMP-02,compliance_functional_substitution,openalex,Agro-Food Byproducts as a New Source of Natural Food Additives,Margarida Faustino; Mariana Veiga; Pedro Sousa; Eduardo M. Costa; Sara Silva; Manuela Pintado,2019,Molecules,10.3390/molecules24061056,https://doi.org/10.3390/molecules24061056,article,
COMP-02,compliance_functional_substitution,openalex,"Labor Regulations, Unions, and Social Protection in Developing Countries: Market distortions or Efficient Institutions?",Richard B. Freeman,2009,National Bureau of Economic Research,10.3386/w14789,https://doi.org/10.3386/w14789,report,
COMP-02,compliance_functional_substitution,openalex,Flexibility and Resilience in Corporate Decision Making: A New Sustainability-Based Risk Management System in Uncertain Times,Davide Settembre‐Blundo; Rocío González Sánchez; Sonia Medina Salgado; Fernando E. García‐Muiña,2021,Global Journal of Flexible Systems Management,10.1007/s40171-021-00277-7,https://doi.org/10.1007/s40171-021-00277-7,article,
COMP-02,compliance_functional_substitution,openalex,Breaking the Genuine Link: The Contemporary International Legal Regulation of Nationality,Robert D. Sloane,2008,eYLS (Yale Law School),,https://scholarship.law.bu.edu/faculty_scholarship/489,article,
COMP-03,compliance_functional_substitution,crossref,Compliance and Enforcement in Economic Policy Coordination in EMU,Fabian Amtenbrink; René Repasi,2017,Oxford Scholarship Online,10.1093/acprof:oso/9780198746560.003.0010,https://doi.org/10.1093/acprof:oso/9780198746560.003.0010,book,"<p>This chapter examines the EU’s new economic policy coordination regime and specifically the secondary Union law rules in the shape of the Six Pack and Two Pack, as well as the TSCG and the ESM Treaty. To this end the chapter develops an analytical framework for assessing the current legal framework. It then operationalizes this analytical framework by categorizing and analysing the main legal mechanisms in place to ensure compliance with the Union’s objectives geared towards ensuring fiscal stability in the EMU. The chapter then offers a qualitative evaluation of the potential of the current economic policy coordination framework to ensure compliance. Finally, this chapter makes some concrete proposals on how the current system can be improved and places these in the broader context of the future of EMU.</p>"
COMP-03,compliance_functional_substitution,crossref,AI-Powered Cybersecurity Policy Compliance Enforcement,Muhammad Abubakar,2025,,10.2139/ssrn.5373090,https://doi.org/10.2139/ssrn.5373090,posted-content,
COMP-03,compliance_functional_substitution,crossref,Opening the compliance and enforcement loot box: A retrospective on some practice and policy impacts achieved through academic research,Leon Y. Xiao,2023,,10.31219/osf.io/vjmf5,https://doi.org/10.31219/osf.io/vjmf5,posted-content,"<p>Loot boxes are gambling-like products in video games that can be purchased with real-world money to obtain random rewards. Regulations have been imposed in some jurisdictions to attempt to address potential harms. Two recent policy studies assessed companies’ compliance (but more often, non-compliance) with those regulations. The first study found that a supposed ‘ban’ on loot boxes in Belgium was not enforced so the product remained widely accessible. A preprint reporting this was widely publicised by the media. This enhanced awareness led to companies newly complying with the law and helped policymakers to view the practicality of banning loot boxes with more due scepticism. Researchers should consider actively sharing non-peer-reviewed preprint results to protect consumers more promptly. The second study found that, contrary to regulations, many games with loot boxes were not labelled. Subsequent engagement with the media and the industry self-regulators caused remedial actions to be taken: unlabelled games have since been correctly labelled, and non-compliant companies have been punished with (albeit insignificant) fines. The societal impacts of loot box policy studies demonstrate the importance of actively communicating research results to the public through media engagement and challenging companies and regulators when they are not complying with or enforcing regulations.</p>"
COMP-03,compliance_functional_substitution,crossref,Evaluating Policy Compliance and Enforcement in Urban Land Use Planning,Abdullahi Alli,2026,,10.2139/ssrn.6028334,https://doi.org/10.2139/ssrn.6028334,posted-content,
COMP-03,compliance_functional_substitution,crossref,Conclusions on Current Enforcement Policy,,2015,Law and Corporate Behaviour,10.5040/9781474201124.ch-016,https://doi.org/10.5040/9781474201124.ch-016,other,
COMP-03,compliance_functional_substitution,crossref,Tax Compliance and Enforcement,Joel Slemrod,2017,The Economics of Tax Policy,10.1093/acprof:oso/9780190619725.003.0006,https://doi.org/10.1093/acprof:oso/9780190619725.003.0006,book-chapter,
COMP-03,compliance_functional_substitution,crossref,Organizational liability for environmental crimes,Jeffrey G. Miller; Caroline Justice,2017,Compliance and Enforcement of Environmental Law,10.4337/9781783477685.iv.15,https://doi.org/10.4337/9781783477685.iv.15,book-chapter,
COMP-03,compliance_functional_substitution,crossref,OECD Policy on Regulation and Enforcement,,2015,Law and Corporate Behaviour,10.5040/9781474201124.ch-012,https://doi.org/10.5040/9781474201124.ch-012,other,
COMP-03,compliance_functional_substitution,crossref,7 NON-COMPLIANCE WITH AN ENFORCEMENT NOTICE,,2000,Planning Law &amp; Practice,10.4324/9781843140078-73,https://doi.org/10.4324/9781843140078-73,book-chapter,
COMP-03,compliance_functional_substitution,crossref,Executable Compliance: A Policy-as-Code Framework for Machine-Readable Regulatory Enforcement,Holger Reibold,2026,,10.2139/ssrn.6882720,https://doi.org/10.2139/ssrn.6882720,posted-content,"<jats:p>Regulatory complexity has reached a point where traditional compliance approaches no longer scale effectively. Organizations face overlapping requirements from frameworks such as NIS2, DORA, the EU AI Act, GDPR, ISO 27001, ISO 42001, and the Cyber Resilience Act. Most compliance programs still rely on documents, manual interpretation, fragmented tooling, and project-based implementations. The result is high operational overhead, inconsistent data, limited scalability, and a persistent lack of audit readiness.&lt;br&gt;&lt;br&gt; This paper introduces Executable Compliance, a system-oriented approach that transforms regulatory requirements into structured, machine-readable, and operationally executable data models. Instead of treating compliance as a documentation exercise, Executable Compliance treats regulation as a data and architecture problem. Regulatory obligations are translated into interconnected operational objects: requirements, controls, risks, remediation steps, and evidence artifacts.&lt;br&gt;&lt;br&gt; The paper proposes a Policy-as-Code framework for machine-readable regulatory enforcement and introduces the concept of Compliance as an Execution Layer. It outlines a unified data model capable of supporting continuous compliance monitoring, cross framework control reuse, API-driven integration, and AI-enabled governance systems. The central thesis is that compliance is evolving from static text into executable infrastructure.</jats:p>"
COMP-03,compliance_functional_substitution,crossref,Moral evaluation dimensions of information security policy compliance,Dailin Zheng; Zhiping Walter,2026,"Organizational Cybersecurity Journal: Practice, Process and People",10.1108/ocj-04-2025-0010,https://doi.org/10.1108/ocj-04-2025-0010,journal-article,"<jats:sec>
                    <jats:title>Purpose</jats:title>
                    <jats:p>We examine information systems security policy (ISSP) compliance through the lens of ethical decision-making to uncover new insights into employee ISSP compliance and recommend managerial practices that improve ISSP compliance.</jats:p>
                  </jats:sec>
                  <jats:sec>
                    <jats:title>Design/methodology/approach</jats:title>
                    <jats:p>We anchored our theoretical framework to moral intensity theory and developed hypotheses based on deontological ethics, utilitarian ethics and construal level theory. Scenario-based surveys were conducted to test the research model.</jats:p>
                  </jats:sec>
                  <jats:sec>
                    <jats:title>Findings</jats:title>
                    <jats:p>We found that employees would align their compliance motivation with organizational information security interests even at a cost to themselves if negative consequences to the organization from data breaches are well understood and if a pro-compliance social consensus among coworkers is evident. Employees tend to develop a sufficient understanding of the negative consequences of data breaches if they feel psychologically close to the organization and if they perceive that damage from data breaches will occur sooner rather than later.</jats:p>
                  </jats:sec>
                  <jats:sec>
                    <jats:title>Practical implications</jats:title>
                    <jats:p>To improve compliance, we recommend that organizations align employee compliance motivation with organizational security interests through clear communications of potential security breach damages, fostering a pro-compliance culture and reducing the psychological distance employees feel from the organization.</jats:p>
                  </jats:sec>
                  <jats:sec>
                    <jats:title>Originality/value</jats:title>
                    <jats:p>Theoretically, our ethical decision-making perspective on ISSP compliance complements the cost-benefit analysis framework widely adopted in ISSP compliance research. Our research model offers a new framework for analyzing employee ISSP compliance. Managerially, highlighting the effects of psychological distance and social consensus among coworkers contributes to the management of employee ISSP compliance.</jats:p>
                  </jats:sec>"
COMP-03,compliance_functional_substitution,crossref,Enforcement of WTO Obligations,Mitsuo Matsushita; Thomas J Schoenbaum; Petros C Mavroidis; Michael Hahn,2015,The World Trade Organization,10.1093/law/9780199571857.003.0005,https://doi.org/10.1093/law/9780199571857.003.0005,book-chapter,"<jats:title>Abstract</jats:title>
               <jats:p>This chapter first discusses the implementation of the Dispute Settlement Body's (DSB) recommendations and rulings. It then covers remedies in cases of successful non-violation and situation complaints; recommendations and suggestions by panels and the Appellate Body regarding the implementation of DSB decisions; lex specialis remedies; prompt compliance and the reasonable period of time; compliance review pursuant to Dispute Settlement Understanding (DSU) Article 21.5; enforcement measures pursuant to DSU Article 22; and compliance following the adoption of countermeasures.</jats:p>"
COMP-03,compliance_functional_substitution,crossref,Defender Policy Hardening via PowerShell-Based Desired State Enforcement: A Reproducible Compliance Model,Ashish Bhatti,2026,,10.2139/ssrn.6486412,https://doi.org/10.2139/ssrn.6486412,posted-content,"<jats:p>Microsoft Defender is also a major element of a contemporary Zero Trust architecture, but a significant difficulty experienced by organizations is implementing hardened Defender settings at scale in a manner that is reproducible and rollback- secure. The existing methods like group policy, static baselines or ad hoc scripting offer some capacity to protect against configuration drift, and are not operable at the level of operational safety. The article presents a PowerShell-based desired state enforcement framework known as the Defender Control &amp; Audit Toolkit (DCAT). DCAT operates on the policy-as-data model, with declarative JSON presets, that model that reflects multiple security baselines, including Microsoft-compliant, CIS Level 1 and 2, and a DoD/STIG-level hardened profile. To allow discrete compliance scoring, auditable configuration checks, and deterministic rollback, the framework identifies evaluation, enforcement, and recovery as separate control planes. By adjusting to zero trust principles, the elimination of implicit trust on endpoint states, and thus Defender configurations can be consistently verified, DCAT addresses extreme security concerns. This consistency maintains always that validation of security settings is done, to make sure configuration drift is avoided. Empirical evidence shows that, DCAT enables reproducible hardening, regulated recovery and compliance visibility and therefore may be implemented in high assurance environments that insist on strong, auditable security routines. The efficacy of DCAT as a method to impose endpoint arrangement in a premium, versatile, and manageable means is exhibited in the paper.</jats:p>"
COMP-03,compliance_functional_substitution,crossref,Remedies and Compliance in International Judicial Practice,,2026,Adjudicating over Anarchy,10.1017/9781316673072.009,https://doi.org/10.1017/9781316673072.009,book-part,
COMP-03,compliance_functional_substitution,crossref,Transforming Symbolic Law into Organizational Action: Hate Crime Policy and Law Enforcement Practice,R. Grattet; V. Jenness,2008,Social Forces,10.1353/sof.0.0122,https://doi.org/10.1353/sof.0.0122,journal-article,
COMP-03,compliance_functional_substitution,crossref,Opening the compliance and enforcement loot box: A retrospective on some practice and policy impacts achieved through academic research,Leon Y. Xiao,2023,Societal Impacts,10.1016/j.socimp.2023.100018,https://doi.org/10.1016/j.socimp.2023.100018,journal-article,
COMP-03,compliance_functional_substitution,crossref,"Achieving female supervisory representation in US law enforcement agencies: The roles of organizational structure, practice, and context",Matthew C Matusiak; Joanna D Frazier,2024,Policing: A Journal of Policy and Practice,10.1093/police/paad082,https://doi.org/10.1093/police/paad082,journal-article,"<jats:title>Abstract</jats:title>
               <jats:p>The current research explores relationships between law enforcement agencies’ organizational structures and practices and the representation of women in supervisory positions. Utilizing Law Enforcement Management and Administrative Statistics (2016) and American Community Survey (2011–15) survey data, we employed fractional response and binary logistic regression models to assess both the proportions of female officers in supervisory positions and differences between agencies that do and do not employ them. Results indicate organizational structures and practices play a limited role in shaping supervisory representation. The promotion of women, therefore, appears to be shaped to a greater extent by those managing the process rather than the framework it occurs within.</jats:p>"
COMP-03,compliance_functional_substitution,crossref,VOLUNTARY COMPLIANCE AND REGULATORY ENFORCEMENT,JOHN T. SCHOLZ,1984,Law &amp; Policy,10.1111/j.1467-9930.1984.tb00334.x,https://doi.org/10.1111/j.1467-9930.1984.tb00334.x,journal-article,"<jats:p>Enforcement strategies that encourage “voluntary compliance” can improve regulatory efficiency by reducing unnecessary enforcement and compliance costs associated with legal confrontation between firms and agencies. This article analyzes the enforcement dilemma that causes confrontation and describes a “Tit for Tat” strategy capable of increasing socially beneficial cooperation. The strategy requires agencies to be reasonable toward cooperative firms, vengeful toward cheaters, unrelenting in pursuit of chronic evaders, but conciliatory toward repentant firms. Reforms in this neglected and poorly understood part of the regulatory process could yield considerable social benefits.</jats:p>"
COMP-03,compliance_functional_substitution,crossref,Enforcement and Penalties for Non-Compliance,,,A User’s Guide to Data Protection: Law and Policy,10.5040/9781526505026.ch-011,https://doi.org/10.5040/9781526505026.ch-011,book-chapter,
COMP-03,compliance_functional_substitution,crossref,Symbolic compliance with policy-led public procurement: decoupling practices and compliance barriers,Mohammad Moshtari; Matin Taheriruh,2023,International Journal of Procurement Management,10.1504/ijpm.2023.10059760,https://doi.org/10.1504/ijpm.2023.10059760,journal-article,
COMP-03,compliance_functional_substitution,crossref,Business splitting: compliance with the principle of tax certainty in law enforcement practice,Karina A. Ponomareva,2020,Law Enforcement Review,10.24147/2542-1514.2020.4(2).41-48,https://doi.org/10.24147/2542-1514.2020.4(2).41-48,journal-article,"<jats:p>The subject. The problems of business splitting, when several new business entities are created on the basis of an existing organization in order to maintain a preferential special tax regime, are considered in the article. The aim of this paper is to find out criteria of unjustified tax benefit in the cases concerning business splitting. The methodology. The author uses methods of theoretical analysis, particularly the theory of integrative legal consciousness, as well as legal methods, including formal legal method and analysis of recent judicial practice. The main results, scope of application. The problems of assessing the circumstances of cases involving the application of a business splitting scheme by the taxpayer are inextricably linked to the assessment of the validity of the tax benefit. According to the author, splitting schemes should not be considered as tax evasion, but as an abuse of law. In addition, in order to substantiate the conclusion that a taxpayer has applied a business splitting scheme, the tax authority must have evidence that will indicate that the taxpayer has committed deliberate concerted actions together with persons under its control, aimed not so much at dividing the business as at obtaining an unjustified tax benefit as a result of using such a scheme. Judicial practice is quite ambiguous. Conclusions. The author comes to the conclusion that еhe key concept subject to criticism is the blurred criteria for obtaining tax benefits for taxpayers and the definition of the edge when it passes into the category of unjustified tax benefit.</jats:p>"
COMP-03,compliance_functional_substitution,crossref,Role of the judiciary in biodiversity enforcement and compliance,Stellina Jolly,2017,Biodiversity,10.4324/9780203704066-11,https://doi.org/10.4324/9780203704066-11,book-chapter,
COMP-03,compliance_functional_substitution,crossref,5 / Cambridge: Changing Organizational Incentives,,1969,Traffic and the Police,10.4159/harvard.9780674491618.c8,https://doi.org/10.4159/harvard.9780674491618.c8,book-chapter,
COMP-03,compliance_functional_substitution,crossref,Enforcement and Penalties for Non-Compliance,,2020,A User’s Guide to Data Protection: Law and Policy,10.5040/9781526515735.ch-011,https://doi.org/10.5040/9781526515735.ch-011,book-chapter,
COMP-03,compliance_functional_substitution,crossref,Enforcement and Penalties for Non-Compliance,,2023,A User's Guide to Data Protection,10.5040/9781526527318.ch-011,https://doi.org/10.5040/9781526527318.ch-011,other,
COMP-03,compliance_functional_substitution,crossref,Making Things Stick: Enforcement and Compliance,Anthony G Heyes*,2000,Environmental Policy,10.1093/oso/9780199241354.003.0005,https://doi.org/10.1093/oso/9780199241354.003.0005,book-chapter,"<jats:title>Abstract</jats:title>
               <jats:p>Environmental regulations are only useful if firms comply with them. Since compliance is generally costly, regulations have to be enforced if they are to work. Since enforcement is itself costly, enforcement is usually incomplete, meaning that some firms get away with noncompliance. Only by taking account of this sort of leakage can the success of a regulatory programme be assessed accurately.</jats:p>"
COMP-03,compliance_functional_substitution,crossref,MEAs: Working Group on Compliance and Enforcement,,2000,Environmental Policy and Law,10.3233/epl-2000-30_1-2_13,https://doi.org/10.3233/epl-2000-30_1-2_13,journal-article,<jats:p/>
COMP-03,compliance_functional_substitution,crossref,Enforcement policy,,2011,Australian Cartel Regulation,10.1017/cbo9780511974151.011,https://doi.org/10.1017/cbo9780511974151.011,book-chapter,
COMP-03,compliance_functional_substitution,crossref,Changes in China’s Policing: Organizational Structure and Daily Law Enforcement of Frontline Police,Haoran Xu; Christophe Vandeviver; Antoinette Verhage,2023,Policing: A Journal of Policy and Practice,10.1093/police/paad018,https://doi.org/10.1093/police/paad018,journal-article,"<jats:title>Abstract</jats:title>
                  <jats:p>Since 2014, China's Ministry of Public Security has begun to reform the national police system, which involves internal command, criminal intelligence and welfare support systems. This research aims to explore how policing reform affects the daily law enforcement of frontline police officers and grassroot police units, and the views of frontline police officers on policing reform. The study also analyses the changes in the organisational structure of grassroot police units and the criminal intelligence system after the policing reform. The research methodology consisted of the researchers conducting a textual analysis of work reports issued by multiple local police units and reform reports in newspapers, and investigating the views of frontline police officers on policing reform. The study found that the reform did help enhance the law enforcement capabilities of grassroot police units and frontline police officers. Most frontline police officers additionally supported the policing reform. However, the policing reform has also led to issues such as the indiscriminate expansion of police power and the work pressure on frontline police officers. Finally, this study is an exploratory observation of China's national police system and can provide new insights into research on policing and the understanding of Chinese policing practices. It can additionally provide different countries with new information about policing reform.</jats:p>"
COMP-03,compliance_functional_substitution,crossref,Federal Enforcement,,2016,"Food Regulation: Law, Science, Policy, and Practice, Second Edition",10.1002/9781119341178.ch16,https://doi.org/10.1002/9781119341178.ch16,book-chapter,
COMP-03,compliance_functional_substitution,crossref,Performative Compliance and Rationalized Hoarding,Jamie O'Brien,2026,Organizational Cultures: An International Journal,10.18848/2327-8013/cgp/a176,https://doi.org/10.18848/2327-8013/cgp/a176,journal-article,"<jats:p xml:lang=""en"">&lt;p&gt;Organizations invest heavily in formal Knowledge Management (KM) systems to capture organizational wisdom, yet knowledge hoarding and inefficiency persist. While existing quantitative literature has mapped the antecedents of sharing, it often fails to explain the micro-foundational resilience of hoarding under operational pressure. This exploratory, interpretivist multiple-cases study investigates knowledge behaviors within&lt;span style=""color: rgb(1, 0, 0);""&gt; two &lt;/span&gt;high-technology organizations in the medical device sector. Data were collected through thirty-six in-depth semi-structured interviews, nonparticipant observation, and document analysis. This data set establishes a foundational baseline for “performative compliance” that persists in modern digital environments. Analysis reveals a profound institutional decoupling between formal KM policy and actual practice. Employees engaged in performative compliance, gaming formal training systems to satisfy audit trails without genuine learning. Knowledge hoarding was identified not as malicious behavior, but as a rational coping mechanism—a calculation of adaptive cost in response to time famine. Consequently, employees relied on exclusionary informal networks, increasing strategic fragility. The study concludes that the “click–click” culture of modern compliance is a structural inevitability when governance systems ignore the temporal cost of sharing. To transition to genuine sharing, organizations must treat time as a critical knowledge resource.&lt;/p&gt;</jats:p>"
COMP-03,compliance_functional_substitution,crossref,Symbolic compliance with policy-led public procurement: decoupling practices and compliance barriers,Matin Taheriruh; Mohammad Moshtari,2024,International Journal of Procurement Management,10.1504/ijpm.2024.135180,https://doi.org/10.1504/ijpm.2024.135180,journal-article,
COMP-03,compliance_functional_substitution,crossref,"Tradable Permits for Climate Change: Implications for Compliance, Monitoring, and Enforcement",Nick Johnstone,2005,Climate Change Policy,10.1093/oso/9780199281459.003.0012,https://doi.org/10.1093/oso/9780199281459.003.0012,book-chapter,"<jats:title>Abstract</jats:title>
                  <jats:p>With the Kyoto Protocol (which encouraged the use of ‘flexible mechanisms’ to meet emission-reduction commitments) and the European Union's Emissions Trading Directive (CEC, 2003a), tradable permits have taken centre stage as a means to address global warming. While the theoretical case for their economic efficiency and environmental effectiveness is well-established (OECD, 2004), the implications of their use for compliance, monitoring, and enforcement is less well understood. In this chapter, an effort is made to review their likely implications in these areas, drawing upon existing experience with the use of tradable permits in the area of climate change (which remains limited), and other air and water pollutants and natural resources (for which there is much more extensive experience). Assessing the implications of tradable permits for compliance, monitoring, and enforcement must be undertaken relative to a policy counterfactual. In most cases, the most plausible policy alternative is likely to be direct regulations involving either performance standards or technology standards, and this is generally the assumption made in this chapter. All environmental policy instruments have implications for monitoring and enforcement, and thus the pertinent question is whether or not such implications are very different under tradable permits, relative to the most likely direct regulation policy alternatives.</jats:p>"
COMP-03,compliance_functional_substitution,crossref,Voluntary self-policing and the US Audit Policy,Sarah L. Stafford,2017,Compliance and Enforcement of Environmental Law,10.4337/9781783477685.iv.1,https://doi.org/10.4337/9781783477685.iv.1,book-chapter,
COMP-03,compliance_functional_substitution,crossref,Perceptions of tax enforcement effectiveness in Tanzania: Implications for compliance and policy reform,Nuru Kibiki; Jehovaness Aikaeli; Hamis Mwinyimvua,2026,,10.2139/ssrn.6869081,https://doi.org/10.2139/ssrn.6869081,posted-content,"<jats:p>This study examines taxpayers’ perceptions of tax enforcement effectiveness in Tanzania and their implications for tax compliance and policy reform. Using cross-sectional data from Afrobarometer 2021 (Round 8) and a generalized ordered logit model based on a sample of 2,144 observations, the study evaluates how institutional, economic, and socio-demographic factors influence compliance behaviour. The results show that perceived effectiveness of tax enforcement significantly increases the likelihood of compliance, particularly among urban and formally employed taxpayers. However, lower compliance is observed among informal sector participants, reflecting structural and institutional constraints. The findings further, indicate that trust in tax authorities and enforcement consistency play a critical role in shaping compliance decisions. The study concludes that strengthening enforcement transparency, improving taxpayer trust, and expanding digital tax systems are essential for enhancing compliance in Tanzania. These findings provide important policy insights for improving revenue mobilization in developing economies.</jats:p>"
COMP-03,compliance_functional_substitution,crossref,Optimal Enforcement Policy and Firms' Emissions and Compliance with Environmental Taxes,Ines Macho-Stadler; David P&eacute;rez-Castrillo,2004,,10.2139/ssrn.553941,https://doi.org/10.2139/ssrn.553941,posted-content,"<jats:p>In a market where firms with different characteristics decide upon both the level of emissions and their reports, we study the optimal audit policy for an enforcement agency whose objective is to minimize the level of emissions. We show that it is optimal to devote the resources primarily to the easiest-to-monitor firms and to those firms that value pollution the less. Moreover, unless the budget for monitoring is very large, there are always firms that do not comply with the environmental objective and others that do comply; but all of them evade the environmental taxes.</jats:p>"
COMP-03,compliance_functional_substitution,crossref,State of the European Union’s early notification obligation for drug shortages: enforcement and compliance in eight European countries (2020–2022),Reko Ravela; Marja Airaksinen; Alan Lyles,2023,Journal of Pharmaceutical Policy and Practice,10.1186/s40545-023-00646-w,https://doi.org/10.1186/s40545-023-00646-w,journal-article,
COMP-03,compliance_functional_substitution,crossref,Tax Compliance and Enforcement: New Research and Its Policy Implications,Joel B. Slemrod,2016,SSRN Electronic Journal,10.2139/ssrn.2726077,https://doi.org/10.2139/ssrn.2726077,journal-article,
COMP-03,compliance_functional_substitution,crossref,Making things stick: enforcement and compliance,A. Heyes,1998,Oxford Review of Economic Policy,10.1093/oxrep/14.4.50,https://doi.org/10.1093/oxrep/14.4.50,journal-article,
COMP-03,compliance_functional_substitution,crossref,"Economics of waste management and disposal: decoupling, policy enforcement and spatial factors",Alessio D’Amato; Shunsuke Managi; Massimiliano Mazzanti,2012,Environmental Economics and Policy Studies,10.1007/s10018-012-0050-6,https://doi.org/10.1007/s10018-012-0050-6,journal-article,
COMP-03,compliance_functional_substitution,crossref,Book Review: The enforcement of EU Law: The role of the European Commission and Compliance and the enforcement of EU Law,,2014,Journal of European Social Policy,10.1177/0958928713518159,https://doi.org/10.1177/0958928713518159,journal-article,
COMP-03,compliance_functional_substitution,crossref,Organizational Factors in Early Release Policy and Practice,Thomas C. Guiney,2018,Oxford Scholarship Online,10.1093/oso/9780198803683.003.0009,https://doi.org/10.1093/oso/9780198803683.003.0009,book,"<p>The chapter explores how policymakers operate within and interact across institutional settings. The chapter re-visits the ‘stewardship function’ of the Home Office and examines how functional tasks were assigned, interpreted, and resolved within the Department. It then looks outwards to better understand the fluid and uneven distribution of power between the various actors with a stake in the administration of early release. Particular attention is paid to the dynamic relationship between the judiciary and the executive which, more than any other, has exerted a significant influence over the development of early release in England and Wales. The chapter concludes with a call for greater focus on the production of a liberal democratic statecraft and the central role these techniques have played at critical junctures in the development of criminal justice policy and practice.</p>"
COMP-03,compliance_functional_substitution,crossref,Introduction—Making Employment Rights Effective: Issues of Enforcement and Compliance,,,Making Employment Rights Effective : Issues of Enforcement and Compliance,10.5040/9781472566188.ch-001,https://doi.org/10.5040/9781472566188.ch-001,book-chapter,
COMP-03,compliance_functional_substitution,crossref,Banning Smoking: Compliance Without Enforcement,Robert A Kagan; Jerome H Skolnick,1993,"Smoking Policy: Law, Politics, and Culture",10.1093/oso/9780195072310.003.0004,https://doi.org/10.1093/oso/9780195072310.003.0004,book-chapter,"<jats:title>Abstract</jats:title>
                  <jats:p>In recent years, nineteen American states have enacted laws restricting smoking in government buildings and health facilities, bringing the total to forty-one states plus the District of Columbia. Several state laws demand protection for nonsmokers’ rights in private workplaces.1 An estimated 450 municipalities (five times as many as in 1986) have enacted ordinances restricting smoking in restaurants, stores, and offices. Thousands of private enterprises and organizations-including a majority of large corporations-have instituted no-smoking policies covering parts and sometimes all of their facilities. By federal regulation, one can no longer smoke on Greyhound buses or on any domestic airline flights. Smokers have been banned from the seats of the Oakland Coliseum, an open-air baseball park, as well from the domed arena of the Minnesota Twins and the University of Texas outdoor football</jats:p>"
COMP-03,compliance_functional_substitution,crossref,The Devolution of Immigration Enforcement Policy and Child Welfare Practice,Marianna L. Colvin,2014,Journal of Policy Practice,10.1080/15588742.2013.855694,https://doi.org/10.1080/15588742.2013.855694,journal-article,
COMP-03,compliance_functional_substitution,crossref,Enforcement of labor market regulations: heterogeneous compliance and adjustment across gender,Mariana Viollaz,2018,IZA Journal of Labor Policy,10.1186/s40173-018-0095-7,https://doi.org/10.1186/s40173-018-0095-7,journal-article,"<jats:title>Abstract</jats:title><jats:p>This paper explores microdata from Argentine household surveys to analyze how changes in the enforcement of labor regulations affect the compliance level and other labor outcomes among men and women. Using information of the highly decentralized labor inspection system in Argentina, I construct an enforcement measure with variation at the province, sector, and time level (share of inspected firms) which I instrument using a measure of the arrival cost of labor inspectors to the firms. The main findings reveal that when enforcement increases, the compliance with mandated benefits and formal wages increase among men, while informal wages decline. Among women, the compliance level declines jointly with informal wages. These heterogenous impacts are explained by labor regulations that make formal and informal men more substitutable in the production process than formal and informal women.</jats:p>"
COMP-03,compliance_functional_substitution,crossref,Privatizing the Adjudication of International Commercial Disputes: The Relevance of Organizational Form,Kevin E. Davis,2012,Enforcement of Transnational Regulation,10.4337/9781781003732.00018,https://doi.org/10.4337/9781781003732.00018,book-chapter,
COMP-03,compliance_functional_substitution,crossref,"Environmental compliance and enforcement measurement: why, what and how?",Shelley H. Metzenbaum,2017,Compliance and Enforcement of Environmental Law,10.4337/9781783477685.iv.18,https://doi.org/10.4337/9781783477685.iv.18,book-chapter,
COMP-03,compliance_functional_substitution,crossref,"Tradable Permits for Climate Change: Implications for Compliance, Monitoring, and Enforcement",Christoph Böhringer; Michael Finus,2005,Climate Change Policy,10.1093/oso/9780199281459.003.0013,https://doi.org/10.1093/oso/9780199281459.003.0013,book-chapter,"<jats:title>Abstract</jats:title>
                  <jats:p>Climate change has emerged as one of the most important and complex issues facing the world over the next century. Concentration of so-called greenhouse-gas emissions has increased markedly during the past century owing to human activities such as fossil-fuel combustion which releases carbon dioxide (CO2) into the atmosphere. Scientific evidence suggests that a continued increase in the greenhouse-gas concentration is likely to have significant effects on the climate. Despite large uncertainties about the concrete impacts on the ecosystem, a global consensus exists that global climate change constitutes a serious potential threat. Concerns on climate change led more than 180 countries to sign the United Nations Framework Convention on Climate Change (UNFCCC) in Rio de Janeiro in 1992, which declares that serious action should be taken to reduce man-made greenhouse-gas emissions (UNFCCC, 1992). To this end, the Kyoto Protocol was signed in 1997 (UNFCCC, 1997). This treaty contains legally binding greenhouse-gas-emission targets for industrialized countries to be achieved in the target period 2008–12 (the so-called Kyoto commitment period). The proponents of the Kyoto Protocol celebrated it as a breakthrough in international climate policy because (i) it aimed at substantial emission reductions for industrialized countries vis-à-vis business-as-usual emissions, and (ii) it established a broad international mechanism for widening and deepening climate-protection activities in the future.</jats:p>"
COMP-03,compliance_functional_substitution,crossref,Enforcement: practice and potential,,2015,Human Rights in Armed Conflict,10.1017/cbo9781316103869.036,https://doi.org/10.1017/cbo9781316103869.036,book-chapter,
COMP-03,compliance_functional_substitution,openalex,The Discipline of Rankings: Tight Coupling and Organizational Change,Michael Sauder; Wendy Nelson Espeland,2009,American Sociological Review,10.1177/000312240907400104,https://doi.org/10.1177/000312240907400104,article,
COMP-03,compliance_functional_substitution,openalex,Means versus Ends in Opaque Institutional Fields: Trading off Compliance and Achievement in Sustainability Standard Adoption,Frank Wijen,2014,Academy of Management Review,10.5465/amr.2012.0218,https://doi.org/10.5465/amr.2012.0218,article,
COMP-03,compliance_functional_substitution,openalex,From Practice to Field: A Multilevel Model of Practice-Driven Institutional Change,Michael Smets; Tim Morris; Royston Greenwood,2012,Academy of Management Journal,10.5465/amj.2010.0013,https://doi.org/10.5465/amj.2010.0013,article,
COMP-03,compliance_functional_substitution,openalex,Decoupling practical and legal compliance: Analysis of member states’ implementation of EU policy,Asya Zhelyazkova; Cansarp Kaya; Reini Schrama,2016,European Journal of Political Research,10.1111/1475-6765.12154,https://doi.org/10.1111/1475-6765.12154,article,
COMP-03,compliance_functional_substitution,openalex,Governing Corporate Social Responsibility Decoupling: The Effect of the Governance Committee on Corporate Social Responsibility Decoupling,Ammar Ali Gull; N. Hussain; Sana Akbar Khan; Zaheer Khan; Asif Saeed,2022,Journal of Business Ethics,10.1007/s10551-022-05181-3,https://doi.org/10.1007/s10551-022-05181-3,article,
COMP-03,compliance_functional_substitution,openalex,"Research on Organizations and the Natural Environment, 1992-Present: A Review",Dror Etzion,2007,Journal of Management,10.1177/0149206307302553,https://doi.org/10.1177/0149206307302553,article,
COMP-03,compliance_functional_substitution,openalex,Effectiveness and synergies of policy instruments for land use governance in tropical regions,Éric F. Lambin; Patrick Meyfroidt; Ximena Rueda; Allen Blackman; Jan Börner; Paolo Cerutti; Thomas V. Dietsch; Laura Jungmann; Pénélope Lamarque; Jane Lister; Nathalie F. Walker; Sven Wunder,2014,Global Environmental Change,10.1016/j.gloenvcha.2014.06.007,https://doi.org/10.1016/j.gloenvcha.2014.06.007,article,
COMP-03,compliance_functional_substitution,openalex,From Compliance to Progress: A Sensemaking Perspective on the Governance of Corruption,Stefan Schembera; Patrick Haack; Andreas Georg Scherer,2022,Organization Science,10.1287/orsc.2022.1614,https://doi.org/10.1287/orsc.2022.1614,article,
COMP-03,compliance_functional_substitution,openalex,New Public Management Is Dead--Long Live Digital-Era Governance,Patrick Dunleavy,2005,Journal of Public Administration Research and Theory,10.1093/jopart/mui057,https://doi.org/10.1093/jopart/mui057,article,
COMP-03,compliance_functional_substitution,openalex,Incomplete Internalization and Compliance with Human Rights Law,Ryan Goodman; Derek Jinks,2008,European Journal of International Law,10.1093/ejil/chn039,https://doi.org/10.1093/ejil/chn039,article,
COMP-03,compliance_functional_substitution,openalex,Decoupling Standards from Practice: The Impact of In-House Certifications on Coffee Farms’ Environmental and Social Conduct,Elisa Giuliani; Luciano Ciravegna; Andrea Vezzulli; Bernard Kilian,2017,World Development,10.1016/j.worlddev.2017.03.013,https://doi.org/10.1016/j.worlddev.2017.03.013,article,
COMP-03,compliance_functional_substitution,openalex,Racialized Burdens: Applying Racialized Organization Theory to the Administrative State,Victor Ray; Pamela Herd; Donald P. Moynihan,2022,Journal of Public Administration Research and Theory,10.1093/jopart/muac001,https://doi.org/10.1093/jopart/muac001,article,
COMP-03,compliance_functional_substitution,openalex,Decoupling in international business: The ‘new’ vulnerability of globalization and MNEs’ response strategies,Victor Cui; Ilan Vertinsky; Yonggui Wang; Dongsheng Zhou,2023,Journal of International Business Studies,10.1057/s41267-023-00602-5,https://doi.org/10.1057/s41267-023-00602-5,article,
COMP-03,compliance_functional_substitution,openalex,Beyond decoupling: unions and the leveraging of corporate social responsibility in Indonesia,Tim Bartley; Niklas Egels‐Zandén,2015,Socio-Economic Review,10.1093/ser/mwv023,https://doi.org/10.1093/ser/mwv023,article,
COMP-03,compliance_functional_substitution,openalex,Drivers of decoupling and recoupling of crop and livestock systems at farm and territorial scales,Rachael Garrett; Julie Ryschawy; Lindsay W. Bell; Owen Cortner; Joice Ferreira; Anna Victoria Nogueira Garik; Juliana Gil; Laurens Klerkx; Marc Moraine; Caitlin A. Peterson; J. C. dos Reis; J. F. Valentim,2020,Ecology and Society,10.5751/es-11412-250124,https://doi.org/10.5751/es-11412-250124,article,
COMP-03,compliance_functional_substitution,openalex,The Dynamics of Standardization: Three Perspectives on Standards in Organization Studies,Nils Brunsson; Andreas Rasche; David Seidl,2012,Organization Studies,10.1177/0170840612450120,https://doi.org/10.1177/0170840612450120,article,
COMP-03,compliance_functional_substitution,openalex,I Need Time! Exploring Pathways to Compliance under Institutional Complexity,Aafke Raaijmakers; Patrick A.M. Vermeulen; Marius T.H. Meeus; Charlene Zietsma,2014,Academy of Management Journal,10.5465/amj.2011.0276,https://doi.org/10.5465/amj.2011.0276,article,
COMP-03,compliance_functional_substitution,openalex,Making Standards Stick: A Theory of Coupled vs. Decoupled Compliance,Kurt Sandholtz,2012,Organization Studies,10.1177/0170840612443623,https://doi.org/10.1177/0170840612443623,article,
COMP-03,compliance_functional_substitution,openalex,How to deal with the rebound effect? A policy-oriented approach,David Font Vivanco; René Kemp; Ester van der Voet,2016,Energy Policy,10.1016/j.enpol.2016.03.054,https://doi.org/10.1016/j.enpol.2016.03.054,article,
COMP-03,compliance_functional_substitution,openalex,Moving beyond legal compliance: innovative approaches to EU multilevel implementation,Eva Thomann; Fritz Sager,2017,Journal of European Public Policy,10.1080/13501763.2017.1314541,https://doi.org/10.1080/13501763.2017.1314541,article,
COMP-03,compliance_functional_substitution,openalex,Implementing Socially Sustainable Practices in Challenging Institutional Contexts: Building Theory from Seven Developing Country Supplier Cases,Fahian Anisul Huq; Mark Stevenson,2018,Journal of Business Ethics,10.1007/s10551-018-3951-x,https://doi.org/10.1007/s10551-018-3951-x,article,
COMP-03,compliance_functional_substitution,openalex,Sustainable Development and Certification Practices: Lessons Learned and Prospects,Olivier Boiral; Yves Gendron,2010,Business Strategy and the Environment,10.1002/bse.701,https://doi.org/10.1002/bse.701,article,
COMP-03,compliance_functional_substitution,openalex,"Wild Meat Is Still on the Menu: Progress in Wild Meat Research, Policy, and Practice from 2002 to 2020",Daniel J. Ingram; Lauren Coad; E.J. Milner‐Gulland; Luke Parry; David Wilkie; Mohamed I. Bakarr; Ana Benítez‐López; Elizabeth L. Bennett; Richard E. Bodmer; Guy Cowlishaw; Hani R. El Bizri; Heather E. Eves; Julia E. Fa; Christopher D. Golden; Donald Midoko Iponga; Nguyễn Văn Minh; Thaís Q. Morcatty; Robert Mwinyihali; Robert Nasi; Vincent Nijman; Yaa Ntiamoa‐Baidu; Freddy Pattiselanno; Carlos A. Peres; Madhu Rao; John G. Robinson; J. Marcus Rowcliffe; C. A. Stafford; Miriam Supuma; Francis Nchembi Tarla; Nathalie van Vliet; Michelle Wieland; Katharine Abernethy,2021,Annual Review of Environment and Resources,10.1146/annurev-environ-041020-063132,https://doi.org/10.1146/annurev-environ-041020-063132,article,
COMP-03,compliance_functional_substitution,openalex,The politics of regulatory enforcement and compliance: Theorizing and operationalizing political influences,Jodi L. Short,2019,Regulation & Governance,10.1111/rego.12291,https://doi.org/10.1111/rego.12291,article,
COMP-03,compliance_functional_substitution,openalex,Fiscal Policies for Paris Climate Strategies—from Principle to Practice,International Monetary Fund. Fiscal Affairs Dept.,2019,MF Policy Paper,10.5089/9781498311717.007,https://doi.org/10.5089/9781498311717.007,article,
COMP-03,compliance_functional_substitution,openalex,How are Practices Made to Vary? Managing Practice Adaptation in a Multinational Corporation,Shahzad Ansari; Juliane Reinecke; Amy Spaan,2014,Organization Studies,10.1177/0170840614539310,https://doi.org/10.1177/0170840614539310,article,
COMP-03,compliance_functional_substitution,openalex,Policy advice and best practices on bias and fairness in AI,José M. Álvarez; Alejandra Bringas Colmenarejo; Alaa Elobaid; Simone Fabbrizzi; Miriam Fahimi; Antonio Ferrara; Siamak Ghodsi; Carlos Mougan; Ioanna Papageorgiou; Paula Reyero Lobo; Mayra Russo; Kristen M. Scott; Laura State; Xuan Zhao; Salvatore Ruggieri,2024,Ethics and Information Technology,10.1007/s10676-024-09746-w,https://doi.org/10.1007/s10676-024-09746-w,article,
COMP-03,compliance_functional_substitution,openalex,Moving beyond (non-)compliance: the customization of European Union policies in 27 countries,Eva Thomann; Asya Zhelyazkova,2017,Journal of European Public Policy,10.1080/13501763.2017.1314536,https://doi.org/10.1080/13501763.2017.1314536,article,
COMP-03,compliance_functional_substitution,openalex,Does mandating ESG reporting reduce ESG decoupling? Evidence from the European Union's Directive 2014/95,Ahmed Aboud; Ahmed Saleh; Yasser Eliwa,2023,Business Strategy and the Environment,10.1002/bse.3543,https://doi.org/10.1002/bse.3543,article,
COMP-03,compliance_functional_substitution,openalex,Reducing global air pollution: the scope for further policy interventions,Markus Amann; Gregor Kiesewetter; Wolfgang Schöpp; Zbigniew Klimont; Wilfried Winiwarter; J. Cofała; Peter Rafaj; Lena Höglund-Isaksson; Adriana Gomez-Sabriana; C. Heyes; Pallav Purohit; Jens Borken; Fabian Wagner; Robert Sander; Hilde Fagerli; Á. Nyíri; Laura Cozzi; Claudia Pavarini,2020,Philosophical Transactions of the Royal Society A Mathematical Physical and Engineering Sciences,10.1098/rsta.2019.0331,https://doi.org/10.1098/rsta.2019.0331,article,
COMP-03,compliance_functional_substitution,openalex,The circular economy: New or Refurbished as CE 3.0? — Exploring Controversies in the Conceptualization of the Circular Economy through a Focus on History and Resource Value Retention Options,Denise Reike; Walter J.V. Vermeulen; Sjors Witjes,2017,Resources Conservation and Recycling,10.1016/j.resconrec.2017.08.027,https://doi.org/10.1016/j.resconrec.2017.08.027,article,
COMP-03,compliance_functional_substitution,openalex,Government's green grip: Multifaceted state influence on corporate environmental actions in China,Ruxi Wang; Frank Wijen; Pursey Heugens,2017,Strategic Management Journal,10.1002/smj.2714,https://doi.org/10.1002/smj.2714,article,
COMP-03,compliance_functional_substitution,openalex,Green building practices to integrate renewable energy in the construction sector: a review,Lin Chen; Ying Hu; Ruiyi Wang; Xiang Li; Zhonghao Chen; Jianmin Hua; Ahmed I. Osman; Mohamed Farghali; Lepeng Huang; Jingjing Li; Liang Dong; David W. Rooney; Pow‐Seng Yap,2023,Environmental Chemistry Letters,10.1007/s10311-023-01675-2,https://doi.org/10.1007/s10311-023-01675-2,article,
COMP-03,compliance_functional_substitution,openalex,Field Opacity and Practice-Outcome Decoupling: Private Regulation of Labor Standards in Global Supply Chains,Sarosh Kuruvilla; Mingwei Liu; Chunyun Li; Wansi Chen,2020,Industrial and Labor Relations Review,10.1177/0019793920903278,https://doi.org/10.1177/0019793920903278,article,
COMP-03,compliance_functional_substitution,openalex,Paperwork and the decoupling of audit and animal welfare: The challenges of materiality for better regulation,María Paula Escobar; David Demeritt,2016,Environment and Planning C Politics and Space,10.1177/0263774x16646771,https://doi.org/10.1177/0263774x16646771,article,
COMP-03,compliance_functional_substitution,openalex,Is Decoupling Becoming Decoupled from Institutional Theory? A Commentary on Wijen,Patrick Haack; Dennis Schoeneborn,2014,Academy of Management Review,10.5465/amr.2014.0344,https://doi.org/10.5465/amr.2014.0344,article,
COMP-03,compliance_functional_substitution,openalex,Intensification in agriculture-forest frontiers: Land use responses to development and conservation policies in Brazil,Rachael Garrett; I. Koh; Éric F. Lambin; Yann le Polain de Waroux; Jude Kastens; J. Christopher Brown,2018,Global Environmental Change,10.1016/j.gloenvcha.2018.09.011,https://doi.org/10.1016/j.gloenvcha.2018.09.011,article,
COMP-03,compliance_functional_substitution,openalex,Accountability infrastructures: Pragmatic compliance inside organizations,Ruthanne Huising; Susan S. Silbey,2021,Regulation & Governance,10.1111/rego.12419,https://doi.org/10.1111/rego.12419,article,
COMP-03,compliance_functional_substitution,openalex,Bootstrapping Privacy Compliance in Big Data Systems,Shayak Sen; Saikat Guha; Anupam Datta; Sriram K. Rajamani; Janice Tsai; Jeannette M. Wing,2014,,10.1109/sp.2014.28,https://doi.org/10.1109/sp.2014.28,conference-paper,
COMP-03,compliance_functional_substitution,openalex,"Rules, Practices, and Information Technology: A Trifecta of Organizational Regulation",François‐Xavier de Vaujany; Vladislav V. Fomin; Stefan Haefliger; Kalle Lyytinen,2018,Information Systems Research,10.1287/isre.2017.0771,https://doi.org/10.1287/isre.2017.0771,article,
COMP-03,compliance_functional_substitution,openalex,Modelling the Micro-Foundations of the Audit Society: Organizations and the Logic of the Audit Trail,Michael Power,2019,Academy of Management Review,10.5465/amr.2017.0212,https://doi.org/10.5465/amr.2017.0212,article,
COMP-03,compliance_functional_substitution,openalex,Avoiding Us versus Them: How Schools’ Dependence on Privileged “Helicopter” Parents Influences Enforcement of Rules,Jessica McCrory Calarco,2020,American Sociological Review,10.1177/0003122420905793,https://doi.org/10.1177/0003122420905793,article,
COMP-03,compliance_functional_substitution,openalex,Configurations of platform organizations: Implications for complementor engagement,Fatemeh Saadatmand; Rikard Lindgren; Ulrike Schultze,2019,Research Policy,10.1016/j.respol.2019.03.015,https://doi.org/10.1016/j.respol.2019.03.015,article,
COMP-03,compliance_functional_substitution,openalex,Decoupling: Marital Violence and the Struggle to Divorce in China,Ethan Michelson,2019,American Journal of Sociology,10.1086/705747,https://doi.org/10.1086/705747,article,
COMP-03,compliance_functional_substitution,openalex,Non-financial reporting research and practice: Lessons from the last decade,Teresa Turzo; Giacomo Marzi; Christian Favino; Simone Terzani,2022,Journal of Cleaner Production,10.1016/j.jclepro.2022.131154,https://doi.org/10.1016/j.jclepro.2022.131154,article,
COMP-03,compliance_functional_substitution,openalex,THE ROLE OF FAMILY TIES IN AGENCY CONTRACTS.,Luis R. Gómez‐Mejía; Manuel Núñez Nickel; Isabel Gutiérrez,2001,Academy of Management Journal,10.2307/3069338,https://doi.org/10.2307/3069338,article,
COMP-03,compliance_functional_substitution,openalex,Decoupling between policy and practice through the lens of sensemaking and sensegiving,Agata Austen,2016,Management,10.1515/manment-2015-0036,https://doi.org/10.1515/manment-2015-0036,article,
COMP-03,compliance_functional_substitution,openalex,Turkish foreign policy in a post-western order: strategic autonomy or new forms of dependence?,Mustafa Kutlay; Zіya Önіş,2021,International Affairs,10.1093/ia/iiab094,https://doi.org/10.1093/ia/iiab094,article,
COMP-03,compliance_functional_substitution,openalex,Institutional Theory and Evolution of ‘A Legitimate’ Compliance Culture: The Case of the UK Financial Service Sector,Wendy Mason Burdon; M. Karim Sorour,2018,Journal of Business Ethics,10.1007/s10551-018-3981-4,https://doi.org/10.1007/s10551-018-3981-4,article,
COMP-03,compliance_functional_substitution,openalex,Sophisticated Constructivism in Human Rights Compliance Theory,Elizabeth Stubbins Bates,2014,European Journal of International Law,10.1093/ejil/chu084,https://doi.org/10.1093/ejil/chu084,article,
TEXT-01,text_measurement_error,crossref,Measurement Error in Causal Inference,Linda Valeri,2021,Handbook of Measurement Error Models,10.1201/9781315101279-21,https://doi.org/10.1201/9781315101279-21,book-chapter,
TEXT-01,text_measurement_error,crossref,Measurement Error Bias In Causal Inference,Joseph Bulbulia,2023,,10.31234/osf.io/jq78d,https://doi.org/10.31234/osf.io/jq78d,posted-content,"<p>Measurement error stems from inaccuracies in the measurement or categorisation of variables. The integrity of measurement is paramount to every science, yet measurement errors are nearly inevitable. Here, I use causal diagrams (directed acyclic graphs or DAGs) to elucidate five distinct pathways of threat to causal inference. Illustrations from comparative cultural research demonstrate limitations of psychometric validations. A structural approach in causal inference approach reveals the need for (1) meticulous attention to measurement conceptualisation informed by local knowledge and domain expertise; (2) careful attention to measurement error bias at every stage of research; (3) sensitivity analyses that quantitatively evaluate the robustness of causal inferences to measurement error bias.</p>"
TEXT-01,text_measurement_error,crossref,Mean-Square-Error Inference,,2022,Inference and Learning from Data,10.1017/9781009218245.002,https://doi.org/10.1017/9781009218245.002,book-chapter,
TEXT-01,text_measurement_error,crossref,Making data OA while blocking downstream enclosures,Peter Suber,2007,,10.63485/mwapg-ztj60,https://doi.org/10.63485/mwapg-ztj60,posted-content,"<p>Chris Rusbridge, Open Data... Open Season?
&lt;em&gt;
 Digital Curation Blog
&lt;/em&gt;
, July 16, 2007.</p>"
TEXT-01,text_measurement_error,crossref,Achieving Reliable Causal Inference with Data-Mined Variables: A Random Forest Approach to the Measurement Error Problem,Mochen Yang; Edward McFowland; Gordon Burtch; Gediminas Adomavicius,2022,INFORMS Journal on Data Science,10.1287/ijds.2022.0019,https://doi.org/10.1287/ijds.2022.0019,journal-article,"<jats:p>Combining machine learning with econometric analysis is becoming increasingly prevalent in both research and practice. A common empirical strategy uses predictive modeling techniques to “mine” variables of interest from available data and then includes those variables into an econometric framework to estimate causal effects. However, because the predictions from machine learning models are inevitably imperfect, econometric analyses based on the predicted variables likely suffer from bias due to measurement error. We propose a novel approach to mitigate these biases, leveraging the random forest technique. We propose using random forest not just for prediction but also for generating instrumental variables for bias correction. The random forest algorithm performs best when comprised of a set of trees that are individually accurate in their predictions, yet which also make “different” mistakes, that is, have weakly correlated prediction errors. A key observation is that these properties are closely related to the relevance and exclusion requirements of valid instrumental variables. We design a data-driven procedure to select tuples of individual trees from a random forest, in which one tree serves as the endogenous covariate and the others serve as its instruments. Simulation experiments demonstrate its efficacy in mitigating estimation biases and its superior performance over alternative methods.</jats:p><jats:p>History: David Martens served as the senior editor for this article.</jats:p><jats:p>Data Ethics &amp; Reproducibility Note: The code capsule is available on Code Ocean at https://codeocean.com/capsule/7039927/tree/v1 and in the e-Companion to this article (available at https://doi.org/10.1287/ijds.2022.0019 ).</jats:p>"
TEXT-01,text_measurement_error,crossref,Bayesian inference in finite population sampling under measurement error model,You Mee Goo; Dal Ho Kim,2012,Journal of the Korean Data and Information Science Society,10.7465/jkdi.2012.23.6.1241,https://doi.org/10.7465/jkdi.2012.23.6.1241,journal-article,
TEXT-01,text_measurement_error,crossref,Likelihood inference in generalized linear mixed measurement error models,Mahmoud Torabi,2013,Computational Statistics &amp; Data Analysis,10.1016/j.csda.2012.07.018,https://doi.org/10.1016/j.csda.2012.07.018,journal-article,
TEXT-01,text_measurement_error,crossref,Bayesian Inference for Multi-Source Binary Data with Selection and Measurement Error,Santiago Gómez-Echeverry; Arnout van Delden; Ton de Waal; Dimitris Pavlopoulos,2026,,10.21203/rs.3.rs-10228544/v1,https://doi.org/10.21203/rs.3.rs-10228544/v1,posted-content,"<title>Abstract</title>
                <p>Integrating data from multiple sources, such as survey samples and administrative records, offers significant potential for enhancing statistical inference, yet it remains vulnerable to simultaneous misclassification and selection errors. Methodological research typically approach these errors in isolation, leading to a fragmented understanding of data quality. This paper addresses this issue by introducing a Bayesian modeling framework that captures a composite error that jointly accounts for misclassification and selection errors when estimating population proportions. Our proposed approach utilizes a binary latent class mixture model to estimate indicator validity and measurement error, which are then incorporated into a latent selection error estimator. We evaluate our model’s performance through a simulation study across varying levels of error and an empirical application using linked microdata from the Current Population Survey (CPS) and the American Time Use Survey (ATUS). Our results indicate that the model robustly identifies the composite error across all different scenarios. However, the successful decomposition into its selection and measurement components hinges on the use of valid indicators, relevant auxiliary variables, and informative priors, underscoring the necessity detailed data curation and the incorporation of subject-matter expertise to achieve a fully granular interpretation of bias when using multi-source data.</p>"
TEXT-01,text_measurement_error,crossref,Estimation with unbalanced panel data having covariate measurement error,Jun Shao; Zhiguo Xiao; Ruifeng Xu,2011,Journal of Statistical Planning and Inference,10.1016/j.jspi.2010.08.003,https://doi.org/10.1016/j.jspi.2010.08.003,journal-article,
TEXT-01,text_measurement_error,crossref,A functional inference approach for interval-censored data with covariate measurement error,Chi Chung Wen; Yi-Hau Chen,2014,Statistica Sinica,10.5705/ss.2013.081,https://doi.org/10.5705/ss.2013.081,journal-article,
TEXT-01,text_measurement_error,crossref,Result Interpretation-II: Measurement Error,,2014,International Forensic Science and Investigation,10.1201/b17462-8,https://doi.org/10.1201/b17462-8,book-chapter,
TEXT-01,text_measurement_error,crossref,"Empirical methods for networks data: social effects, network formation and measurement error",Arun Advani; Bansi Malde,2026,,10.1920/wp.ifs.2014.1434,https://doi.org/10.1920/wp.ifs.2014.1434,report,
TEXT-01,text_measurement_error,crossref,Afterword: The Approach to Measurement Error,Nicholas Bateson,2025,Data Construction in Social Surveys,10.4324/9781003638230-10,https://doi.org/10.4324/9781003638230-10,book-chapter,
TEXT-01,text_measurement_error,crossref,Structural Inference in Transition Measurement Error Models for Longitudinal Data,Wenqin Pan; Xihong Lin; Donglin Zeng,2005,Biometrics,10.1111/j.1541-0420.2005.00446.x,https://doi.org/10.1111/j.1541-0420.2005.00446.x,journal-article,"<jats:p><jats:bold><jats:sc>Summary</jats:sc></jats:bold>We propose a new class of models, transition measurement error models, to study the effects of covariates and the past responses on the current response in longitudinal studies when one of the covariates is measured with error. We show that the response variable conditional on the error‐prone covariate follows a complex transition mixed effects model. The naive model obtained by ignoring the measurement error correctly specifies the transition part of the model, but misspecifies the covariate effect structure and ignores the random effects. We next study the asymptotic bias in naive estimator obtained by ignoring the measurement error for both continuous and discrete outcomes. We show that the naive estimator of the regression coefficient of the error‐prone covariate is attenuated, while the naive estimators of the regression coefficients of the past responses are generally inflated. We then develop a structural modeling approach for parameter estimation using the maximum likelihood estimation method. In view of the multidimensional integration required by full maximum likelihood estimation, an EM algorithm is developed to calculate maximum likelihood estimators, in which Monte Carlo simulations are used to evaluate the conditional expectations in the E‐step. We evaluate the performance of the proposed method through a simulation study and apply it to a longitudinal social support study for elderly women with heart disease. An additional simulation study shows that the Bayesian information criterion (BIC) performs well in choosing the correct transition orders of the models.</jats:p>"
TEXT-01,text_measurement_error,crossref,Achieving Reliable Causal Inference with Data-Mined Variables: A Random Forest Approach to the Measurement Error Problem,Mochen Yang; Edward McFowland III; Gordon Burtch; Gediminas Adomavicius,2019,,10.2139/ssrn.3339983,https://doi.org/10.2139/ssrn.3339983,posted-content,"<jats:p>Combining machine learning with econometric analysis is becoming increasingly prevalent in both research and practice. A common empirical strategy uses predictive modeling techniques to ""mine"" variables of interest from available data, then includes those variables into an econometric framework to estimate causal effects. However, because the predictions from machine learning models are inevitably imperfect, econometric analyses based on the predicted variables likely suffer from bias due to measurement error. We propose a novel approach to mitigate these biases, leveraging the random forest technique. We propose employing random forest not just for prediction, but also for generating instrumental variables for bias correction. The random forest algorithm performs best when comprised of a set of trees that are individually accurate in their predictions, yet which also make ``different"" mistakes, i.e., have weakly correlated prediction errors. A key observation is that these properties are closely related to the relevance and exclusion requirements of valid instrumental variables. We design a data-driven procedure to select tuples of individual trees from a random forest, in which one tree serves as the endogenous covariate and the others  serve as its instruments. Simulation experiments demonstrate its efficacy in mitigating estimation biases, and its superior performance over alternative methods.</jats:p>"
TEXT-01,text_measurement_error,crossref,Bayesian inference in measurement error models for replicated data,Mário de Castro; Heleno Bolfarine; M. Galea,2012,Environmetrics,10.1002/env.2179,https://doi.org/10.1002/env.2179,journal-article,"<jats:p>This paper deals with Bayesian inference in measurement error models with unknown error covariances. Our formulation covers heteroscedastic and homoscedastic models for replicated data. Both equation‐error and no‐equation‐error models are included in our proposal. Resorting to data augmentation, we present a simulation‐based framework using the Gibbs sampler. Model selection is also briefly discussed. Results from a simulation study are reported. We work out an illustrative example with a real data set on measurements of mineral element contents in pottery samples. Copyright © 2012 John Wiley &amp; Sons, Ltd.</jats:p>"
TEXT-01,text_measurement_error,crossref,Measurement Error in the Prototypal Job Search Model,,2021,Economic Modeling and Inference,10.2307/j.ctv1nxcw30.12,https://doi.org/10.2307/j.ctv1nxcw30.12,book-chapter,
TEXT-01,text_measurement_error,crossref,Development of Text Error Correction Techniques in Chinese Corpus,Tongming Liu,2024,Proceedings of the 1st International Conference on Data Science and Engineering,10.5220/0012842300004547,https://doi.org/10.5220/0012842300004547,proceedings-article,
TEXT-01,text_measurement_error,crossref,Methods in Causal Inference Part 3: Measurement Error and External Validity Threats,Joseph Bulbulia,2024,,10.31234/osf.io/kj7rv,https://doi.org/10.31234/osf.io/kj7rv,posted-content,"<p>The human sciences should seek generalisations wherever possible. For ethical and scientific reasons, it is desirable to sample more broadly than ‘Western, Educated, Industrialised, Rich, and Democratic’ (WEIRD) societies. However, restricting the target population is sometimes necessary; for example, young children should not be recruited for studies on elderly care. Under which conditions is unrestricted sampling desirable or undesirable? Here, we use causal diagrams to clarify the structural features of measurement error bias and target population restriction bias (or ‘selection restriction’), focusing on issues in comparative cultural research. We define any study exhibiting such biases, or confounding biases, as weird (wrongly estimated inferences due to inappropriate restriction and distortion). We explain why statistical tests such as configural, metric, and scalar invariance cannot address the structural biases of weird studies. Overall, we examine how the workflows for causal inference provide the necessary preflight checklists for ambitious, effective, and safe comparative cultural research.</p>"
TEXT-01,text_measurement_error,crossref,Measurement Error,,2014,Nonsampling Error in Social Surveys,10.4135/9781483352923.n6,https://doi.org/10.4135/9781483352923.n6,book-chapter,
TEXT-01,text_measurement_error,crossref,Forensic Science: Statistics Related to Results,,,,10.6028/nist.sp.1500-28pt2f,https://doi.org/10.6028/nist.sp.1500-28pt2f,component,
TEXT-01,text_measurement_error,crossref,Cross-Validation and C<sub>p</sub> Estimates of Prediction Error,,,Computer Age Statistical Inference,10.1017/cbo9781316576533.013,https://doi.org/10.1017/cbo9781316576533.013,book-chapter,
TEXT-01,text_measurement_error,crossref,The Heat Equation with Initial Data Corrupted by Measurement Error and Missing Data,C. H. Hesse,2007,Statistical Inference for Stochastic Processes,10.1007/s11203-005-1762-z,https://doi.org/10.1007/s11203-005-1762-z,journal-article,
TEXT-01,text_measurement_error,crossref,Incorporating measurement error in the estimation of autoregressive models for longitudinal data,Christopher H. Schmid; Mark R. Segal; Bernard Rosner,1994,Journal of Statistical Planning and Inference,10.1016/0378-3758(94)90186-4,https://doi.org/10.1016/0378-3758(94)90186-4,journal-article,
TEXT-01,text_measurement_error,crossref,Measurement and statistical inference,,2014,Understanding and Doing Successful Research,10.4324/9781315833545-16,https://doi.org/10.4324/9781315833545-16,book-chapter,
TEXT-01,text_measurement_error,crossref,Executable code-text-data clusters,Peter Suber,2005,,10.63485/j198t-fa554,https://doi.org/10.63485/j198t-fa554,posted-content,"<p>Robert Gentleman,  Reproducible Research: A Bioinformatics Case Study, Statistical Applications in Genetics and Molecular Biology, January 11, 2005.</p>"
TEXT-01,text_measurement_error,crossref,Chapter Nine Measurement Error in the Prototypal Job Search Model,,2009,Economic Modeling and Inference,10.1515/9781400833108-010,https://doi.org/10.1515/9781400833108-010,book-chapter,
TEXT-01,text_measurement_error,crossref,Nonparametric Inference Methods for Berkson Errors,Weixing Song,2021,Handbook of Measurement Error Models,10.1201/9781315101279-13,https://doi.org/10.1201/9781315101279-13,book-chapter,
TEXT-01,text_measurement_error,crossref,Efficient Bayesian inference under measurement error of the independent variable,Phuc Lam Vo,2026,QUT Faculty of Science Vacation Research Experience Scheme 2025 | 2026,10.5204/imsy2076,https://doi.org/10.5204/imsy2076,book-chapter,
TEXT-01,text_measurement_error,crossref,Mean field variational Bayesian inference for nonparametric regression with measurement error,Tung H. Pham; John T. Ormerod; M.P. Wand,2013,Computational Statistics &amp; Data Analysis,10.1016/j.csda.2013.07.014,https://doi.org/10.1016/j.csda.2013.07.014,journal-article,
TEXT-01,text_measurement_error,crossref,Simultaneous Inference and Bias Analysis for Longitudinal Data with Covariate Measurement Error and Missing Responses,G. Y. Yi; W. Liu; Lang Wu,2010,Biometrics,10.1111/j.1541-0420.2010.01437.x,https://doi.org/10.1111/j.1541-0420.2010.01437.x,journal-article,
TEXT-01,text_measurement_error,crossref,Causal inference for left-truncated and right-censored data with covariate measurement error,Li-Pang Chen,2020,Computational and Applied Mathematics,10.1007/s40314-020-01152-4,https://doi.org/10.1007/s40314-020-01152-4,journal-article,
TEXT-01,text_measurement_error,crossref,Error correction and OA for bioinformatics data,Peter Suber,2004,,10.63485/8tkpe-pm247,https://doi.org/10.63485/8tkpe-pm247,posted-content,"<p>Lee E. Eiden, A Two-Way Bioinformatic Street, Science Magazine, November 26, 2004 (accessible only to subscribers).  An editorial. Excerpt:  &amp;#39;The rapid emergence of Web-based bioinformatics systems reflects the research community&amp;#39;s attempts to embrace the biological complexity uncovered by high-throughput genome, transcriptome, and proteome data acquisition and the sheer size of the modern scientific endeavor.</p>"
TEXT-01,text_measurement_error,crossref,Covariate Measurement Error in Survival Data,Jeffrey S. Buzas,2021,Handbook of Measurement Error Models,10.1201/9781315101279-15,https://doi.org/10.1201/9781315101279-15,book-chapter,
TEXT-01,text_measurement_error,crossref,Making text and data visible together,Peter Suber,2006,,10.63485/4h74s-hkc06,https://doi.org/10.63485/4h74s-hkc06,posted-content,"<p>Leigh Dodds, The Modern Palimpsest, Lost Boy, December 16, 2005.</p>"
TEXT-01,text_measurement_error,crossref,More on integrating text and data,Peter Suber,2006,,10.63485/2ejy5-7cw29,https://doi.org/10.63485/2ejy5-7cw29,posted-content,"<p>Gregory A. Petsko, Let&amp;#39;s get our priorities straight, Genome Biology, February 1, 2006 (accessible only to subscribers).  Excerpt:  Thanks to Alf Eaton for pointing to Petsko&amp;#39;s piece, for this excerpt, and for setting up an example (based on OJS) of what Petsko might have had in mind.</p>"
TEXT-01,text_measurement_error,crossref,Detecting CSV File Dialects by Table Uniformity Measurement and Data Type Inference,Wilfredo García,2024,,10.20944/preprints202402.0858.v5,https://doi.org/10.20944/preprints202402.0858.v5,posted-content,"<jats:p>The human-readable simplicity with which the CSV format was devised, together with the absence of a standard that strictly defines this format, has allowed the proliferation of several variants in the dialects with which these files are written. The latter has meant that the exchange of information between data management systems, or between countries and regions, requires human intervention during the data mining and cleansing process. This has led to the development of various computational tools that aim to accurately determine the dialects of CSV files, in order to avoid data loss during data loading by a given system. However, the dialect detection is a complex problem and current systems have limitations or make assumptions that need to be improved and/or extended. This paper proposes a method for determining CSV file dialects through table uniformity, a statistical approach based on table consistency and records dispersion measurement along with the detection of data type over each field. The new method has a 100% accuracy on a dataset with 148 CSV files composed of samples coming from a data load testing framework and some others added as verification of the parsing routines. In tests on truly messy data, the proposed solution outperforms the state-of-the-art tool by achieving an improvement of about 10% in the accuracy with which dialects are detected. Furthermore, the proposed method is accurate enough to determine dialects by reading only ten records, requiring more data to disambiguate those cases where the first records do not contain the necessary information to conclude with a dialect determination.</jats:p>"
TEXT-01,text_measurement_error,crossref,Cross-Validation and Cp Estimates of Prediction Error,,2021,"Computer Age Statistical Inference, Student Edition",10.1017/9781108914062.016,https://doi.org/10.1017/9781108914062.016,book-chapter,
TEXT-01,text_measurement_error,crossref,Detecting CSV File Dialects by Table Uniformity Measurement and Data Type Inference,Wilfredo García,2024,,10.20944/preprints202402.0858.v6,https://doi.org/10.20944/preprints202402.0858.v6,posted-content,"<jats:p>The human-readable simplicity with which the CSV format was devised, together with the absence of a standard that strictly defines this format, has allowed the proliferation of several variants in the dialects with which these files are written. The latter has meant that the exchange of information between data management systems, or between countries and regions, requires human intervention during the data mining and cleansing process. This has led to the development of various computational tools that aim to accurately determine the dialects of CSV files, in order to avoid data loss at data loading stage in a given system. However, the dialect detection is a complex problem and current systems have limitations or make assumptions that need to be improved and/or extended. This paper proposes a method for determining CSV file dialects through table uniformity, a statistical approach based on table consistency and records dispersion measurement along with the detection of data type over each field. The new method has a 100\% accuracy on a dataset with 148 CSV files composed of samples coming from a data load testing framework and some others added as verification of the parsing routines. In tests on truly messy data, the proposed solution outperforms the state-of-the-art tool by achieving an improvement of about 10\% in the accuracy with which dialects are detected. Furthermore, the proposed method is accurate enough to determine dialects by reading only ten records, requiring more data to disambiguate those cases where the first records do not contain the necessary information to conclude with a dialect determination. </jats:p>"
TEXT-01,text_measurement_error,crossref,Detecting CSV File Dialects by Table Uniformity Measurement and Data Type Inference,Wilfredo García,2024,,10.20944/preprints202402.0858.v1,https://doi.org/10.20944/preprints202402.0858.v1,posted-content,"<jats:p>The human-readable simplicity with which the CSV format was devised, together with the absence of a standard that strictly defines this format, has allowed the proliferation of several variants in the dialects with which these files are written. The latter has meant that the exchange of information between data management systems, or between countries and regions, requires human intervention during the data mining and cleansing process. This has led to the development of various computational tools that aim to accurately determine the dialects of CSV files, in order to avoid data loss during data loading by a given system. However, current systems have limitations and make assumptions that need to be improved and/or extended. This paper proposes a method for determining CSV file dialects through table uniformity, a statistical approach based on table consistency and records dispersion measurement along with the detection of data type over each field. The new method has a 100% accuracy over a dataset with 147 sampling CSV files from a benchmark framework. Furthermore, the proposed method is accurate enough to determine dialects by reading only ten records, requiring more data to disambiguate those cases where the first records do not contain the necessary information to conclude with a dialect determination.</jats:p>"
TEXT-01,text_measurement_error,crossref,Detecting CSV File Dialects by Table Uniformity Measurement and Data Type Inference,Wilfredo García,2024,,10.20944/preprints202402.0858.v4,https://doi.org/10.20944/preprints202402.0858.v4,posted-content,"<jats:p>The human-readable simplicity with which the CSV format was devised, together with the absence of a standard that strictly defines this format, has allowed the proliferation of several variants in the dialects with which these files are written. The latter has meant that the exchange of information between data management systems, or between countries and regions, requires human intervention during the data mining and cleansing process. This has led to the development of various computational tools that aim to accurately determine the dialects of CSV files, in order to avoid data loss during data loading by a given system. However, current systems have limitations and make assumptions that need to be improved and/or extended. This paper proposes a method for determining CSV file dialects through table uniformity, a statistical approach based on table consistency and records dispersion measurement along with the detection of data type over each field. The new method has a 100% accuracy over a dataset with 147 sampling CSV files from a benchmark framework. Furthermore, the proposed method is accurate enough to determine dialects by reading only ten records, requiring more data to disambiguate those cases where the first records do not contain the necessary information to conclude with a dialect determination.</jats:p>"
TEXT-01,text_measurement_error,crossref,Detecting CSV File Dialects by Table Uniformity Measurement and Data Type Inference,Wilfredo García,2024,,10.20944/preprints202402.0858.v2,https://doi.org/10.20944/preprints202402.0858.v2,posted-content,"<jats:p>The human-readable simplicity with which the CSV format was devised, together with the absence of a standard that strictly defines this format, has allowed the proliferation of several variants in the dialects with which these files are written. The latter has meant that the exchange of information between data management systems, or between countries and regions, requires human intervention during the data mining and cleansing process. This has led to the development of various computational tools that aim to accurately determine the dialects of CSV files, in order to avoid data loss during data loading by a given system. However, current systems have limitations and make assumptions that need to be improved and/or extended. This paper proposes a method for determining CSV file dialects through table uniformity, a statistical approach based on table consistency and records dispersion measurement along with the detection of data type over each field. The new method has a 100% accuracy over a dataset with 147 sampling CSV files from a benchmark framework. Furthermore, the proposed method is accurate enough to determine dialects by reading only ten records, requiring more data to disambiguate those cases where the first records do not contain the necessary information to conclude with a dialect determination.</jats:p>"
TEXT-01,text_measurement_error,crossref,Detecting CSV File Dialects by Table Uniformity Measurement and Data Type Inference,Wilfredo García,2024,,10.20944/preprints202402.0858.v3,https://doi.org/10.20944/preprints202402.0858.v3,posted-content,"<jats:p>The human-readable simplicity with which the CSV format was devised, together with the absence of a standard that strictly defines this format, has allowed the proliferation of several variants in the dialects with which these files are written. The latter has meant that the exchange of information between data management systems, or between countries and regions, requires human intervention during the data mining and cleansing process. This has led to the development of various computational tools that aim to accurately determine the dialects of CSV files, in order to avoid data loss during data loading by a given system. However, current systems have limitations and make assumptions that need to be improved and/or extended. This paper proposes a method for determining CSV file dialects through table uniformity, a statistical approach based on table consistency and records dispersion measurement along with the detection of data type over each field. The new method has a 100% accuracy over a dataset with 147 sampling CSV files from a benchmark framework. Furthermore, the proposed method is accurate enough to determine dialects by reading only ten records, requiring more data to disambiguate those cases where the first records do not contain the necessary information to conclude with a dialect determination.</jats:p>"
TEXT-01,text_measurement_error,crossref,Statistical analysis of The type of Syllable error in Tibetan text,CiQu CiQu; DingGuo Gao DingGuo Gao,,Science Data Bank Datasets,10.11922/sciencedb.o00114.00042,https://doi.org/10.11922/sciencedb.o00114.00042,dataset,
TEXT-01,text_measurement_error,crossref,Observable Data and Data-Generating Processes,,2014,Statistical Modeling and Inference for Social Science,10.1017/cbo9781139047449.003,https://doi.org/10.1017/cbo9781139047449.003,book-chapter,
TEXT-01,text_measurement_error,crossref,Measurement error in earnings data in the health and retirement study,Jesse Bricker; Gary V. Engelhardt,2008,Journal of Economic and Social Measurement,10.3233/jem-2008-0297,https://doi.org/10.3233/jem-2008-0297,journal-article,"<jats:p>This paper provides new evidence on the extent of measurement error in respondent-reported earnings data by exploiting detailed W-2 records matched to older workers in the Health and Retirement Study (HRS). There is a negative correlation between the measurement error and the true value of earnings as measured by the W-2 records, which indicates the presence of non-classical measurement error. Yet for men and women, this error shows little correlation with a standard set of cross-sectional earnings determinants. Quantitatively, the bias from using self-reported earnings, either as a dependent or explanatory variable, is larger than those from existing studies of the CPS and PSID.</jats:p>"
TEXT-01,text_measurement_error,crossref,No data- or text-mining at PMC,Peter Suber,2008,,10.63485/zrece-c6e08,https://doi.org/10.63485/zrece-c6e08,posted-content,"<p>Peter Murray-Rust, Can I Data- and Text-mine Pubmed Central?,
&lt;em&gt;
 A Scientist and the Web
&lt;/em&gt;
, April 5, 2008.  Excerpt:      Also see his follow-up post, No-One May Data- Or Text-Mine Pubmed Central, April 6, 2008.  Excerpt:
&lt;strong&gt;
 Comments
&lt;/strong&gt;
Peter MR is right.  PMC removes price barriers and leaves permission barriers in place.</p>"
TEXT-01,text_measurement_error,crossref,More on free/open and text/data,Peter Suber,2008,,10.63485/jrrd4-8e361,https://doi.org/10.63485/jrrd4-8e361,posted-content,"<p>Stevan Harnad, OA Primer for the Perplexed,
&lt;em&gt;
 Open Access Archivangelism
&lt;/em&gt;
, May 25, 2008.  From the summary:
&lt;strong&gt;
 Comment
&lt;/strong&gt;
.  I agree with nearly all of this.  But I want to note two exceptions:     There are a couple of ways to interpret the claim that OA1 (gratis OA, weak OA, &amp;#34;free access&amp;#34;) is a higher priority than OA2 (libre OA, strong OA, &amp;#34;licensed reuse&amp;#34;).</p>"
TEXT-01,text_measurement_error,crossref,Inference on Survival Data with Covariate Measurement Error – An Imputation‐based Approach,YI LI; LOUISE RYAN,2006,Scandinavian Journal of Statistics,10.1111/j.1467-9469.2006.00460.x,https://doi.org/10.1111/j.1467-9469.2006.00460.x,journal-article,"<jats:p><jats:bold>Abstract. </jats:bold>We propose a new method for fitting proportional hazards models with error‐prone covariates. Regression coefficients are estimated by solving an estimating equation that is the average of the partial likelihood scores based on imputed true covariates. For the purpose of imputation, a linear spline model is assumed on the baseline hazard. We discuss consistency and asymptotic normality of the resulting estimators, and propose a stochastic approximation scheme to obtain the estimates. The algorithm is easy to implement, and reduces to the ordinary Cox partial likelihood approach when the measurement error has a degenerate distribution. Simulations indicate high efficiency and robustness. We consider the special case where error‐prone replicates are available on the unobserved true covariates. As expected, increasing the number of replicates for the unobserved covariates increases efficiency and reduces bias. We illustrate the practical utility of the proposed method with an Eastern Cooperative Oncology Group clinical trial where a genetic marker, c‐<jats:italic>myc</jats:italic>expression level, is subject to measurement error.</jats:p>"
TEXT-01,text_measurement_error,crossref,"Measurement protocols, random-variable-valued measurements, and response process error: Estimation and inference when sample data are not deterministic",Edward Kroc,2020,PLOS ONE,10.1371/journal.pone.0239821,https://doi.org/10.1371/journal.pone.0239821,journal-article,
TEXT-01,text_measurement_error,openalex,Network analysis of multivariate data in psychological science,Denny Borsboom; Marie K. Deserno; Mijke Rhemtulla; Sacha Epskamp; Eiko I. Fried; Richard J. McNally; Donald J. Robinaugh; Marco Perugini; Jonas Dalege; Giulio Costantini; Adela‐Maria Isvoranu; Anna Wysocki; Claudia D. van Borkulo; Riet van Bork; Lourens Waldorp,2021,Nature Reviews Methods Primers,10.1038/s43586-021-00055-w,https://doi.org/10.1038/s43586-021-00055-w,article,
TEXT-01,text_measurement_error,openalex,A Survey on Causal Inference,Liuyi Yao; Zhixuan Chu; Sheng Li; Yaliang Li; Jing Gao; Aidong Zhang,2021,ACM Transactions on Knowledge Discovery from Data,10.1145/3444944,https://doi.org/10.1145/3444944,article,
TEXT-01,text_measurement_error,openalex,Parentage and Sibship Inference From Multilocus Genotype Data Under Polygamy,J Wang; Anna W. Santure,2009,Genetics,10.1534/genetics.108.100214,https://doi.org/10.1534/genetics.108.100214,article,
TEXT-01,text_measurement_error,openalex,Membership Inference Attacks on Machine Learning: A Survey,Hongsheng Hu; Zoran Salčić; Lichao Sun; Gillian Dobbie; Philip S. Yu; Xuyun Zhang,2022,ACM Computing Surveys,10.1145/3523273,https://doi.org/10.1145/3523273,article,
TEXT-01,text_measurement_error,openalex,Causal inference with observational data: the need for triangulation of evidence,Gemma Hammerton; Marcus R. Munafò,2021,Psychological Medicine,10.1017/s0033291720005127,https://doi.org/10.1017/s0033291720005127,article,
TEXT-01,text_measurement_error,openalex,Six problems for causal inference from fMRI,J.D. Ramsey; Stephen José Hanson; Catherine Hanson; Yaroslav O. Halchenko; Russell A. Poldrack; Clark Glymour,2009,NeuroImage,10.1016/j.neuroimage.2009.08.065,https://doi.org/10.1016/j.neuroimage.2009.08.065,article,
TEXT-01,text_measurement_error,openalex,"A review of uncertainty quantification in deep learning: Techniques, applications and challenges",Moloud Abdar; Farhad Pourpanah; Sadiq Hussain; Dana Rezazadegan; Li Liu; Mohammad Ghavamzadeh; Paul Fieguth; Xiaochun Cao; Abbas Khosravi; U. Rajendra Acharya; Vladimir Makarenkov; Saeid Nahavandi,2021,Information Fusion,10.1016/j.inffus.2021.05.008,https://doi.org/10.1016/j.inffus.2021.05.008,article,
TEXT-01,text_measurement_error,openalex,Benchmarking atlas-level data integration in single-cell genomics,Malte D. Luecken; Maren Büttner; Kridsadakorn Chaichoompu; Anna Danese; Marta Interlandi; Martin Mueller; Daniel Strobl; Luke Zappia; Martin Dugas; Maria Colomé‐Tatché; Fabian J. Theis,2021,Nature Methods,10.1038/s41592-021-01336-8,https://doi.org/10.1038/s41592-021-01336-8,article,
TEXT-01,text_measurement_error,openalex,Veridical data science,Bin Yu; Karl Kumbier,2020,Proceedings of the National Academy of Sciences,10.1073/pnas.1901326117,https://doi.org/10.1073/pnas.1901326117,article,
TEXT-01,text_measurement_error,openalex,Computer Science Curricula 2013: Curriculum Guidelines for Undergraduate Degree Programs in Computer Science,Mehran Sahami; Steve Roach; Ernesto Cuadros-Vargas; Andrea Danyluk; Ronald Dodge; Kathleen Fisher; Robert France; Dan Grossman; Beth Hawthorne; Randy Katz; Amruth Kumar; Rich LeBlanc; Dave Reed; Brian H. Robinson; Remzi Seker; Alfred Thompson,2013,,10.1145/2534860,https://doi.org/10.1145/2534860,book,
TEXT-01,text_measurement_error,openalex,Social Bias in Elicited Natural Language Inferences,Rachel Rudinger; Chandler May; Benjamin Van Durme,2017,,10.18653/v1/w17-1609,https://doi.org/10.18653/v1/w17-1609,conference-paper,
TEXT-01,text_measurement_error,openalex,Challenges of Using Text Classifiers for Causal Inference,Zach Wood-Doughty; Ilya Shpitser; Mark Dredze,2018,,10.18653/v1/d18-1488,https://doi.org/10.18653/v1/d18-1488,conference-paper,
TEXT-01,text_measurement_error,openalex,Methods in predictive techniques for mental health status on social media: a critical review,Stevie Chancellor; Munmun De Choudhury,2020,npj Digital Medicine,10.1038/s41746-020-0233-7,https://doi.org/10.1038/s41746-020-0233-7,article,
TEXT-01,text_measurement_error,openalex,"Causal Inference in Natural Language Processing: Estimation, Prediction, Interpretation and Beyond",Amir Feder; Katherine A. Keith; Emaad Manzoor; Reid Pryzant; Dhanya Sridhar; Zach Wood-Doughty; Jacob Eisenstein; Justin Grimmer; Roi Reichart; Margaret E. Roberts; Brandon Stewart; Victor Veitch; Diyi Yang,2022,Transactions of the Association for Computational Linguistics,10.1162/tacl_a_00511,https://doi.org/10.1162/tacl_a_00511,article,
TEXT-01,text_measurement_error,openalex,Inference and reconstruction of the heimdallarchaeial ancestry of eukaryotes,Laura Eme; Daniel Tamarit; Eva Caceres; Courtney W. Stairs; Valerie De Anda; Max Emil Schön; Kiley W. Seitz; Nina Dombrowski; William H. Lewis; Félix Homa; Jimmy H. Saw; Jonathan Lombard; Takuro Nunoura; Wen‐Jun Li; Zheng‐Shuang Hua; Lin-Xing Chen; Jillian F. Banfield; Emily St. John; Anna‐Louise Reysenbach; Matthew B. Stott; Andreas Schramm; Kasper Urup Kjeldsen; Andreas Teske; Brett J. Baker; Thijs J. G. Ettema,2023,Nature,10.1038/s41586-023-06186-2,https://doi.org/10.1038/s41586-023-06186-2,article,
TEXT-01,text_measurement_error,openalex,The tale wagged by the DAG: broadening the scope of causal inference and explanation for epidemiology,Nancy Krieger; George Davey Smith,2016,International Journal of Epidemiology,10.1093/ije/dyw114,https://doi.org/10.1093/ije/dyw114,article,
TEXT-01,text_measurement_error,openalex,Outcome-Wide Longitudinal Designs for Causal Inference: A New Template for Empirical Studies,Tyler J. VanderWeele; Maya B. Mathur; Ying Chen,2020,Statistical Science,10.1214/19-sts728,https://doi.org/10.1214/19-sts728,article,
TEXT-01,text_measurement_error,openalex,"Network Structure Inference, A Survey",Ivan Brugere; Brian Gallagher; Tanya Berger‐Wolf,2018,ACM Computing Surveys,10.1145/3154524,https://doi.org/10.1145/3154524,article,
TEXT-01,text_measurement_error,openalex,Foundation models for generalist medical artificial intelligence,Michael Moor; Oishi Banerjee; Zahra Shakeri Hossein Abad; Harlan M. Krumholz; Jure Leskovec; Eric J. Topol; Pranav Rajpurkar,2023,Nature,10.1038/s41586-023-05881-4,https://doi.org/10.1038/s41586-023-05881-4,article,
TEXT-01,text_measurement_error,openalex,Getting Personal: A Deep Learning Artifact for Text-Based Measurement of Personality,Kai Yang; Raymond Y.K. Lau; Ahmed Abbasi,2022,Information Systems Research,10.1287/isre.2022.1111,https://doi.org/10.1287/isre.2022.1111,article,
TEXT-01,text_measurement_error,openalex,Giotto: a toolbox for integrative analysis and visualization of spatial expression data,Ruben Dries; Qian Zhu; Rui Dong; Chee-Huat Linus Eng; Huipeng Li; Kan Liu; Yuntian Fu; Tianxiao Zhao; Arpan Sarkar; Feng Bao; Rani E. George; Nico Pierson; Long Cai; Guo‐Cheng Yuan,2021,Genome biology,10.1186/s13059-021-02286-2,https://doi.org/10.1186/s13059-021-02286-2,article,
TEXT-01,text_measurement_error,openalex,A whole-slide foundation model for digital pathology from real-world data,Hanwen Xu; Naoto Usuyama; Jaspreet Bagga; Sheng Zhang; Rajesh C. Rao; Tristan Naumann; Cliff Wong; Zelalem Gero; Javier González; 裕二 池谷; Yanbo Xu; Mu Wei; Wenhui Wang; Shuming Ma; Furu Wei; Jianwei Yang; Chunyuan Li; Jianfeng Gao; Jaylen Rosemon; Tucker C. Bower; Soohee Lee; Roshanthi Weerasinghe; Bill Wright; Ari Robicsek; Brian Piening; Carlo Bifulco; Sheng Wang; Hoifung Poon,2024,Nature,10.1038/s41586-024-07441-w,https://doi.org/10.1038/s41586-024-07441-w,article,
TEXT-01,text_measurement_error,openalex,Text Algorithms in Economics,Elliott Ash; Stephen Hansen,2023,Annual Review of Economics,10.1146/annurev-economics-082222-074352,https://doi.org/10.1146/annurev-economics-082222-074352,article,
TEXT-01,text_measurement_error,openalex,From big data analysis to personalized medicine for all: challenges and opportunities,Akram Alyass; Michelle Turcotte; David Meyre,2015,BMC Medical Genomics,10.1186/s12920-015-0108-y,https://doi.org/10.1186/s12920-015-0108-y,article,
TEXT-01,text_measurement_error,openalex,SciSciNet: A large-scale open data lake for the science of science research,Zihang Lin; Yian Yin; Lu Liu; Dashun Wang,2023,Scientific Data,10.1038/s41597-023-02198-9,https://doi.org/10.1038/s41597-023-02198-9,data-paper,
TEXT-01,text_measurement_error,openalex,Evaluation of Text Generation: A Survey,Aslı Çelikyılmaz; Elizabeth Clark; Jianfeng Gao,2020,arXiv (Cornell University),10.48550/arxiv.2006.14799,http://arxiv.org/abs/2006.14799,preprint,
TEXT-01,text_measurement_error,openalex,How We Do Things With Words: Analyzing Text as Social and Cultural Data,Dong Nguyen; Maria Liakata; Simon DeDeo; Jacob Eisenstein; David Mimno; Rebekah Tromble; Jane Winters,2020,Frontiers in Artificial Intelligence,10.3389/frai.2020.00062,https://doi.org/10.3389/frai.2020.00062,article,
TEXT-01,text_measurement_error,openalex,A review on sentiment analysis from social media platforms,Margarita Rodríguez-Ibáñez; Antonio Casánez-Ventura; Félix Castejón-Mateos; Pedro-Manuel Cuenca-Jiménez,2023,Expert Systems with Applications,10.1016/j.eswa.2023.119862,https://doi.org/10.1016/j.eswa.2023.119862,article,
TEXT-01,text_measurement_error,openalex,Causal inference and data fusion in econometrics,Paul Hünermund; Elias Bareinboim,2023,Econometrics Journal,10.1093/ectj/utad008,https://doi.org/10.1093/ectj/utad008,article,
TEXT-01,text_measurement_error,openalex,Data Quality in Citizen Science,Bálint Balázs; Peter Mooney; Eva Nováková; Lucy Bastin; Jamal Jokar Arsanjani,2021,,10.1007/978-3-030-58278-4_8,https://doi.org/10.1007/978-3-030-58278-4_8,book-chapter,
TEXT-01,text_measurement_error,openalex,"A Metaverse: Taxonomy, Components, Applications, and Open Challenges",Sangmin Park; Young‐Gab Kim,2022,IEEE Access,10.1109/access.2021.3140175,https://doi.org/10.1109/access.2021.3140175,article,
TEXT-01,text_measurement_error,openalex,"Real-world data: a brief review of the methods, applications, challenges and opportunities",Fang Liu; Demosthenes B. Panagiotakos,2022,BMC Medical Research Methodology,10.1186/s12874-022-01768-6,https://doi.org/10.1186/s12874-022-01768-6,article,
TEXT-01,text_measurement_error,openalex,Big Data for All: Privacy and User Control in the Age of Analytics,Omer Tene; Jules Polonetsky,2012,LA Referencia (Red Federada de Repositorios Institucionales de Publicaciones Científicas),,http://scholarlycommons.law.northwestern.edu/njtip/vol11/iss5/1,article,
TEXT-01,text_measurement_error,openalex,A Survey of Large Language Models,Wayne Xin Zhao; Kun Zhou; Junyi Li; Tianyi Tang; Zican Dong; Yupeng Hou; Beichen Zhang; Yingqian Min; Junjie Zhang; Peiyu Liu; Xiaolei Wang; Yifan Du; Yushuo Chen; Yushuo Chen; Zhipeng Chen; Jinhao Jiang; Ruiyang Ren; Yifan Li; Xinyu Tang; Peiyu Liu; Yiwen Hu; Jian‐Yun Nie; Ji-Rong Wen,2026,Frontiers of Computer Science,10.1007/s11704-026-60308-3,https://doi.org/10.1007/s11704-026-60308-3,article,
TEXT-01,text_measurement_error,openalex,Mapping single-cell data to reference atlases by transfer learning,Mohammad Lotfollahi; Mohsen Naghipourfar; Malte D. Luecken; M. Javad Khajavi; Maren Büttner; Marco Wagenstetter; Žiga Avsec; Adam Gayoso; Nir Yosef; Marta Interlandi; Sergei Rybakov; Alexander V. Misharin; Fabian J. Theis,2021,Nature Biotechnology,10.1038/s41587-021-01001-7,https://doi.org/10.1038/s41587-021-01001-7,article,
TEXT-01,text_measurement_error,openalex,RNA-seq data science: From raw data to effective interpretation,Dhrithi Deshpande; Karishma Chhugani; Yutong Chang; Aaron Karlsberg; Caitlin Loeffler; Jinyang Zhang; Agata Muszyńska; Viorel Munteanu; Harry Yang; Jeremy Rotman; Laura Tao; Brunilda Balliu; Elizabeth Tseng; Eleazar Eskin; Fangqing Zhao; Pejman Mohammadi; Paweł P. Łabaj; Serghei Mangul,2023,Frontiers in Genetics,10.3389/fgene.2023.997383,https://doi.org/10.3389/fgene.2023.997383,article,
TEXT-01,text_measurement_error,openalex,"Visualizing Data to Support Judgement, Inference, and Decision Making in Learning Analytics: Insights from Cognitive Psychology and Visualization Science",Sakinah S. J. Alhadad,2018,Journal of Learning Analytics,10.18608/jla.2018.52.5,https://doi.org/10.18608/jla.2018.52.5,article,
TEXT-01,text_measurement_error,openalex,On Measuring and Mitigating Biased Inferences of Word Embeddings,Sunipa Dev; Tao Li; Jeff M. Phillips; Vivek Srikumar,2020,,10.1609/aaai.v34i05.6267,https://ojs.aaai.org/index.php/AAAI/article/view/6267,article,
TEXT-01,text_measurement_error,openalex,A survey on data‐efficient algorithms in big data era,Amina Adadi,2021,Journal Of Big Data,10.1186/s40537-021-00419-9,https://doi.org/10.1186/s40537-021-00419-9,article,
TEXT-01,text_measurement_error,openalex,Developing an online hate classifier for multiple social media platforms,Joni Salminen; Maximilian Hopf; Shammur Absar Chowdhury; Soon-Gyo Jung; Hind Almerekhi; Bernard J. Jansen,2020,Human-centric Computing and Information Sciences,10.1186/s13673-019-0205-6,https://doi.org/10.1186/s13673-019-0205-6,article,
TEXT-01,text_measurement_error,openalex,Statistical and integrative system-level analysis of DNA methylation data,Andrew E. Teschendorff; Caroline L. Relton,2017,Nature Reviews Genetics,10.1038/nrg.2017.86,https://doi.org/10.1038/nrg.2017.86,article,
TEXT-01,text_measurement_error,openalex,Comprehensive review of text-mining applications in finance,Aaryan Gupta; Vinya Dengre; Hamza Abubakar Kheruwala; Manan Shah,2020,Financial Innovation,10.1186/s40854-020-00205-1,https://doi.org/10.1186/s40854-020-00205-1,article,
TEXT-01,text_measurement_error,openalex,HESS Opinions: Incubating deep-learning-powered hydrologic science advances as a community,Chaopeng Shen; Eric Laloy; Amin Elshorbagy; Adrian Albert; Jerad Bales; Fi‐John Chang; Sangram Ganguly; Kuolin Hsu; Daniel Kifer; Zheng Fang; Kuai Fang; Dongfeng Li; Xiaodong Li; Wen‐Ping Tsai,2018,Hydrology and earth system sciences,10.5194/hess-22-5639-2018,https://doi.org/10.5194/hess-22-5639-2018,article,
TEXT-01,text_measurement_error,openalex,Using Imperfect Surrogates for Downstream Inference: Design-based Supervised Learning for Social Science Applications of Large Language Models,"Naoki Egami; Hinck, Musashi; Brandon Stewart; Hanying Wei",2023,arXiv (Cornell University),10.48550/arxiv.2306.04746,http://arxiv.org/abs/2306.04746,preprint,
TEXT-01,text_measurement_error,openalex,"Recent Advances in Natural Language Inference: A Survey of Benchmarks,\n Resources, and Approaches",Shane Storks; Qiaozi Gao; Joyce Chai,2019,arXiv (Cornell University),10.48550/arxiv.1904.01172,http://arxiv.org/abs/1904.01172,preprint,
TEXT-01,text_measurement_error,openalex,Fake news detection based on news content and social contexts: a transformer-based approach,Shaina Raza; Chen Ding,2022,International Journal of Data Science and Analytics,10.1007/s41060-021-00302-z,https://doi.org/10.1007/s41060-021-00302-z,article,
TEXT-01,text_measurement_error,openalex,Big data analytics and artificial intelligence pathway to operational performance under the effects of entrepreneurial orientation and environmental dynamism: A study of manufacturing organisations,Rameshwar Dubey; Angappa Gunasekaran; Stephen J. Childe; David Bryde; Mihalis Giannakis; Cyril Foropon; David Roubaud; Benjamin T. Hazen,2019,International Journal of Production Economics,10.1016/j.ijpe.2019.107599,https://doi.org/10.1016/j.ijpe.2019.107599,article,
TEXT-01,text_measurement_error,openalex,Acute social isolation evokes midbrain craving responses similar to hunger,Livia Tomova; Kimberly L. Wang; Todd W. Thompson; Gillian A. Matthews; Atsushi Takahashi; Kay M. Tye; Rebecca Saxe,2020,Nature Neuroscience,10.1038/s41593-020-00742-z,https://doi.org/10.1038/s41593-020-00742-z,article,
TEXT-01,text_measurement_error,openalex,"Studying User Income through Language, Behaviour and Affect in Social Media",Daniel Preoțiuc-Pietro; Svitlana Volkova; Vasileios Lampos; Yoram Bachrach; Νικόλαος Αλέτρας,2015,PLoS ONE,10.1371/journal.pone.0138717,https://doi.org/10.1371/journal.pone.0138717,article,
TEXT-01,text_measurement_error,openalex,Named Data Networking: A survey,Divya Saxena; Vaskar Raychoudhury; Neeraj Suri; Christian Becker; Jiannong Cao,2016,Computer Science Review,10.1016/j.cosrev.2016.01.001,https://doi.org/10.1016/j.cosrev.2016.01.001,article,
TEXT-02,text_measurement_error,crossref,"Implementing Automated Error Correction and Feedback Loops in Kimi, A Chinese Large Language Model",Wai-lam Cheung; Chiu-Ying Luk,2024,,10.31219/osf.io/7vpxr,https://doi.org/10.31219/osf.io/7vpxr,posted-content,"<p>The enhancement of the Chinese Large Language Model, Kimi, through the integration of automated error correction mechanisms and feedback loops, was explored in this study. The primary objective was to develop and implement a system that reduces linguistic errors in real-time and adapts dynamically to evolving language patterns without extensive retraining. Using a combination of natural language processing techniques and machine learning algorithms, the system demonstrated significant improvements in accuracy, precision, recall, and user satisfaction compared to the baseline model. The introduction of adaptive learning and feedback processing components enabled continuous system improvement and user-driven model adaptation. The findings indicate that such enhancements can substantially increase the reliability and efficiency of Large Language Models, particularly in non-English contexts, setting a precedent for future research and development in the field. The study’s implications extend to broader applications in AI, suggesting potential improvements in other language models and AI systems requiring high error sensitivity and adaptability.</p>"
TEXT-02,text_measurement_error,crossref,Foreign Language Labels and Consumer Product Evaluation--Measurement Model,Erion Shehu; Ralf Vollmann; Azin Taban; Gentjan Cera; Enxhi Shehu,2026,PsycTESTS Dataset,10.1037/t9999-99104-000,https://doi.org/10.1037/t9999-99104-000,dataset,
TEXT-02,text_measurement_error,crossref,Measurement-While-Drilling MWD Error Model Validation – Does the Model Reflect Reality?,David Gutierrez; Chad Hanak,2021,SPE/IADC International Drilling Conference and Exhibition,10.2118/204026-ms,https://doi.org/10.2118/204026-ms,proceedings-article,"<jats:title>Abstract</jats:title>
               <jats:p>It has been well documented that magnetic models and Measurement-while-Drilling (MWD) directional sensors are not free from error. It is for this reason that directional surveys are accompanied by an error model that is used to generate an ellipse of uncertainty (EOU). The directional surveys represent the highest probable position of the wellbore and the EOU is meant to encompass all of the possible wellbore positions to a defined uncertainty level. The wellbore position along with the individual errors are typically presumed to follow a Normal (Gaussian) Distribution. In order for this assumption to be accurate, 68.3% of magnetic model and directional sensor error should fall within plus or minus one standard deviation (1σ), 95.5% within two standard deviations (2σ), and 99.7% within three standard deviations (3σ) of the limits defined in the error model. It is the purpose of this study to evaluate the validity of these assumptions.</jats:p>
               <jats:p>The Industry Steering Committee on Wellbore Survey Accuracy (ISCWSA) provides a set of MWD error models that are widely accepted as the industry standard for use in wellbore surveying. The error models are comprised of the known magnetic model and MWD directional sensor error sources and associated limits. It is the purpose of this paper to determine whether the limits defined in the ISCWSA MWD error models are representative of the magnitude of errors observed in practice. In addition to the ISCWSA defined error model terms, this research also includes an analysis of the sensor twist error term and the associated limits defined in the Fault Detection, Isolation, and Recovery (FDIR) error model.</jats:p>
               <jats:p>This study is comprised of 138 MWD runs that were selected based on the criteria that they were processed using FDIR with overlapping gyro surveying to ensure highly accurate and consistent estimated values. The error magnitudes and uncertainties estimated by FDIR were compiled and analyzed in comparison to the expected limits outlined in the error models.</jats:p>
               <jats:p>The results conclude that the limits defined in the ISCWSA error models are not always representative of what is observed in practice. For instance, in U.S. land the assumed magnitudes of several of the error sources are overly optimistic compared to the values observed in this study. This means that EOUs with which wells are planned may not be large enough in some scenarios which could cause the operator to assume unanticipated additional risk.</jats:p>
               <jats:p>The final portion of this analysis was undertaken to test the hypothesis that preventative measures such as additional non-magnetic spacing are generally being taken by operators and directional service providers to minimize additional injected error when survey corrections are not being implemented while drilling the well. This hypothesis was tested by dividing the 138 MWD runs into Historical (survey corrections were not utilized in real-time) and Real-Time (survey corrections were utilized in real-time) categories. The results indicate that there are no significant differences in the error estimates between the Historical and Real-Time categories. This result in combination with the determination that the majority of the error model error terms should be categorized as fat-tail distributed indicate that proper well spacing and economics calculated using separation factor alone are insufficient without the use of survey corrections in Real-Time.</jats:p>"
TEXT-02,text_measurement_error,crossref,Beyond the Conventional Pipeline: Large Language Models for Social Science Measurement,Le Bao,2026,Chinese Political Science Review,10.1007/s41111-026-00351-4,https://doi.org/10.1007/s41111-026-00351-4,journal-article,"<jats:title>Abstract</jats:title>
                  <jats:p>Most current LLM applications in social science are measurement tasks, but they are rarely treated systematically within an explicit measurement framework. The field has largely used LLMs as drop-in replacements for human coders at a single stage of the conventional measurement pipeline, without asking whether a pipeline built around modular human judgment and downstream statistical modeling is still the right architecture. This paper takes a perspective from measurement theory, mapping existing applications onto the classical measurement pipeline and showing that most studies simply swap an LLM in for a human coder at one stage, without asking how a fundamentally different kind of instrument might affect the pipeline itself. We then develop a taxonomy of LLM-based measurement strategies organized by degree of integration into the pipeline, and identify areas where evaluating LLM-based measures requires attention that differs fundamentally from conventional practice. We treat LLM outputs not as automatic measurements but as candidate measures of a distinctive kind. The aim is not to provide a single workflow but to identify the issues that must be seriously considered when using LLMs for measurement.</jats:p>"
TEXT-02,text_measurement_error,crossref,Leveraging large language model and social network service for automation in scanning probe microscopy,Zhuo Diao; Hayato Yamashita; Masayuki Abe,2025,Measurement Science and Technology,10.1088/1361-6501/adbf3a,https://doi.org/10.1088/1361-6501/adbf3a,journal-article,"<jats:title>Abstract</jats:title>
               <jats:p>We present the development of an automated scanning probe microscopy (SPM) measurement system using an advanced large language model (LLM). This SPM system can receive instructions via social networking services (SNS), and the integration of SNS and LLMs enables real-time, language-agnostic, and portable control of SPM operations, thereby improving accessibility and efficiency. The integration of LLMs with scientific instruments brings the realization of automated solutions closer.</jats:p>"
TEXT-02,text_measurement_error,crossref,"System Shift Risk, Measurement Error, and the Limits of Non-Experimental Marketing Measurement: An Exploratory Validation Using RCT Benchmarks",Raymond Rubianto Tjandrawinata,2026,"Journal Research of Social Science, Economics, and Management",10.59141/jrssem.v5i12.1525,https://doi.org/10.59141/jrssem.v5i12.1525,journal-article,"<jats:p>The increasing complexity of digital advertising environments has created significant challenges in ensuring the accuracy and reliability of marketing measurement. Although randomized controlled trials (RCTs) are considered the benchmark for causal evaluation, their implementation is often constrained by cost, operational limitations, and managerial requirements, leading organizations to rely on non-experimental measurement approaches that may generate substantial estimation errors. This study aims to explore the role of system-level factors in explaining measurement error and to validate the System Shift Framework as a diagnostic approach for understanding the reliability of non-experimental marketing measurement. This research employs an exploratory quantitative design using six aggregate-coded marketing cases and compares non-experimental lift estimates with RCT benchmarks. Data analysis was conducted using descriptive statistics, correlation analysis, linear regression, regularized logistic regression, model comparison, and cluster analysis. The findings indicate that Strategy Quality and Feedback Maturity demonstrate the strongest associations with lower measurement error, higher accuracy, and improved measurement reliability, whereas the aggregate System Shift Risk Score shows limited explanatory power for continuous measurement error. The results suggest that measurement reliability is influenced not only by statistical methods but also by an organization’s capability to interpret, evaluate, and correct analytical outcomes. This study concludes that the System Shift Framework provides a complementary diagnostic perspective for improving marketing measurement practices by integrating causal inference with systems thinking.</jats:p>"
TEXT-02,text_measurement_error,crossref,Large Language model assisted reinforcement learning for robotic scanning measurement path planning of Large-Scale component,Zijie Zhao; Lianyu Zheng; Xuexin Zhang; Jian Zhou,2026,Measurement,10.1016/j.measurement.2026.121217,https://doi.org/10.1016/j.measurement.2026.121217,journal-article,
TEXT-02,text_measurement_error,crossref,Leveraging Large Language Models for Suicide Detection on Social Media with Limited Labels,Vy Nguyen; Chau Pham,2024,2024 IEEE International Conference on Big Data (BigData),10.1109/bigdata62323.2024.10825313,https://doi.org/10.1109/bigdata62323.2024.10825313,proceedings-article,
TEXT-02,text_measurement_error,crossref,A Designed-for-Test Measurement of Discourse-Language Bias in Large Language Model Brand Recommendations,Pablo Ulpiano Gonzalez Castro,2026,,10.2139/ssrn.6728000,https://doi.org/10.2139/ssrn.6728000,posted-content,"<jats:p>&lt;p&gt;This paper reports a designed-for-test measurement of discourse-language bias in large language model (LLM) brand recommendations for premium kitchen knives — a category dominated in production and chef reputation by Japan but mediated in English-language coverage through US/UK food media. Thirty-three brands across four lineages (Japanese, German, American, shared) plus one hybrid (Miyabi) were measured against six pre-registered prompts anchored to Category Entry Points, six frontier models from four labs (Anthropic Claude Sonnet 4.6 and Opus 4.7, OpenAI gpt-5.4-mini and gpt-5.5, Google Gemini 2.5 Flash, xAI Grok 4.1 Fast), and eight runs each (n = 288 successful measurements). Eight hypotheses with explicit numerical thresholds were committed to a pre-registration document locked at git commit d3e0989 prior to any data collection.&lt;/p&gt;
&lt;p&gt;The headline lineage-aggregate hypothesis (H1) was disconfirmed at both registry versions. At the locked v1.0 registry (21 brands), Japanese aggregate Presence was 36.2 percent versus German 27.3 percent — an 8.9-point gap in the wrong direction. At the published v1.2 registry (33 brands, 19 Japanese standard plus 1 hybrid, after the registry-revision protocol added boundary-condition makers from the unknown-mentions list), Japanese aggregate fell to 25.7 percent and German held at 27.2 percent — a 1.5-point gap in the predicted direction but below the 5-point partial-confirmation threshold. The lineage-aggregate hypothesis therefore fails consistently across registry construction.&lt;/p&gt;
&lt;p&gt;The within-lineage results carry a different signal entirely. Within Japanese, mass-market English-marketed brands (Shun, Global, Mac) surface at 55.2 percent versus 6.8 percent for the fourteen boundary-condition Japanese makers in the canonical scoring — a 48.4-percentage-point gap and approximately 8x ratio. Within German, the boundary case (Güde) appears in zero of 288 measurements while English-marketed German makers (Wüsthof, Henckels) average 62.0 percent. Within the boundary-condition Japanese cohort itself, seven brands clear the 5-percent floor and two stand markedly apart at the upper end: Masamoto at 18.1 percent and Takamura at 16.7 percent — both characterized by substantial US-targeted English-language distribution and chef-endorsed English-media coverage. Of 262 named authority mentions across all 288 measurements, 100 percent are English-language; no Japanese, German, French, or other-language sources surface in any response.&lt;/p&gt;
&lt;p&gt;A secondary finding replicates across providers: newer-generation models within both Anthropic (Opus 4.7 versus Sonnet 4.6) and OpenAI (gpt-5.5 versus gpt-5.4-mini) surface boundary-condition Japanese brands at higher rates than their older counterparts — the second cross-category replication of a ""newer models surface boundary cases more, not less"" pattern in the AIAS measurement program.&lt;/p&gt;
&lt;p&gt;The lineage-aggregate failure (H1) and the within-lineage convergence (H3, H5, H8) together motivate a candidate alternative framing:&amp;nbsp;&lt;em&gt;marketing-language coverage as a brand-level mediator&lt;/em&gt;&amp;nbsp;of AI brand presence in cross-lingual categories. Brands with substantial English-language marketing infrastructure surface at materially higher rates than equivalently positioned brands without such infrastructure,&amp;nbsp;&lt;em&gt;within&lt;/em&gt;&amp;nbsp;every lineage of origin tested. The framing is offered as a candidate hypothesis adjacent to but structurally distinct from existing AI-Surfacing hypotheses (Default Reinforcement; recommendation-slot persistence; freshness-lag). It predicts that brand-level English-marketing investment, not lineage of origin, is the binding variable for AI Presence in cross-lingual categories. Construct validity remains open and is the proposed object of a Phase 3 designed-for-confirmation study.&lt;/p&gt;</jats:p>"
TEXT-02,text_measurement_error,crossref,Quantifying Social Media Narratives Using Large Language Models: A Scalable Workflow for Social Measurement,Yan Zhang; Mingfei Zhang,2026,,10.31235/osf.io/3ewzv_v1,https://doi.org/10.31235/osf.io/3ewzv_v1,posted-content,"<p>Social science research faces an enduring tradeoff between the interpretive depth of qualitative methods and the statistical scale of quantitative approaches. This paper addresses this gap by introducing a scalable measurement workflow that transforms naturally occurring narrative text into reproducible quantitative variables using large language models (LLMs) as configurable and auditable coding instruments. We analyze 6,814 public Reddit posts from caregiving communities to extract multidimensional measures of caregiving burden, emotional sentiment, and selected demographic attributes.A key design feature of the framework is the inclusion of confidence scores for inferred attributes, which makes variation in inferability explicit within the measurement process. The resulting analyses show that LLM-assisted measurement can recover theoretically consistent patterns related to caregiving roles and life-course variation in burden, while also revealing structured differences in what information is narratively available for inference. In particular, demographic attributes vary sharply in inferability across posts, and analyses conditioned on higher-confidence inferences yield more pronounced and interpretable subgroup patterns.As a methodological contribution, the study offers a transparent pipeline for integrating inductive pattern extraction from narrative data with deductive subgroup comparison, helping to close the interpretive-inferential loop. More broadly, the proposed workflow demonstrates how generative AI can be used to scale the analysis of meaning-rich narratives while remaining complementary to established qualitative and quantitative methods.</p>"
TEXT-02,text_measurement_error,crossref,"Enhancing Output Uniqueness in Large Language Models via Model Rotation, Temperature Tuning, and Embedding-Based Validation",Sushanth Tiruvaipati,2025,,10.36227/techrxiv.175372906.66923093/v1,https://doi.org/10.36227/techrxiv.175372906.66923093/v1,posted-content,"<jats:p>We present a lightweight, practical method to increase the uniqueness of outputs generated by large language models (LLMs). Our approach combines: (1) temperature sampling, (2) rotation between diverse LLM APIs, (3) embedding-based uniqueness validation, and (4) an in-production deduplication pipeline. We compare six production-grade LLMs (GPT-4, GPT-4-Turbo, GPT-3.5-Turbo, Claude-3-Sonnet, Gemini-Pro, and DeepSeek), analyze cost-vs-uniqueness trade-offs, and propose a metric for uniqueness using cosine similarity between embedding vectors of generated outputs. We show that controlled rotation combined with moderate temperature tuning can significantly enhance output variability while staying within acceptable cost and quality bounds.</jats:p>"
TEXT-02,text_measurement_error,crossref,Schema-Based Priming of Large Language Model for Data Object Validation Compliance,Jo Inge Arnes; Alexander Horsch,2023,,10.2139/ssrn.4453361,https://doi.org/10.2139/ssrn.4453361,posted-content,"<jats:p>General-purpose large language models (LLMs), such as OpenAI's GPT models, can be integrated into applications to enable natural-language user interfaces. However, making a general LLM comply with validation rules for complex data structures used by in-house systems can be challenging. Two common ways to customize LLMs are fine-tuning and prompt engineering. We propose a prompt-based approach enabling general LLMs to stepwise and correctly mutate structured data objects complying with validation rules without specific training data. Our approach utilizes well-known schema standards to define the rule set and dynamically generates system messages or initial prompts to instruct the LLM. We implement a prototype with a client application handling communication between the LLM, a user, and a domain-specific backend system. The proposed approach has broad applications for scenarios where LLMs must manage data objects having rules for valid structure and values. This is, for instance, the case when interacting with external systems or assisting users in executing tasks with predefined steps or configuration options.</jats:p>"
TEXT-02,text_measurement_error,crossref,Validation of the measurement model concept for error structure identification,P SHUKLA,2004,Electrochimica Acta,10.1016/s0013-4686(04)00256-7,https://doi.org/10.1016/s0013-4686(04)00256-7,journal-article,
TEXT-02,text_measurement_error,crossref,Measurement Error,,2014,Nonsampling Error in Social Surveys,10.4135/9781483352923.n6,https://doi.org/10.4135/9781483352923.n6,book-chapter,
TEXT-02,text_measurement_error,crossref,Improving Radiology Report Error Detection Using a Multipass Large Language Model: Framework Development and Validation,Songsoo Kim; Seungtae Lee; See Young Lee; Joonho Kim; Keechan Kan; Hyunji Lee; Dukyong Yoon,2026,JMIR Medical Informatics,10.2196/87368,https://doi.org/10.2196/87368,journal-article,"<jats:title>Abstract</jats:title>
                  <jats:sec sec-type=""background"">
                    <jats:title>Background</jats:title>
                    <jats:p>Large language model (LLM) proofreaders for radiology reports generate many false positives (FPs) due to the low prevalence of errors.</jats:p>
                  </jats:sec>
                  <jats:sec sec-type=""objective"">
                    <jats:title>Objective</jats:title>
                    <jats:p>This study aimed to determine whether an optimized LLM framework could improve both precision and cost-efficiency without compromising error detection capability.</jats:p>
                  </jats:sec>
                  <jats:sec sec-type=""methods"">
                    <jats:title>Methods</jats:title>
                    <jats:p>In this retrospective study, 1000 radiology reports (radiography, ultrasonography, computed tomography, and magnetic resonance imaging; 250 each) were sampled from the Medical Information Mart for Intensive Care III database. Two public chest radiography corpora (CheXpert and Open-i) served as external test sets. Three LLM frameworks were evaluated: single-prompt detector (framework 1); report extractor plus single-prompt detector (framework 2); and extractor, detector, and FP verifier (framework 3). Precision for each framework was assessed using positive predictive value (PPV) and detected errors per 1000 reports. Overall efficiency was estimated using model inference costs and reviewer labor costs.</jats:p>
                  </jats:sec>
                  <jats:sec sec-type=""results"">
                    <jats:title>Results</jats:title>
                    <jats:p>
                      PPV increased from 0.063 (95% CI 0.036‐0.101) in framework 1 to 0.079 (95% CI 0.049‐0.118) in framework 2 and 0.159 (95% CI 0.090‐0.252) in framework 3 (
                      <jats:italic>P</jats:italic>
                      &lt;.001). Despite improved PPV, detected errors remained stable (detected errors per 1000 reports: 12‐14). Human review burden decreased from 192 to 88 reports. Framework 3 also reduced model inference costs to US $5.57 per 1000 reports (vs US $9.72 and US $6.85 for frameworks 1 and 2; 42.6% and 18.5% reductions, respectively). External validation confirmed similar improvements. Qualitative analysis revealed that remaining FPs in framework 3 were largely confined to cases requiring deep clinical context (clinically equivalent rephrasing: 53%; unsupported discrepancy assertions: 43%). By eliminating structural FPs (eg, section mismatches and lexical errors: 0%), the framework effectively shifted the quality assurance burden to a smaller set of ambiguous cases, enabling a targeted human-in-the-loop workflow.
                    </jats:p>
                  </jats:sec>
                  <jats:sec sec-type=""conclusions"">
                    <jats:title>Conclusions</jats:title>
                    <jats:p>The multipass LLM improved the precision and cost-efficiency of radiology report error detection in real-world, low-error prevalence settings. The framework demonstrates the feasibility of synergistic artificial intelligence–radiologist collaboration and provides a cost-effective and scalable approach to artificial intelligence–assisted quality assurance in both radiological practice and research.</jats:p>
                  </jats:sec>"
TEXT-02,text_measurement_error,crossref,Energy Social Surveys Replicated with Large Language Model Agents,Michael Fell,2024,,10.2139/ssrn.4686345,https://doi.org/10.2139/ssrn.4686345,posted-content,"<jats:p>Large Language Models (LLMs) are artificial intelligence systems trained to understand and predict human language. In this study I programmatically create numerous LLM agents with population-representative characteristics, and prompt them provide survey responses with the aim of replicating existing energy social survey findings. Three studies are replicated, yielding moderate to high degrees of fidelity to the original results. Potentially significant contributions of the approach include improving the efficiency of research by identifying most promising interventions before conducting human studies, and simulating input from harder-to-access populations. However, there are also important practical and ethical challenges requiring of careful consideration.</jats:p>"
TEXT-02,text_measurement_error,crossref,Intuitive Control of a Social Robot Using Natural Language with a Large Language Model and Error Correction Capabilities,Federico Biagi; Paolo Alberto Gasparini; Maria Grazia Modena; Luigi Biagiotti,2026,Lecture Notes in Computer Science,10.1007/978-981-95-2382-5_12,https://doi.org/10.1007/978-981-95-2382-5_12,book-chapter,
TEXT-02,text_measurement_error,crossref,Infinite-parameter Large Language Model,Fei Ding,2024,,10.33774/coe-2024-7khtw,https://doi.org/10.33774/coe-2024-7khtw,posted-content,"<jats:p>In the standard transformer architecture, in creasing model parameters leads to linear growth in computational cost and activation memory. To address this issue, we propose a novel Infinite Parameter Large Language Model (IP-LLM) architecture that decouples model size from computational cost and de vice memory. Existing large language models Figure 1: Parameters A, B, C, and D store knowledge are all fixed-parameter models, while human knowledge is infinite and expands daily. Finite parameters are inherently limited in their capac ity to accommodate this boundless knowledge. Our IP-LLM architecture can potentially ac commodate infinite knowledge, resolving this issue and laying the foundation for realizing a truly omniscient and omnipotent artificial gen eral intelligence in the future.Our architecture surpasses MOE in performance while requiring significantly less memory.</jats:p>"
TEXT-02,text_measurement_error,crossref,Large Language Model for automobile,Fei Ding,2024,,10.33774/coe-2024-cdlwg,https://doi.org/10.33774/coe-2024-cdlwg,posted-content,"<jats:p>To deploy on cars , we trained a 7-billion-parameter automobile model, which outperforms GPT-3.5 in the automotive domain. Surpassing all models in areas such as automotive maintenance, navigation queries, and beyond.</jats:p>"
TEXT-02,text_measurement_error,crossref,Benchmarking Large Language Model Rationality Using Measurement Axioms,Kiwon Song; James Jennings; Clintin Davis-Stober,2026,,10.21203/rs.3.rs-10119008/v1,https://doi.org/10.21203/rs.3.rs-10119008/v1,posted-content,"<title>Abstract</title>
                <p>While Large language models (LLMs) are increasingly deployed as decision-makers, current evaluation practice emphasizes benchmark accuracy rather than the structural properties that make decisions coherent and interpretable. We introduce a measurement-theoretic framework for evaluating AI decision-making using formal axioms derived from utility theory, focusing on transitivity of preference. When transitivity is violated over a choice set, alternatives can no longer be coherently ordered as globally better or worse, undermining the interpretability of model preferences and complicating alignment with human values. We apply our framework across 20 distinct LLMs, systematically varying question format, generation temperature, and contextual memory, using classic choice paradigms previously shown to induce intransitive preferences in humans. We find substantial and systematic transitivity violations in many models, although some patterns partially mirror known features of human decision behavior. Measurement axioms thus offer a principled, complementary foundation for evaluating the rationality and coherence of AI systems beyond benchmark accuracy.</p>"
TEXT-02,text_measurement_error,crossref,Research on the Large Precision Instrument Error Correction Model under the Perspectives of Stability and Robustness,Yongyong Xiong; Jinping Tan,2016,"DEStech Transactions on Social Science, Education and Human Science",10.12783/dtssehs/isetem2016/4385,https://doi.org/10.12783/dtssehs/isetem2016/4385,journal-article,
TEXT-02,text_measurement_error,crossref,Toward a Possibilistic Language Model: Grounding Large Language Model Uncertainty in Epistemic Support-Point Theory and Possibility Theory,Moriba Kemessia Jah,2026,,10.20944/preprints202604.0920.v1,https://doi.org/10.20944/preprints202604.0920.v1,posted-content,"<jats:p>Contemporary large language models (LLMs) generate text by sampling from probability distributions over vocabulary tokens, implicitly asserting that uncertainty about language is well-modeled by calibrated stochastic processes. This paper argues that such probabilistic closure is epistemically unjustified in the regime of language: meaning is bounded by admissible interpretation, not governed by frequentist statistics. The precise claim is not that probability cannot model language but that probabilistic closure is an epistemically overcommitted representation for token uncertainty under bounded admissibility—one that prevents the architecture from representing categorical inadmissibility and compels the assignment of positive probability mass to tokens that should not exist in the support at all. We propose the Possibilistic Language Model (PLM), a novel architecture grounding language generation in possibility theory and the Epistemic Support-Point Filter (ESPF) framework of Jah and Haslett (2025). The PLM replaces softmax probability distributions over tokens with possibilistic compatibility fields over vocabulary support sets; it replaces maximum-likelihood training with a Possibilistic Cramér–Rao regularized entropy-minimization objective; and it replaces standard scaled dot-product attention with Epistemic Possibilistic Attention (EPA), a falsification-driven attention operator that gates keys by admissible innovation geometry rather than by likelihood weighting. The PLM is not merely compatible with these foundations: it is the unique architecture forced by the TEAG axioms when instantiated over a discrete vocabulary manifold. The governing equation of token generation is a tropical Hamilton–Jacobi equation in the max-plus semiring, with the vocabulary surprisal field as Hamiltonian and the PCRB as minimum action per generation step. Epistemic Possibilistic Attention is the discretized Lax–Oleinik operator of this system. The minimax medoid commitment is proved to be the geodesic attractor of the surviving vocabulary well, not a heuristic selection rule. We define (not merely propose) the vocabulary possibility distribution and EPA operator; we derive the PCRB regularization from established ESPF theory inherited from Jah (2026a); we prove, conditionally on VFI maintenance, that the PLM produces non-degenerate generation from actual vocabulary tokens; and we prove that the PLM recovers a standard transformer in the Gaussian epistemic limit, which is the zero-temperature limit of the tropical Hamilton–Jacobi framework established in Jah (2026d). We are explicit throughout about what is fully self-contained here, what is inherited from prior TEAG works, and what remains as open proof obligations. The architecture naturally produces diagnostics—necessity, epistemic width, and surprisal—that quantify when a generation step is epistemically supported versus epistemically strained. We discuss initialization, training, inference, and multi-modal extensions, and identify open theoretical obligations alongside a concrete research agenda. The PLM is not presented as a drop-in replacement for probabilistic LLMs, but as a principled alternative for language tasks where epistemic humility, interpretability, and bounded admissibility matter more than distributional calibration.</jats:p>"
TEXT-02,text_measurement_error,crossref,A large-scale validation study of measurement errors in longitudinal survey data,Nicolai Kristensen; Niels Westergaard-Nielsen,2007,Journal of Economic and Social Measurement,10.3233/jem-2007-0283,https://doi.org/10.3233/jem-2007-0283,journal-article,<jats:p>We analyze measurement and classification errors in several key variables in a matched sample of survey and administrative longitudinal data on employees spanning 1994–2001. The data are much more comprehensive than usually seen in validation studies. Measurement errors in earnings are found to be much larger than reported in previous studies limited to one single firm. A key finding is that employees who attrite from the panel report their earnings significantly less accurate than individuals who are observed throughout the entire sampling period.</jats:p>
TEXT-02,text_measurement_error,crossref,A measurement strategy and an error-compensation model for the on-machine laser measurement of large-scale free-form surfaces,Bin Li; Feng Li; Hongqi Liu; Hui Cai; Xinyong Mao; Fangyu Peng,2013,Measurement Science and Technology,10.1088/0957-0233/25/1/015204,https://doi.org/10.1088/0957-0233/25/1/015204,journal-article,
TEXT-02,text_measurement_error,crossref,Intelligent Error Management Empowered by Large Language Model-based Agent in EFL Education of Junior High,Jiahui Hou; Yingchun Ren,2026,"Advances in Social Science, Education and Humanities Research",10.2991/978-2-38476-577-5_48,https://doi.org/10.2991/978-2-38476-577-5_48,book-chapter,
TEXT-02,text_measurement_error,crossref,Large Language Model-Assisted Measurement of ADRD Caregiver Burden on Reddit (Preprint),Yan Zhang; Mingfei Zhang,2026,,10.2196/preprints.103305,https://doi.org/10.2196/preprints.103305,posted-content,"<sec>
                  <title>BACKGROUND</title>
                  <p>Background: Informal caregivers of older adults with Alzheimer’s disease and related dementias (ADRD) often face high burden and chronic stress. Reddit provides naturally occurring caregiver narratives to study caregiving burden, but prior studies have often relied on small manual coding or aggregate topic models that may not easily connect caregiving context, burden, and stressor at scale.</p>
                </sec>
                <sec>
                  <title>OBJECTIVE</title>
                  <p>Objective: This study aimed to apply a large language model (LLM)-assisted measurement workflow to characterize ADRD caregiver burden, caregiving contexts, stressor, temporal patterns, and high-burden subgroups in Reddit posts.</p>
                </sec>
                <sec>
                  <title>METHODS</title>
                  <p>Methods: We processed monthly Reddit submission archives from January 2020 through June 2025. Posts were selected from 5 ADRD-specific subreddits and 4 broader caregiving or aging subreddits, yielding a balanced 13,200-post corpus. A locally hosted open-weight LLM inferred structured post-level variables including caregiver sociodemographic characteristics, caregiver role, ADRD stage, care setting, support need, dominant emotion, sentiment, burden, and primary and secondary stressors. The workflow included schema validation, uncertainty ratings, field-level correction prompts, source matching, a 150-post double-coded human validation benchmark, and pairwise subgroup analyses.</p>
                </sec>
                <sec>
                  <title>RESULTS</title>
                  <p>Results: The source-matched analytic sample included 13,179 LLM-coded posts. Human agreement was high for caregiver role, ADRD stage, care setting, dominant emotion, support need type, burden group, and stressor categories (κ= 0.77–1.00), but poor for the initial in-scope screen (κ= 0.00). Adult children were the largest inferred caregiver group (8266/13,179, 62.7%), followed by grandchildren (2012/13,179, 15.3%). Moderate ADRD was the modal inferred stage (6554/13,179, 49.7%), and home was the modal care setting (7145/13,179, 54.2%). Mean burden increased from early-stage ADRD (5.38) to moderate-stage ADRD (6.96) and late-stage ADRD (7.77). Behavioral strain was the dominant primary stressor, while family conflict, financial strain, emotional strain, and social isolation were leading secondary stressors. Pairwise subgroup analysis showed high burden in late-stage ADRD with emotional support needs (mean 8.42), care transitions with emotional support needs (mean 8.45), and late-stage care transitions (mean 8.40).</p>
                </sec>
                <sec>
                  <title>CONCLUSIONS</title>
                  <p>Conclusions: LLM-assisted measurement can help convert unstructured caregiver narratives into post-level, theory-guided quantitative measures when paired with validation and cautious interpretation. This workflow extends prior online caregiver research by linking caregiving context, burden, and stressor pathways at scale. The findings highlight care transitions, emotional support needs, financial navigation, and family role negotiation as potential targets for caregiver-support interventions.</p>
                </sec>
                <sec>
                  <title>CLINICALTRIAL</title>
                  <p>Not applicable</p>
                </sec>"
TEXT-02,text_measurement_error,crossref,Finding the dark matter: Large language model‐based enzyme kinetic data extractor and its validation,Galen Wei; Xinchun Ran; Runeem AI‐Abssi; Zhongyue Yang,2025,Protein Science,10.1002/pro.70251,https://doi.org/10.1002/pro.70251,journal-article,"<jats:title>Abstract</jats:title>
                  <jats:p>
                    Despite the vast number of enzymatic kinetic measurements reported across decades of biochemical literature, the majority of relational enzyme kinetic data—linking amino acid sequence, substrate identity, kinetic parameters, and assay conditions—remains uncollected and inaccessible in structured form. This constitutes a significant portion of the “dark matter” of enzymology. Unlocking these hidden data through automated extraction offers an opportunity to expand enzyme dataset diversity and size, critical for building accurate, generalizable models that drive predictive enzyme engineering. To address this limitation, we built EnzyExtract, a large language model‐powered pipeline that automates the extraction, verification, and structuring of enzyme kinetics data from scientific literature. By processing 137,892 full‐text publications (PDF/XML), EnzyExtract collected more than 218,095 enzyme–substrate–kinetics entries, including 218,095
                    <jats:italic>k</jats:italic>
                    <jats:sub>cat</jats:sub>
                    and 167,794
                    <jats:italic>K</jats:italic>
                    <jats:sub>
                      <jats:italic>m</jats:italic>
                    </jats:sub>
                    values. These entries are mapped to enzymes spanning 3569 unique four‐digit EC numbers, with a total of 84,464 entries assigned at least a first‐digit EC number. EnzyExtract identified 89,544 unique kinetic entries (
                    <jats:italic>k</jats:italic>
                    <jats:sub>cat</jats:sub>
                    and
                    <jats:italic>K</jats:italic>
                    <jats:sub>
                      <jats:italic>m</jats:italic>
                    </jats:sub>
                    combined) absent from BRENDA, significantly expanding the known enzymology dataset. The newly curated dataset was compiled into a database named EnzyExtractDB. EnzyExtract demonstrates high accuracy when benchmarked against manually curated datasets and strong consistency with BRENDA‐derived data. To create model‐ready datasets, enzyme and substrate sequences were aligned to UniProt and PubChem, yielding 92,286 high‐confidence, sequence‐mapped kinetic entries. To assess the practical utility of our dataset, we retrained several state‐of‐the‐art
                    <jats:italic>k</jats:italic>
                    <jats:sub>cat</jats:sub>
                    predictors (including MESI, DLKcat, and TurNuP) using EnzyExtractDB. Across held‐out test sets, all models demonstrate improved predictive performance in terms of RMSE, MAE, and
                    <jats:italic>R</jats:italic>
                    <jats:sup>2</jats:sup>
                    , highlighting the value of high‐quality, large‐scale, literature‐derived EnzyExtractDB for enhancing predictive modeling of enzyme kinetics. The EnzyExtract source code and the database are openly available at
                    <jats:ext-link xmlns:xlink=""http://www.w3.org/1999/xlink"" xlink:href=""https://github.com/ChemBioHTP/EnzyExtract"">https://github.com/ChemBioHTP/EnzyExtract</jats:ext-link>
                    , and an interactive demo can be accessed via Google Colab at
                    <jats:ext-link xmlns:xlink=""http://www.w3.org/1999/xlink"" xlink:href=""https://colab.research.google.com/drive/1MwKSEZzLPNOseksRshbzkkFoO_cgJhva"">https://colab.research.google.com/drive/1MwKSEZzLPNOseksRshbzkkFoO_cgJhva</jats:ext-link>
                    .
                  </jats:p>"
TEXT-02,text_measurement_error,crossref,Prompt Engineering for Large Language Model-Assisted Inductive Thematic Analysis,Muhammad Talal Khalid; Ann-Perry Witmer,2025,Social Science Computer Review,10.1177/08944393251388098,https://doi.org/10.1177/08944393251388098,journal-article,"<jats:p>The potential of large language models (LLMs) to mitigate the time- and cost-related challenges associated with inductive thematic analysis (ITA) is being increasingly explored in the literature. However, the use of LLMs to support ITA has often been opportunistic, relying on ad hoc prompt engineering (PE) approaches, thereby undermining the reliability, transparency, and replicability of the analysis. The goal of this study is to develop a structured approach to PE in LLM-assisted ITA. To this end, a comprehensive review of the existing literature is conducted to examine how researchers applying ITA integrate LLMs into their workflows and, in particular, how PE is utilized to support the analytical process. Built on the insights generated from this review, four key steps for effective PE in LLM-assisted ITA are identified and proposed. Furthermore, the study explores advanced PE techniques that can enhance the execution of these steps, providing researchers with practical strategies to improve their analyses. In conclusion, the main contributions of this paper include: (i) mapping the existing research on LLM-assisted ITA to enable a better understanding of the rapidly developing field, (ii) proposing a structured four-step PE process to enhance methodological rigor, (iii) discussing the application of advanced PE techniques to support the execution of these steps, and (iv) highlighting key directions for future research.</jats:p>"
TEXT-02,text_measurement_error,crossref,"From Assistants to Digital Beings: Exploring Anthropomorphism, Humanness Perception, and AI Anxiety in Large-Language-Model Chatbots",Xintong Yao; Yipeng Xi,2025,Social Science Computer Review,10.1177/08944393251354976,https://doi.org/10.1177/08944393251354976,journal-article,"<jats:p>This study examined the impact of anthropomorphic traits in large language model (LLM) chatbots on users’ perceptions of humanness and their associated anxiety. Drawing on dehumanization theory, the research investigated how human nature and human uniqueness traits influenced AI-related anxiety through perceptions of humanness in various interaction contexts. A survey of 1000 LLM chatbot users in China, analyzed using validated structural equation modeling, revealed that emotional and moral traits, such as empathy and morality, were positively correlated with perceptions of humanness, which in turn reduced AI anxiety. In contrast, cognitive traits like competence and rationality alleviated anxiety but did not contribute to perceptions of humanness. This study offered valuable theoretical and practical insights into how humans defined and responded to machine personhood in the age of advanced AI.</jats:p>"
TEXT-02,text_measurement_error,crossref,Minimum distance model checking in Berkson measurement error models with validation data,Pei Geng; Hira L. Koul,2018,TEST,10.1007/s11749-018-0610-6,https://doi.org/10.1007/s11749-018-0610-6,journal-article,
TEXT-02,text_measurement_error,crossref,LIEC-FT: A Large-Language-Model-Guided Iterative Error-Correction Framework for Small-Model Generation of Procedural Graphs,Xu Ruilong; Huan FANG; Wei Fang; Fengqun Wang; Chenbin Zhao,2025,,10.2139/ssrn.5993790,https://doi.org/10.2139/ssrn.5993790,posted-content,
TEXT-02,text_measurement_error,crossref,A Designed-for-Test Measurement of Phantom-Brand Presence in Large Language Model Outputs,Pablo Ulpiano Gonzalez Castro,2026,,10.2139/ssrn.6721779,https://doi.org/10.2139/ssrn.6721779,posted-content,"<jats:p>This paper reports a designed-for-test measurement of brand visibility in large language model (LLM) outputs for Bed Bath &amp;amp; Beyond (BBB), thirty-seven months after the brand's Chapter 11 bankruptcy and online-only revival under post-acquisition ownership. Pier 1-a smaller-footprint structural comparator with the same fate type but seventy months post-collapse-was added to the household-goods registry. Eight hypotheses with explicit numerical thresholds were committed to a pre-registration document locked on 4 May 2026 prior to any data collection. The measurement comprised six prompts × six models × eight runs (n = 288 successful measurements after a pre-registered failed-call recovery cycle) across model lineups from Anthropic, OpenAI, Google, and xAI. BBB's aggregate raw AI Presence was 38.2 percent, with a cross-model spread of 41.6 percentage points; Pier 1 surfaced at 0.0 percent across the same prompts and models. Six of eight pre-registered hypotheses were confirmed at the raw-rate level. Manual valence review of every BBB mention (88 percent strict inter-rater agreement on a stratified 25-row spot-check audit) reframes the result: the naive-phantom rate is 1.7 percent, and 88 percent of BBB mentions are surfaced with disclaimer indicating awareness of the entity change. The paper develops recommendationslot persistence-the proposition that brand-mention pathways become reinforcement-encoded structures that persist beyond entity changes-as a candidate hypothesis adjacent to but structurally distinct from existing AI-Surfacing hypotheses. The reframe is exploratory; construct validity remains open and is the proposed object of a Phase 3 designed-for-confirmation study.</jats:p>"
TEXT-02,text_measurement_error,crossref,Quantifying the Intensity of Online Social Support via Large Language Model–Based Evidence Extraction: Development and Validation Study,Dahyeon Park; Daejin Choi,2026,Journal of Medical Internet Research,10.2196/95025,https://doi.org/10.2196/95025,journal-article,"<jats:title>Abstract</jats:title>
                  <jats:sec sec-type=""background"">
                    <jats:title>Background</jats:title>
                    <jats:p>Online social support, the interaction among individuals in which one helps another during difficult situations through online platforms such as online forums or social media, has proliferated as a vital tool for personal mental health care. Despite the growing usage and importance of online social support, prior studies have mainly focused on either understanding the characteristics of support seekers or merely identifying types of support, which leaves room for improvement in 2 key areas. First, the intensity of support, indicating the strength of willingness provided by supporters, has been studied little. Second, existing models rely heavily either on handcrafted features or on simple text embeddings of the entire message, which, respectively, fail to capture comprehensive textual features or to provide explainability in classification model decisions.</jats:p>
                  </jats:sec>
                  <jats:sec sec-type=""objective"">
                    <jats:title>Objective</jats:title>
                    <jats:p>This study proposes a deep learning model that not only predicts the intensity of online social support but also provides human-readable evidence that explains the reasoning behind the decision made by the proposed model. While prior studies mainly concentrated on the task of identifying support types, this research quantifies the strength of support, which may better explain how strongly supporters seek to deliver informational and emotional support.</jats:p>
                  </jats:sec>
                  <jats:sec sec-type=""methods"">
                    <jats:title>Methods</jats:title>
                    <jats:p>The proposed model categorizes informational and emotional support into 3 levels—strong, moderate, and weak. It collaborates with a large language model (LLM) to extract key sentences or phrases expressing supportive intent and to compute sentiment scores from both the original post and the reply. All extracted texts are then encoded as a vector representation whose elements indicate the presence of text segments corresponding to predefined features. All the computed features are finally fed into the neural network layers for intensity classification. The proposed model was evaluated on 2 independent, human-annotated datasets collected from previous studies, which consist of 1000 and 400 pairs of support-seeking posts and their associated supporting comments, respectively.</jats:p>
                  </jats:sec>
                  <jats:sec sec-type=""results"">
                    <jats:title>Results</jats:title>
                    <jats:p>The model achieved superior accuracy compared to baselines on both datasets (0.728/0.694 and 0.709/0.598 for informational support and emotional support, respectively). Through a case study of representative examples, we show that the extracted texts serve as useful evidence explaining the decisions made by the proposed model. For example, explicit intent to support (eg, providing a detailed solution or showing strong empathy) is successfully extracted and used to detect strong support, whereas only indirect support (eg, telling personal stories or offering general advice) is present and can be captured as weak support.</jats:p>
                  </jats:sec>
                  <jats:sec sec-type=""conclusions"">
                    <jats:title>Conclusions</jats:title>
                    <jats:p>Through cooperation with LLMs, quantifying the intensity of online social support is highly achievable. In addition, the sentences extracted by LLMs can be used to explain the decisions made by the proposed model.</jats:p>
                  </jats:sec>"
TEXT-02,text_measurement_error,crossref,"GeoGPT, the large earth science language model system",Jian Wang,2025,,10.5194/egusphere-egu24-18265,https://doi.org/10.5194/egusphere-egu24-18265,posted-content,"<jats:p>GeoGPT, a large earth science language model system for geoscientists, was designed and developed in response to the Deep-time Digital Earth (DDE) International Science Initiative, which was officially launched at DDE Open Science Forum co-organized by UNESCO in 2021.Starting with leading open-source large language models, GeoGPT has built fundamental capabilities, including extraction of key information from geoscience documents, question-and-answer interaction, logical reasoning, automatic code generation, and numerical computation analysis. Smart incremental training strategy based on open-source large-scale models rapidly enhances the adaptability and performance of GeoGPT in the field of Earth sciences. GeoGPT is architected to be flexible in adapting to different foundation models in the future.To ensure accuracy and professionalism in the field of earth science, GeoGPT has specifically constructed a large high-quality geoscience corpus covering 8 secondary disciplines of earth science and innovatively developed a software system designed for annotating geoscience data more efficiently. Hundreds of Earth scientists have collaborated to complete the annotation of nearly one hundred thousand highly specialized question-and-answer pairs, which greatly enriched the training data resources for this geoscience model.GeoGPT is a global effort of open science practice across research institutes, universities, industry, and other organizations. GeoGPT model is open to the global research community today. It is also being planned to provide open access to large-scale datasets used in GeoGPT and GeoGPT API to Earth science community. GeoGPT is helping to transform the research paradigm of earth science through its potential capabilities of generating scientific hypotheses, constructing theoretical models, and doing research plans.</jats:p>"
TEXT-02,text_measurement_error,crossref,Multimodal Large Language Model (MLLM) Noise Resistance,Prasham Shah,2025,,10.33774/coe-2025-6z9zx,https://doi.org/10.33774/coe-2025-6z9zx,posted-content,"<jats:p>The “noise resistance” of an AI model determines its usability under non-ideal real-world conditions—in technology products, scientific research, etc.—where a few characters in text or pixels in images are often inaccurate. Prior to this study, the noise resistance of classification models and text-based large language models (LLMs) had been investigated, but the noise resistance of multimodal LLMs (MLLMs) had not. Thus, I studied MLLMs’ noise resistance against both textual noise (misspellings) and image noise (Gaussian, salt-pepper, and speckle). I also employed two denoising algorithms, spell-check (“aspell”) for textual prompts and OpenCV’s “Fast NL Means” for image prompts, to see if such pre-processing improves MLLM accuracy. I developed 10 textual prompts and 30 image-based prompts, each then noised and then denoised. I tested two MLLMs (LLaVA and GPT-4o), alongside a traditional LLM (GPT-3.5) given the textual prompts for comparison. I hypothesized that MLLMs would have poor noise resistance (even worse than traditional LLMs) and be helped by denoising algorithms. The first hypothesis was supported by the data, but the second hypothesis was refuted—traditional denoising algorithms generally hurt model performance. I also predicted, though not central to my study, that lower-parameter models would fare worse, which the data supported; however, as it was not a factor I set out to measure, future controlled studies should confirm this. Future studies should employ larger sample sizes to reduce variability and experiment with using smaller AI models as denoisers. MLLM users should put effort into crafting clean prompts and avoid traditional algorithmic denoisers.</jats:p>"
TEXT-02,text_measurement_error,crossref,Accuracy and Error Patterns of References Generated by Large Language Models in Endodontics: The Role of Prompt Design and Model Selection,Mehmet Adıgüzel; Alparslan Mustafa Çeler,2026,Medical Science Monitor,10.12659/msm.953782,https://doi.org/10.12659/msm.953782,journal-article,
TEXT-02,text_measurement_error,crossref,Automated information extraction from plant specimen labels using OCR and large language models,Juan Wen,2025,,10.3897/arphapreprints.e177223,https://doi.org/10.3897/arphapreprints.e177223,posted-content,"<jats:p>The digitization of herbarium specimens is crucial for advancing biodiversity research and data sharing. However, this process is often hindered by the inefficiency of manual transcription and the technical challenges posed by the massive volume of specimens, heterogeneous label layouts, and the prevalence of handwritten texts. To overcome these bottlenecks, this study proposed an automated pipeline that integrates the PadddleOCR engine with the DeepSeek large language model (LLM) for structured information extraction from specimen labels.</jats:p>
                <jats:p>
                  The pipeline is designed to extract 16 key metadata fields from both printed and handwritten labels. Evaluated on a benchmark dataset, it achieved a high field-level accuracy of 95.4% for printed labels, demonstrating strong reliability. For handwritten labels, the system maintained functionality while correctly identifying its limitations through a confidence-based quality control mechanism. A key finding was the compensatory role of the LLM, which effectively corrected upstream OCR errors, as evidenced by a weak correlation (
                  <jats:italic>r</jats:italic>
                  = 0.32) between OCR confidence and final extraction accuracy. This hybrid architecture ensures data security through local image processing and cost-efficiency via text-only LLM parsing.
                </jats:p>
                <jats:p>This work provides a robust, scalable, and practical solution for accelerating the digitization of botanical collections. The method is directly applicable to real-world digitization workflows and promises to significantly enhance the efficiency of biodiversity data creation and sharing.</jats:p>"
TEXT-02,text_measurement_error,crossref,Error analysis of large language model-generated film subtitles using the FAR model,Chuqiao Liang; Mozhgan Ghassemiazghandi,2026,Cogent Arts &amp; Humanities,10.1080/23311983.2026.2668253,https://doi.org/10.1080/23311983.2026.2668253,journal-article,
TEXT-02,text_measurement_error,crossref,Semiparametric linear transformation model with differential measurement error and validation sampling,Xuan Wang; Qihua Wang,2015,Journal of Multivariate Analysis,10.1016/j.jmva.2015.05.017,https://doi.org/10.1016/j.jmva.2015.05.017,journal-article,
TEXT-02,text_measurement_error,crossref,Selective Error Correction for Activation in Large Language Model Training,Seungyong Lee; Hyuk-Jae Lee,2025,2025 IEEE International Conference on Consumer Electronics (ICCE),10.1109/icce63647.2025.10930198,https://doi.org/10.1109/icce63647.2025.10930198,proceedings-article,
TEXT-02,text_measurement_error,crossref,Error in figure labels,,2026,Comment Group,10.1161/comment.20260216.129517,https://doi.org/10.1161/comment.20260216.129517,dataset,
TEXT-02,text_measurement_error,crossref,Silent numerical failures in large language model–generated pharmacokinetic simulation code: a benchmark against target-controlled infusion validation criteria using the Marsh propofol model,Masahito Omote,2026,,10.64898/2026.04.27.26351582,https://doi.org/10.64898/2026.04.27.26351582,posted-content,"<jats:title>Abstract</jats:title>
                <jats:sec>
                  <jats:title>Background</jats:title>
                  <jats:p>Large language models (LLMs) are increasingly used by clinicians to generate executable code for pharmacokinetic (PK) simulation. Whether such code meets the accuracy standards of target-controlled infusion systems has not been systematically evaluated.</jats:p>
                </jats:sec>
                <jats:sec>
                  <jats:title>Methods</jats:title>
                  <jats:p>Five LLMs (ChatGPT, Claude, DeepSeek, Gemini, Grok) were prompted to generate Python code for the Marsh three-compartment propofol model under a standardized 120-minute bolus-plus-infusion regimen. Each LLM was tested in two phases: Phase 1, integrator free; Phase 2, fourth-order Runge–Kutta with 1-second step size mandated. Twenty runs per LLM per phase were collected (n = 200). Plasma concentrations were compared against a triple-validated reference using median prediction error (MDPE), median absolute prediction error (MDAPE), and Wobble. Runs were classified as Class A (MDAPE &lt; 1 %), B (1–30 %), C (≥ 30 %), or D (failed).</jats:p>
                </jats:sec>
                <jats:sec>
                  <jats:title>Results</jats:title>
                  <jats:p>
                    All 200 scripts were invokable and created a CSV file; 199/200 (99.5 %, 95 % CI 97.1–99.9 %) produced a valid time–concentration series. The remaining script (Gemini Phase 2 run 18) aborted during row formatting with
                    <jats:monospace>ValueError</jats:monospace>
                    and left a header-only CSV. Median MDAPE per LLM × phase ranged 0.0043–0.020 %, with 195/200 runs (97.5 %, 95 % CI 94.3–98.9 %) achieving Class A. Five runs (2.5 %, 95 % CI 1.1–5.7 %) were non-excellent or structurally defective: three were Class C due to time-scale/unit-handling errors (one DeepSeek run with a 6-second effective Euler step from a minute-as-second declaration, two Grok runs with min⁻¹ rate constants applied per second), one was Class D (the empty-CSV failure above), and one was Class B but reflected a duplicated-bolus implementation error rather than a benign numerical deviation. Kruskal–Wallis testing showed significant inter-LLM heterogeneity across all metrics and phases (all omnibus p &lt; 0.01). Strict compliance with Phase 2 directives was 98 % (98/100 runs; 95 % CI 93.1–99.5 %); lenient compliance accepting RK4-adaptive implementations as a superset was 100 % (100/100 runs; 95 % CI 96.3–100 %). Yet all three numerically divergent Phase 2 runs occurred under nominally compliant RK4/dt = 1 s configurations; the fourth non-Class-A Phase 2 outcome was a formatting failure that produced no usable trajectory.
                  </jats:p>
                </jats:sec>
                <jats:sec>
                  <jats:title>Conclusion</jats:title>
                  <jats:p>LLMs generate numerically accurate Marsh-model code in most runs but silently diverge in a clinically non-negligible minority. The Marsh model — the simplest fixed-parameter three-compartment propofol model — functioned here as a positive control: even so, three distinct classes of structural bug (unit/time-scale mismatch, duplicated-bolus event handling, malformed f-string formatting) slipped past apparent execution success. Two additional Phase 2 runs used an RK4-adaptive variant rather than classical RK4 and are therefore better interpreted as strict prompt non-compliance than as numerical failure. Prompt-level method specification substantially reduced algorithm-selection errors but did not eliminate unit or structural bugs. LLM-generated pharmacokinetic code requires reference-based validation before any safety-relevant use.</jats:p>
                </jats:sec>"
TEXT-02,text_measurement_error,crossref,Context Definition for Large Language Model Validation and Enhancement,Brian Feng; David Alfred Ostrowski,2026,2026 International Conference on Semantic Computing (ICSC),10.1109/icsc67292.2026.00058,https://doi.org/10.1109/icsc67292.2026.00058,proceedings-article,
TEXT-02,text_measurement_error,crossref,Beyond Green Labels: Assessing Mutual Funds’ ESG Commitments Through Large Language Models,Katherine Wood; Hieu Pham; Chaehyun Pyun,2024,,10.2139/ssrn.4949855,https://doi.org/10.2139/ssrn.4949855,posted-content,
TEXT-02,text_measurement_error,crossref,Correction: Estimating measurement error in child language assessments administered by daycare educators in large scale intervention studies,,2024,PLOS ONE,10.1371/journal.pone.0304884,https://doi.org/10.1371/journal.pone.0304884,journal-article,
TEXT-02,text_measurement_error,crossref,"Enhancing Detection of Message Intents in a Mobile Health Smoking-Cessation Intervention Using Large Language Model Fine-Tuning, Data Downsampling, and Error Correction: Algorithm Development and Validation",Shagoto Rahman; Cornelia (Connie) Pechmann; Ian G Harris,2026,Journal of Medical Internet Research,10.2196/83437,https://doi.org/10.2196/83437,journal-article,"<jats:title>Abstract</jats:title>
                  <jats:sec sec-type=""background"">
                    <jats:title>Background</jats:title>
                    <jats:p>Although smoking-cessation aids such as support groups and nicotine replacement therapy (NRT) can help people quit, quit rates remain low. Mobile health interventions can boost accessibility and engagement, especially with NRT, but require ongoing effort to deliver timely responses. Accurate intent detection is crucial for identifying user needs and delivering timely, appropriate chatbot responses. Recent large language model advancements in natural language processing and artificial intelligence (AI) have shown promise. However, these systems often struggle with many intent categories, complex language, and imbalanced data, reducing recognition accuracy.</jats:p>
                  </jats:sec>
                  <jats:sec sec-type=""objective"">
                    <jats:title>Objective</jats:title>
                    <jats:p>The main goal of this study was to develop an AI tool, a large language model that could accurately detect people’s message intents, despite dataset imbalances and complexities. In our application, the messages came from a smoking-cessation support-group intervention and often involved the use of NRT provided as part of that intervention.</jats:p>
                  </jats:sec>
                  <jats:sec sec-type=""methods"">
                    <jats:title>Methods</jats:title>
                    <jats:p>We consistently used a state-of-the-art public domain large language model, Llama-3 8B (8 billion parameters) from Meta. First, we used the model off-the-shelf. Second, we fine-tuned it on our annotated dataset with 25 intent categories. Third, we also downsampled the predominant intent category to reduce model bias. Finally, we combined downsampling with corrected human annotations, creating a cleaned dataset for a new round of fine-tuning.</jats:p>
                  </jats:sec>
                  <jats:sec sec-type=""results"">
                    <jats:title>Results</jats:title>
                    <jats:p>
                      Without fine-tuning, the model achieved unweighted and weighted
                      <jats:italic>F</jats:italic>
                      <jats:sub>1</jats:sub>
                      -scores (overall performance) of 0.41 and 0.38, respectively, on the downsampled corrected test dataset, and 0.29 and 0.35 on the full test dataset. Fine-tuning improved performance to 0.77 and 0.80 on the downsampled corrected dataset, and 0.72 and 0.86 on the full dataset. Fine-tuning with downsampling attained the best
                      <jats:italic>F</jats:italic>
                      <jats:sub>1</jats:sub>
                      -scores, 0.88 and 0.91 on the downsampled corrected dataset, though performance dropped on the full test dataset (0.58 unweighted, 0.66 weighted) due to the predominance of the off-topic intent category, while unweighted recall remained high (0.80). The final method combining fine-tuning, downsampling, and error correction achieved 0.86 unweighted and 0.90 weighted
                      <jats:italic>F</jats:italic>
                      <jats:sub>1</jats:sub>
                      -scores on the downsampled corrected dataset, and 0.57 and 0.65 on the full dataset with unweighted recall improving to 0.82.
                    </jats:p>
                  </jats:sec>
                  <jats:sec sec-type=""conclusions"">
                    <jats:title>Conclusions</jats:title>
                    <jats:p>
                      Large language models performed poorly without fine-tuning, highlighting the need for domain-specific training. Even with fine-tuning, performance was limited by a highly imbalanced dataset. Downsampling before fine-tuning moderately improved performance but still left room for improvement and concerns about dataset noise. A careful review of model-human disagreement cases helped identify human annotation errors. After error correction, the method without error correction still achieved slightly higher precision and
                      <jats:italic>F</jats:italic>
                      <jats:sub>1</jats:sub>
                      -score on the corrected test dataset. While error correction slightly improved recall on noisy data, automated downsampling alone may be sufficient, making manual correction a more resource-intensive option with limited added benefit.
                    </jats:p>
                  </jats:sec>"
TEXT-02,text_measurement_error,crossref,Measurement error in logistic regression model,Sau Yee Lo,,,10.14711/thesis-b839599,https://doi.org/10.14711/thesis-b839599,dissertation,
TEXT-02,text_measurement_error,crossref,Integrating Large Language Model Agents in Data Science Education,Tianyu Ma,2025,,10.2139/ssrn.5684807,https://doi.org/10.2139/ssrn.5684807,posted-content,
TEXT-02,text_measurement_error,crossref,Large Language Model Benchmarks as Measurement Systems: Psychometric Contributions and Eight Open Problems,Preston Botter,2026,Measurement: Interdisciplinary Research and Perspectives,10.1080/15366367.2026.2720515,https://doi.org/10.1080/15366367.2026.2720515,journal-article,
TEXT-02,text_measurement_error,crossref,Prompt Perturbations Reveal Human-Like Biases in Large Language Model Survey Responses,Jens Rupprecht; Georg Ahnert; Markus Strohmaier,2026,Proceedings of the Seventh Workshop on Natural Language Processing and Computational Social Science,10.18653/v1/2026.nlpcss-1.1,https://doi.org/10.18653/v1/2026.nlpcss-1.1,proceedings-article,
TEXT-02,text_measurement_error,openalex,Training language models to follow instructions with human feedback,Long Ouyang; Jeff Wu; Xu Jiang; Diogo Almeida; Carroll L. Wainwright; Pamela Mishkin; Chong Zhang; Sandhini Agarwal; Katarina Slama; Alex Ray; John Schulman; Jacob Hilton; Fraser Kelton; Luke E. Miller; Maddie Simens; Amanda Askell; Peter Welinder; Paul Christiano; Jan Leike; Ryan Lowe,2022,arXiv (Cornell University),10.48550/arxiv.2203.02155,http://arxiv.org/abs/2203.02155,preprint,
TEXT-02,text_measurement_error,openalex,Highly accurate protein structure prediction with AlphaFold,John Jumper; Richard Evans; Alexander Pritzel; Tim Green; Michael Figurnov; Olaf Ronneberger; Kathryn Tunyasuvunakool; Russ Bates; Augustin Žídek; Anna Potapenko; Alex Bridgland; Clemens Meyer; Simon Köhl; Andrew J. Ballard; Andrew Cowie; Bernardino Romera‐Paredes; Stanislav Nikolov; Rishub Jain; Jonas Adler; Trevor Back; Stig Petersen; David Reiman; Ellen Clancy; Michał Zieliński; Martin Steinegger; Michalina Pacholska; Tamas Berghammer; Sebastian W. Bodenstein; David Silver; Oriol Vinyals; Andrew Senior; Koray Kavukcuoglu; Pushmeet Kohli; Demis Hassabis,2021,Nature,10.1038/s41586-021-03819-2,https://doi.org/10.1038/s41586-021-03819-2,article,
TEXT-02,text_measurement_error,openalex,"Social Science Research: Principles, Methods and Practices","Anol Bhattacherjee; Toleman, Mark; Rowling, Samara; Frederiks, Anita; Andersen, Nikki",2019,University of Southern Queensland ePrints (University of Southern Queensland),10.26192/q7w89,http://eprints.usq.edu.au/51580/,article,
TEXT-02,text_measurement_error,openalex,Health literacy and public health: A systematic review and integration of definitions and models,Kristine Sørensen; Stephan Van den Broucke; James Fullam; Gerardine Doyle; Jürgen M. Pelikan; Zofia Słońska; Helmut Brand,2012,BMC Public Health,10.1186/1471-2458-12-80,https://doi.org/10.1186/1471-2458-12-80,review,
TEXT-02,text_measurement_error,openalex,"The Positive and Negative Affect Schedule (PANAS): Construct validity, measurement properties and normative data in a large non‐clinical sample",John R. Crawford; Julie D. Henry,2004,British Journal of Clinical Psychology,10.1348/0144665031752934,https://doi.org/10.1348/0144665031752934,article,
TEXT-02,text_measurement_error,openalex,Partial Least Squares Structural Equation Modeling (PLS-SEM) Using R,Joseph F. Hair; G. Tomas M. Hult; Christian M. Ringle; Marko Sarstedt; Nicholas P. Danks; Soumya Ray,2021,Classroom companion: business,10.1007/978-3-030-80519-7,https://doi.org/10.1007/978-3-030-80519-7,book,
TEXT-02,text_measurement_error,openalex,Explainability for Large Language Models: A Survey,Haiyan Zhao; Hanjie Chen; Fan Yang; Ninghao Liu; Huiqi Deng; Hengyi Cai; Shuaiqiang Wang; Dawei Yin; Mengnan Du,2024,ACM Transactions on Intelligent Systems and Technology,10.1145/3639372,https://doi.org/10.1145/3639372,article,
TEXT-02,text_measurement_error,openalex,Toward expert-level medical question answering with large language models,K. K. Singhal; Tao Tu; Juraj Gottweis; Rory Sayres; Ellery Wulczyn; Mohamed Amin; Le Hou; Kevin Clark; Stephen Pfohl; Heather Cole-Lewis; Darlene Neal; Qazi Mamunur Rashid; Mike Schaekermann; Amy Wang; Dev Dash; Jonathan H. Chen; Nigam H. Shah; Sami Lachgar; P. Mansfield; Sushant Prakash; Bradley Green; Ewa Dominowska; Blaise Agüera y Arcas; Nenad Tomašev; Yun Liu; Renee Wong; Christopher Semturs; S. Sara Mahdavi; Joëlle Barral; Dale R. Webster; Greg S. Corrado; Yossi Matias; Shekoofeh Azizi; Alan Karthikesalingam; Vivek Natarajan,2025,Nature Medicine,10.1038/s41591-024-03423-7,https://doi.org/10.1038/s41591-024-03423-7,article,
TEXT-02,text_measurement_error,openalex,Flamingo: a Visual Language Model for Few-Shot Learning,"Alayrac, Jean-Baptiste; Jeff Donahue; Pauline Luc; Antoine Miech; Iain Barr; Yana Hasson; Karel Lenc; Arthur Mensch; Katie Millican; Malcolm Reynolds; Roman Ring; Eliza Rutherford; Serkan Cabi; Tengda Han; Zhitao Gong; Sina Samangooei; Marianne Monteiro; Jacob Menick; Sebastian Borgeaud; Andrew Brock; Aida Nematzadeh; Sahand Sharifzadeh; Mikołaj Bińkowski; Ricardo Barreira; Oriol Vinyals; Andrew Zisserman; Karen Simonyan",2022,arXiv (Cornell University),10.48550/arxiv.2204.14198,http://arxiv.org/abs/2204.14198,preprint,
TEXT-02,text_measurement_error,openalex,A Typology of Mixed Methods Sampling Designs in Social Science Research,Anthony J. Onwuegbuzie; Kathleen M. T. Collins,2015,The Qualitative Report,10.46743/2160-3715/2007.1638,https://doi.org/10.46743/2160-3715/2007.1638,article,
TEXT-02,text_measurement_error,openalex,Matching as Nonparametric Preprocessing for Reducing Model Dependence in Parametric Causal Inference,Daniel E. Ho; Kosuke Imai; Gary King; Elizabeth A. Stuart,2007,Political Analysis,10.1093/pan/mpl013,https://doi.org/10.1093/pan/mpl013,article,
TEXT-02,text_measurement_error,openalex,Towards complete and error-free genome assemblies of all vertebrate species,Arang Rhie; Shane McCarthy; Olivier Fédrigo; Joana Damas; Giulio Formenti; Sergey Koren; Marcela Uliano‐Silva; William Chow; Arkarachai Fungtammasan; J. Kim; Chul Lee; Byung June Ko; Mark Chaisson; Gregory Gedman; Lindsey Cantin; Françoise Thibaud‐Nissen; Leanne Haggerty; Iliana Bista; Michelle Smith; Bettina Haase; Jacquelyn Mountcastle; Sylke Winkler; Sadye Paez; Jason T. Howard; Sonja C. Vernes; Tanya M. Lama; Frank Grützner; Wesley C. Warren; Christopher N. Balakrishnan; David W. Burt; Julia M. George; Matthew T. Biegler; David Iorns; Andrew Digby; Daryl Eason; Bruce C. Robertson; Taylor Edwards; Mark Wilkinson; George F. Turner; Axel Meyer; Andreas F. Kautt; Paolo Franchini; H. William Detrich; Hannes Svardal; Maximilian Wagner; Gavin J. P. Naylor; Martin Pippel; Milan Malinsky; Mark P. Mooney; Maria Simbirsky; Brett T. Hannigan; Trevor Pesout; Marlys L. Houck; Ann Misuraca; Sarah B. Kingan; Richard Hall; Zev Kronenberg; Ivan Sović; Christopher Dunn; Zemin Ning; Alex Hastie; Joyce Lee; Siddarth Selvaraj; Richard E. Green; Nicholas H. Putnam; Marta Gut; Jay Ghurye; Erik Garrison; Ying Sims; Joanna Collins; Sarah Pelan; James Torrance; Alan Tracey; Jonathan Wood; Robel E. Dagnew; Dengfeng Guan; Sarah E. London; David F. Clayton; Claudio V. Mello; Samantha R. Friedrich; Peter V. Lovell; Ekaterina Osipova; Farooq O. Al-Ajli; Simona Secomandi; Heebal Kim; Constantina Theofanopoulou; Michael Hiller; Yang Zhou; Robert S. Harris; Kateryna D. Makova; Paul Medvedev; Jinna Hoffman; Patrick Masterson; Karen Clark; Fergal J. Martin; Kevin Howe; Kevin Howe; Paul Flicek; Brian P. Walenz; Woori Kwak,2021,Nature,10.1038/s41586-021-03451-0,https://doi.org/10.1038/s41586-021-03451-0,article,
TEXT-02,text_measurement_error,openalex,"Comparing the input, output, and validation maps for several models of land change",Robert Gilmore Pontius; Wideke Boersma; Jean‐Christophe Castella; Keith Clarke; Ton de Nijs; Charles Dietzel; Zengqiang Duan; Éric Fotsing; Noah Goldstein; Kasper Kok; E. Koomen; Christopher D. Lippitt; William J. McConnell; Alias Mohd Sood; Bryan C. Pijanowski; Snehal Pithadia; Sean Sweeney; Tran Ngoc Trung; A. Veldkamp; Peter H. Verburg,2007,The Annals of Regional Science,10.1007/s00168-007-0138-2,https://doi.org/10.1007/s00168-007-0138-2,article,
TEXT-02,text_measurement_error,openalex,Foundation models for generalist medical artificial intelligence,Michael Moor; Oishi Banerjee; Zahra Shakeri Hossein Abad; Harlan M. Krumholz; Jure Leskovec; Eric J. Topol; Pranav Rajpurkar,2023,Nature,10.1038/s41586-023-05881-4,https://doi.org/10.1038/s41586-023-05881-4,article,
TEXT-02,text_measurement_error,openalex,BloombergGPT: A Large Language Model for Finance,Shijie Wu; Ozan İrsoy; Steven Lu; Vadim Dabravolski; Mark Dredze; Sebastian Gehrmann; Prabhanjan Kambadur; David Rosenberg; Gideon Mann,2023,RePEc: Research Papers in Economics,10.48550/arxiv.2303.17564,http://arxiv.org/pdf/2303.17564,preprint,
TEXT-02,text_measurement_error,openalex,Model-Based Clustering for Social Networks,Mark S. Handcock; Adrian E. Raftery; Jeremy Tantrum,2007,Journal of the Royal Statistical Society Series A (Statistics in Society),10.1111/j.1467-985x.2007.00471.x,https://doi.org/10.1111/j.1467-985x.2007.00471.x,article,
TEXT-02,text_measurement_error,openalex,Text as Data: The Promise and Pitfalls of Automatic Content Analysis Methods for Political Texts,Justin Grimmer; Brandon Stewart,2013,Political Analysis,10.1093/pan/mps028,https://doi.org/10.1093/pan/mps028,article,
TEXT-02,text_measurement_error,openalex,Predicting Depression via Social Media,Munmun De Choudhury; Michael Gamon; Scott Counts; Eric Horvitz,2021,Proceedings of the International AAAI Conference on Web and Social Media,10.1609/icwsm.v7i1.14432,https://doi.org/10.1609/icwsm.v7i1.14432,conference-paper,
TEXT-02,text_measurement_error,openalex,"Facebook as a research tool for the social sciences: Opportunities, challenges, ethical considerations, and practical guidelines.",Michał Kosiński; Sandra Matz; Samuel D. Gosling; Vesselin Popov; David Stillwell,2015,American Psychologist,10.1037/a0039210,https://doi.org/10.1037/a0039210,article,
TEXT-02,text_measurement_error,openalex,"Promoting novelty, rigor, and style in energy social science: Towards codes of practice for appropriate methods and research design",Benjamin K. Sovacool; Jonn Axsen; Steve Sorrell,2018,Energy Research & Social Science,10.1016/j.erss.2018.07.007,https://doi.org/10.1016/j.erss.2018.07.007,article,
TEXT-02,text_measurement_error,openalex,Limits to the measurement of habitual physical activity by questionnaires,Roy J. Shephard,2003,British Journal of Sports Medicine,10.1136/bjsm.37.3.197,https://doi.org/10.1136/bjsm.37.3.197,article,
TEXT-02,text_measurement_error,openalex,WGCNA: an R package for weighted correlation network analysis,Peter Langfelder; Steve Horvath,2008,BMC Bioinformatics,10.1186/1471-2105-9-559,https://doi.org/10.1186/1471-2105-9-559,article,
TEXT-02,text_measurement_error,openalex,Opportunities and challenges for ChatGPT and large language models in biomedicine and health,Shubo Tian; Qiao Jin; Lana Yeganova; Po‐Ting Lai; Qingqing Zhu; Xiuying Chen; Yifan Yang; Qingyu Chen; Won Bae Kim; Donald C. Comeau; Rezarta Islamaj; Aadit Kapoor; Xin Gao; Zhiyong Lu,2023,Briefings in Bioinformatics,10.1093/bib/bbad493,https://doi.org/10.1093/bib/bbad493,article,
TEXT-02,text_measurement_error,openalex,Large Language Models: A Survey,"Shervin Minaee; Tomas Mikolov; Nikzad, Narjes; Meysam Chenaghlu; Richard Socher; Xavier Amatriain; Jianfeng Gao",2024,arXiv (Cornell University),10.48550/arxiv.2402.06196,http://arxiv.org/abs/2402.06196,preprint,
TEXT-02,text_measurement_error,openalex,Shared computational principles for language processing in humans and deep language models,Ariel Goldstein; Zaid Zada; Eliav Buchnik; Mariano Schain; Amy Price; Bobbi Aubrey; Samuel A. Nastase; Amir Feder; Dotan Emanuel; Alon Cohen; Aren Jansen; Harshvardhan Gazula; Gina Choe; Aditi Rao; Catherine Kim; Colton Casto; Lora Fanda; Werner Doyle; Daniel Friedman; Patricia Dugan; Lucía Melloni; Roi Reichart; Sasha Devore; Adeen Flinker; Liat Hasenfratz; Omer Levy; Avinatan Hassidim; Michael P. Brenner; Yossi Matias; Kenneth A. Norman; Orrin Devinsky; Uri Hasson,2022,Nature Neuroscience,10.1038/s41593-022-01026-4,https://doi.org/10.1038/s41593-022-01026-4,article,
TEXT-02,text_measurement_error,openalex,Testing theory of mind in large language models and humans,James W. A. Strachan; Dalila Albergo; Giulia Borghini; Oriana Pansardi; Eugenio Scaliti; Saurabh Gupta; K. B. Saxena; Alessandro Rufo; Stefano Panzeri; Guido Manzi; Michael S. A. Graziano; Cristina Becchio,2024,Nature Human Behaviour,10.1038/s41562-024-01882-z,https://doi.org/10.1038/s41562-024-01882-z,article,
TEXT-02,text_measurement_error,openalex,"The next Big Five Inventory (BFI-2): Developing and assessing a hierarchical model with 15 facets to enhance bandwidth, fidelity, and predictive power.",Christopher J. Soto; Oliver P. John,2016,Journal of Personality and Social Psychology,10.1037/pspp0000096,https://doi.org/10.1037/pspp0000096,article,
TEXT-02,text_measurement_error,openalex,A Review of Self-regulated Learning: Six Models and Four Directions for Research,Ernesto Panadero,2017,Frontiers in Psychology,10.3389/fpsyg.2017.00422,https://doi.org/10.3389/fpsyg.2017.00422,article,
TEXT-02,text_measurement_error,openalex,A Survey on Evaluation of Large Language Models,Yupeng Chang; Xu Wang; Jindong Wang; Yuan-Hsuan Wu; Linyi Yang; Kaijie Zhu; Hao Chen; Xiaoyuan Yi; Cunxiang Wang; Yidong Wang; Wei Ye; Yue Zhang; Yi Chang; Philip S. Yu; Qiang Yang; Xing Xie,2023,arXiv (Cornell University),10.48550/arxiv.2307.03109,http://arxiv.org/abs/2307.03109,preprint,
TEXT-02,text_measurement_error,openalex,Setting the future of digital and social media marketing research: Perspectives and research propositions,Yogesh K. Dwivedi; Elvira Ismagilova; David L. Hughes; Jamie Carlson; Raffaele Filieri; Jenna Jacobson; Varsha Jain; Heikki Karjaluoto; Hajer Kéfi; Anjala S. Krishen; Vikram Kumar; Mohammad M. Rahman; Ramakrishnan Raman; Philipp A. Rauschnabel; Jennifer Rowley; Jari Salo; Gina A. Tran; Yichuan Wang,2020,International Journal of Information Management,10.1016/j.ijinfomgt.2020.102168,https://doi.org/10.1016/j.ijinfomgt.2020.102168,article,
TEXT-02,text_measurement_error,openalex,"Development, validation and utilisation of food-frequency questionnaires – a review",Janet Cade; Rachel Thompson; V. J. Burley; Daniel Warm,2002,Public Health Nutrition,10.1079/phn2001318,https://doi.org/10.1079/phn2001318,article,
TEXT-02,text_measurement_error,openalex,"Explainable Artificial Intelligence (XAI): Concepts, taxonomies, opportunities and challenges toward responsible AI",Alejandro Barredo Arrieta; Natalia Díaz-Rodríguez; Javier Del Ser; Adrien Bennetot; Siham Tabik; Alberto Barbado; Salvador García; Sergio Gil-López; Daniel Molina; Richard Benjamins; Raja Chatila; Francisco Herrera,2019,Information Fusion,10.1016/j.inffus.2019.12.012,https://doi.org/10.1016/j.inffus.2019.12.012,article,
TEXT-02,text_measurement_error,openalex,Naturalistic Developmental Behavioral Interventions: Empirically Validated Treatments for Autism Spectrum Disorder,Laura Schreibman; Géraldine Dawson; Aubyn C. Stahmer; Rebecca Landa; Sally J. Rogers; Gail G. McGee; Connie Kasari; Brooke Ingersoll; Ann P. Kaiser; Yvonne Bruinsma; Erin McNerney; Amy M. Wetherby; Alycia Halladay,2015,Journal of Autism and Developmental Disorders,10.1007/s10803-015-2407-8,https://doi.org/10.1007/s10803-015-2407-8,article,
TEXT-02,text_measurement_error,openalex,Recent advances and applications of deep learning methods in materials science,Kamal Choudhary; Brian DeCost; Chi Chen; Anubhav Jain; Francesca Tavazza; Ryan Cohn; Cheol Woo Park; Alok Choudhary; Ankit Agrawal; Simon J. L. Billinge; Elizabeth A. Holm; Shyue Ping Ong; Chris Wolverton,2022,npj Computational Materials,10.1038/s41524-022-00734-6,https://doi.org/10.1038/s41524-022-00734-6,article,
TEXT-02,text_measurement_error,openalex,The technology acceptance model (TAM): A meta-analytic structural equation modeling approach to explaining teachers’ adoption of digital technology in education,Ronny Scherer; Fazilat Siddiq; Jo Tondeur,2018,Computers & Education,10.1016/j.compedu.2018.09.009,https://doi.org/10.1016/j.compedu.2018.09.009,article,
TEXT-02,text_measurement_error,openalex,The Rise and Potential of Large Language Model Based Agents: A Survey,"Zhiheng Xi; Wen-Xiang Chen; Xin Guo; Wei He; Yiwen Ding; Boyang Hong; Ming Zhang; Junzhe Wang; Senjie Jin; Enyu Zhou; Rui Zheng; Xiaoran Fan; Xiao Wang; Limao Xiong; Yuhao Zhou; Weiran Wang; Changhao Jiang; Yicheng Zou; Xiangyang Liu; Zhangyue Yin; Shihan Dou; Rongxiang Weng; Wensen Cheng; Qi Zhang; Wenjuan Qin; Yongyan Zheng; Xipeng Qiu; Huang, Xuanjing; Tao Gui",2023,arXiv (Cornell University),10.48550/arxiv.2309.07864,http://arxiv.org/abs/2309.07864,preprint,
TEXT-02,text_measurement_error,openalex,Large language models empowered agent-based modeling and simulation: a survey and perspectives,Chen Gao; Xiaochong Lan; Nian Li; Yuan Yuan; Jingtao Ding; Zhilun Zhou; Fengli Xu; Yong Li,2024,Humanities and Social Sciences Communications,10.1057/s41599-024-03611-3,https://doi.org/10.1057/s41599-024-03611-3,article,
TEXT-02,text_measurement_error,openalex,Large language models could change the future of behavioral healthcare: a proposal for responsible development and evaluation,Elizabeth Cameron Stade; Shannon Wiltsey Stirman; Lyle Ungar; Cody L. Boland; H. Andrew Schwartz; David B. Yaden; João Sedoc; Robert J. DeRubeis; Robb Willer; Johannes C. Eichstaedt,2024,npj Mental Health Research,10.1038/s44184-024-00056-z,https://doi.org/10.1038/s44184-024-00056-z,article,
TEXT-02,text_measurement_error,openalex,Evaluating Model Fit of Measurement Models in Confirmatory Factor Analysis,David Goretzko; Karik Siemund; Philipp Sterner,2023,Educational and Psychological Measurement,10.1177/00131644231163813,https://doi.org/10.1177/00131644231163813,article,
TEXT-02,text_measurement_error,openalex,A framework for human evaluation of large language models in healthcare derived from literature review,Thomas Yu Chow Tam; Sonish Sivarajkumar; Sumit Kapoor; Alisa V Stolyar; Katelyn Polanska; Karleigh R McCarthy; Hunter Osterhoudt; Xizhi Wu; Shyam Visweswaran; Sunyang Fu; Piyush Mathur; Giovanni Cacciamani; Cong Sun; Yifan Peng; Yanshan Wang,2024,npj Digital Medicine,10.1038/s41746-024-01258-7,https://doi.org/10.1038/s41746-024-01258-7,article,
TEXT-02,text_measurement_error,openalex,MEASURING IMPLICIT AND EXPLICIT KNOWLEDGE OF A SECOND LANGUAGE: A Psychometric Study,Rod Ellis,2005,Studies in Second Language Acquisition,10.1017/s0272263105050096,https://doi.org/10.1017/s0272263105050096,article,
TEXT-02,text_measurement_error,openalex,Auditing large language models: a three-layered approach,Jakob Mökander; Jonas Schuett; Hannah Rose Kirk; Luciano Floridi,2023,AI and Ethics,10.1007/s43681-023-00289-2,https://doi.org/10.1007/s43681-023-00289-2,article,
TEXT-02,text_measurement_error,openalex,The impact of nonverbal ability on prevalence and clinical presentation of language disorder: evidence from a population study,Courtenay Norbury; Debbie Gooch; Charlotte Wray; Gillian Baird; Tony Charman; Emily Simonoff; George Vamvakas; Andrew Pickles,2016,Journal of Child Psychology and Psychiatry,10.1111/jcpp.12573,https://doi.org/10.1111/jcpp.12573,article,
TEXT-02,text_measurement_error,openalex,Siren's Song in the AI Ocean: A Survey on Hallucination in Large Language Models,"Yue Zhang; Yafu Li; Leyang Cui; Deng Cai; Lemao Liu; Tingchen Fu; Xinting Huang; Enbo Zhao; Yu Zhang; Xu, Chen; Yulong Chen; Longyue Wang; Anh Tuan Luu; Wei Bi; Freda Shi; Shuming Shi",2023,arXiv (Cornell University),10.48550/arxiv.2309.01219,http://arxiv.org/abs/2309.01219,preprint,
TEXT-02,text_measurement_error,openalex,Leveraging Generative AI and Large Language Models: A Comprehensive Roadmap for Healthcare Integration,Ping Yu; Hua Xu; Xia Hu; Chao Deng,2023,Healthcare,10.3390/healthcare11202776,https://doi.org/10.3390/healthcare11202776,article,
TEXT-02,text_measurement_error,openalex,Large Scale Crowdsourcing and Characterization of Twitter Abusive Behavior,Antigoni Founta; Constantinos Djouvas; Despoina Chatzakou; Ilias Leontiadis; Jeremy Blackburn; Gianluca Stringhini; Athena Vakali; Michael Sirivianos; Nicolas Kourtellis,2018,Proceedings of the International AAAI Conference on Web and Social Media,10.1609/icwsm.v12i1.14991,https://doi.org/10.1609/icwsm.v12i1.14991,conference-paper,
TEXT-02,text_measurement_error,openalex,"Framing Image Description as a Ranking Task: Data, Models and Evaluation Metrics",Micah Hodosh; Peter Young; Julia Hockenmaier,2013,Journal of Artificial Intelligence Research,10.1613/jair.3994,https://doi.org/10.1613/jair.3994,article,
TEXT-02,text_measurement_error,openalex,The nature of social dominance orientation: Theorizing and measuring preferences for intergroup inequality using the new SDO₇ scale.,Arnold K. Ho; Jim Sidanius; Nour Kteily; Jennifer Sheehy‐Skeffington; Felicia Pratto; Kristin E. Henkel; Rob Foels; Andrew L. Stewart,2015,Journal of Personality and Social Psychology,10.1037/pspi0000033,https://doi.org/10.1037/pspi0000033,article,
TEXT-02,text_measurement_error,openalex,"Digital Twin: Values, Challenges and Enablers From a Modeling Perspective",Adil Rasheed; Omer San; Trond Kvamsdal,2020,IEEE Access,10.1109/access.2020.2970143,https://doi.org/10.1109/access.2020.2970143,article,
TEXT-02,text_measurement_error,openalex,"Large language models in medical and healthcare fields: applications, advances, and challenges",Dandan Wang; Shiqing Zhang,2024,Artificial Intelligence Review,10.1007/s10462-024-10921-0,https://doi.org/10.1007/s10462-024-10921-0,article,
TEXT-03,text_measurement_error,crossref,Automated Machine Learning for Classification and Regression:  A Tutorial for Psychologists,Chaewon Lee; Kathleen Gates,2025,,10.31219/osf.io/j4xuq_v1,https://doi.org/10.31219/osf.io/j4xuq_v1,posted-content,"<p>Machine learning (ML) has extended the scope of psychological research by enabling data-driven discovery of patterns in complex datasets, complementing traditional hypothesis-driven approaches and enriching individual-level prediction. As a principal subfield, supervised ML has advanced mental health diagnostics and behavior prediction through classification and regression tasks. However, the complexity of ML methodologies and the absence of established norms and standardized pipelines often limit its adoption among psychologists. Furthermore, the black-box nature of advanced ML algorithms obscures how decisions are made, making it difficult to identify the most influential variables. Automated ML (AutoML) addresses these challenges by automating key steps such as model selection and hyperparameter optimization, while enhancing interpretability through explainable AI. By streamlining workflows and improving efficiency, AutoML empowers users of all technical levels to implement advanced ML methods effectively. Despite its transformative potential, AutoML remains underutilized in psychological research, with no dedicated educational material available. This tutorial aims to bridge the gap by introducing AutoML to psychologists. We cover advanced AutoML methods, including combined algorithm selection and hyperparameter optimization (CASH), stacked ensemble generalization, and explainable AI. The utility of AutoML is demonstrated using the ‘H2O AutoML’ R package with publicly available psychological datasets, performing regression on multi-individual cross-sectional data and classification on single-individual time-series data. We also provide practical workarounds for ML methods currently unavailable in the package, allowing researchers to use alternative approaches when needed. These examples illustrate how AutoML democratizes ML, making it more accessible while providing advanced methodologies for psychological research.</p>"
TEXT-03,text_measurement_error,crossref,maxent: An R Package for Low-memory Multinomial Logistic Regression with Support for Semi-automated Text Classification,"Timothy,P. Jurka",2012,The R Journal,10.32614/rj-2012-007,https://doi.org/10.32614/rj-2012-007,journal-article,
TEXT-03,text_measurement_error,crossref,Regression and standard error,,2014,Introduction to Statistics with SPSS for Social Science,10.4324/9781315833422-21,https://doi.org/10.4324/9781315833422-21,book-chapter,
TEXT-03,text_measurement_error,crossref,Three families of automated text analysis,Austin van Loon,2022,Social Science Research,10.1016/j.ssresearch.2022.102798,https://doi.org/10.1016/j.ssresearch.2022.102798,journal-article,
TEXT-03,text_measurement_error,crossref,Figure 4: Error density curves obtained in 10-fold cross-validation of regression models.,,,,10.7717/peerj.7990/fig-4,https://doi.org/10.7717/peerj.7990/fig-4,component,
TEXT-03,text_measurement_error,crossref,Automated Text Document Classification Using Predictive Network,B Y Baravkar,2024,International Journal of Scientific Engineering and Research,10.70729/se24120142420,https://doi.org/10.70729/se24120142420,journal-article,
TEXT-03,text_measurement_error,crossref,Linear Classification and Regression for Text,Charu C. Aggarwal,2018,Machine Learning for Text,10.1007/978-3-319-73531-3_6,https://doi.org/10.1007/978-3-319-73531-3_6,book-chapter,
TEXT-03,text_measurement_error,crossref,"Prediction Error, Cross-Validation, and Model Selection",,2026,All of Regression,10.1017/9781009702799.004,https://doi.org/10.1017/9781009702799.004,book-chapter,
TEXT-03,text_measurement_error,crossref,Table 10: Error cases and analysis of short text classification in self-built dataset.,,,,10.7717/peerj-cs.3830/table-10,https://doi.org/10.7717/peerj-cs.3830/table-10,component,
TEXT-03,text_measurement_error,crossref,CART (Classification and Regression Trees),,2004,The SAGE Encyclopedia of Social Science Research Methods,10.4135/9781412950589.n88,https://doi.org/10.4135/9781412950589.n88,reference-entry,
TEXT-03,text_measurement_error,crossref,Knowledge Distillation in Automated Annotation: Supervised Text Classification with LLM-Generated Training Labels,Nicholas Pangakis; Sam Wolken,2024,Proceedings of the Sixth Workshop on Natural Language Processing and Computational Social Science (NLP+CSS 2024),10.18653/v1/2024.nlpcss-1.9,https://doi.org/10.18653/v1/2024.nlpcss-1.9,proceedings-article,
TEXT-03,text_measurement_error,crossref,AN AUTOMATED NEW APPROACH IN FAST TEXT CLASSIFICATION: A CASE STUDY FOR KURDISH TEXT,Ari M. Saeed,2024,Science Journal of University of Zakho,10.25271/sjuoz.2024.12.3.1296,https://doi.org/10.25271/sjuoz.2024.12.3.1296,journal-article,"<jats:p>With the rapid development of internet technology, text classification has become a vital part of obtaining quick and accurate data. Traditional machine learning methods often suffer from poor performance and high-dimensional feature spaces, which reduce their accuracy. In this paper, the FastText model is proposed as the first-ever classifier on Kurdish text and the results are compared with traditional machine learning methods to show the effects on Kurdish Text.  For evaluating the model four datasets Kurdish News Dataset Headlines (KNDH), Medical Kurdish Dataset (MKD), Kurdish-Emotional-Dataset (KMD-77000), and KurdiSent are utilized and compared the results with the traditional machine learning algorithms such as: Random Forest (RF), k-nearest Neighbor (k-NN), Logistic Regression (LR), Multinomial Naïve Bayes (MNB), Support Vector Machine (SVM), Decision Tree (DT), Stochastic Gradient Descent (SGD), as well as the deep learning model Bidirectional Encoder Representations from Transformers (BERT). The outcomes indicate that the FastText model achieved the highest performance with 89% for each precision, recall, F1-score, and 89.10% accuracy for the KNDH dataset. Moreover, when the KMD dataset is utilized the FatText model obtained outperforms all others by approximately 2%. In addition, the comparative analysis showed that FastText is superior when Kurdisent is considered with precision, recall, F1-score, and accuracy by 81.32, 81.83, 81.57, and 81.4 respectively. In addition, when MKD is implemented, the FastText model obtained the highest performance with a precision of 93.32%, recall of 93.36, F1-score of 93.34, and accuracy of 93.1%.</jats:p>"
TEXT-03,text_measurement_error,crossref,Logistic Regression and Text Classification,,2012,Textual Information Access,10.1002/9781118562796.ch3,https://doi.org/10.1002/9781118562796.ch3,other,
TEXT-03,text_measurement_error,crossref,Neural Machine Translation–Based Automated Current Procedural Terminology Classification System Using Procedure Text: Development and Validation Study (Preprint),Hyeon Joo; Michael Burns; Sai Saradha Kalidaikurichi Lakshmanan; Yaokun Hu; V G Vinod Vydiswaran,2020,,10.2196/preprints.22461,https://doi.org/10.2196/preprints.22461,posted-content,"<sec>
                    <title>BACKGROUND</title>
                        <p>Administrative costs for billing and insurance-related activities in the United States are substantial. One critical cause of the high overhead of administrative costs is medical billing errors. With advanced deep learning techniques, developing advanced models to predict hospital and professional billing codes has become feasible. These models can be used for administrative cost reduction and billing process improvements.</p>
                </sec>
                                <sec>
                    <title>OBJECTIVE</title>
                        <p>In this study, we aim to develop an automated anesthesiology current procedural terminology (CPT) prediction system that translates manually entered surgical procedure text into standard forms using neural machine translation (NMT) techniques. The standard forms are calculated using similarity scores to predict the most appropriate CPT codes. Although this system aims to enhance medical billing coding accuracy to reduce administrative costs, we compare its performance with that of previously developed machine learning algorithms.</p>
                </sec>
                                <sec>
                    <title>METHODS</title>
                        <p>We collected and analyzed all operative procedures performed at Michigan Medicine between January 2017 and June 2019 (2.5 years). The first 2 years of data were used to train and validate the existing models and compare the results from the NMT-based model. Data from 2019 (6-month follow-up period) were then used to measure the accuracy of the CPT code prediction. Three experimental settings were designed with different data types to evaluate the models. Experiment 1 used the surgical procedure text entered manually in the electronic health record. Experiment 2 used preprocessing of the procedure text. Experiment 3 used preprocessing of the combined procedure text and preoperative diagnoses. The NMT-based model was compared with the support vector machine (SVM) and long short-term memory (LSTM) models.</p>
                </sec>
                                <sec>
                    <title>RESULTS</title>
                        <p>The NMT model yielded the highest top-1 accuracy in experiments 1 and 2 at 81.64% and 81.71% compared with the SVM model (81.19% and 81.27%, respectively) and the LSTM model (80.96% and 81.07%, respectively). The SVM model yielded the highest top-1 accuracy of 84.30% in experiment 3, followed by the LSTM model (83.70%) and the NMT model (82.80%). In experiment 3, the addition of preoperative diagnoses showed 3.7%, 3.2%, and 1.3% increases in the SVM, LSTM, and NMT models in top-1 accuracy over those in experiment 2, respectively. For top-3 accuracy, the SVM, LSTM, and NMT models achieved 95.64%, 95.72%, and 95.60% for experiment 1, 95.75%, 95.67%, and 95.69% for experiment 2, and 95.88%, 95.93%, and 95.06% for experiment 3, respectively.</p>
                </sec>
                                <sec>
                    <title>CONCLUSIONS</title>
                        <p>This study demonstrates the feasibility of creating an automated anesthesiology CPT classification system based on NMT techniques using surgical procedure text and preoperative diagnosis. Our results show that the performance of the NMT-based CPT prediction system is equivalent to that of the SVM and LSTM prediction models. Importantly, we found that including preoperative diagnoses improved the accuracy of using the procedure text alone.</p>
                </sec>
                                <sec>
                    <title>CLINICALTRIAL</title>
                        <p/>
                </sec>"
TEXT-03,text_measurement_error,crossref,Automated fingerprint pattern classification error analysis,Wicheng Shen,1997,Lecture Notes in Computer Science,10.1007/3-540-63930-6_100,https://doi.org/10.1007/3-540-63930-6_100,book-chapter,
TEXT-03,text_measurement_error,crossref,Text Classification,,2017,Text Mining: A Guidebook for the Social Sciences,10.4135/9781483399782.n11,https://doi.org/10.4135/9781483399782.n11,book-chapter,
TEXT-03,text_measurement_error,crossref,Automated Text Binary Classification Using Machine Learning Approach,Alberto Holts; Claudio Riquelme; Rodrigo Alfaro,2010,2010 XXIX International Conference of the Chilean Computer Science Society,10.1109/sccc.2010.30,https://doi.org/10.1109/sccc.2010.30,proceedings-article,
TEXT-03,text_measurement_error,crossref,Automated Text Analysis,Panagis Yannis,2021,Research Methods in the Social Sciences: An A-Z of key concepts,10.1093/hepl/9780198850298.003.0002,https://doi.org/10.1093/hepl/9780198850298.003.0002,book-chapter,"<p>This chapter examines automated text analysis (ATA), which describes the different methodologies that can be applied in order to perform text analysis with the use of computer software. ATA is a computer-assisted method for analysing text, whenever the analysis would be prohibitively labour-intensive due to the volume of texts to be analysed. ATA methods have become more popular due to current interest in big data, taking into account the volume of textual content that is made easily accessible by the digitization of human activity. Key to ATA is the notion of <italic>corpus</italic>, which is a collection of texts. A necessary step before starting any analysis is to collect together the necessary documents and construct the corpora that will be used. Which texts need to be included in this step is dictated by the research question. After text collection, some processing steps need to be taken before the analysis starts, for example tokenization and part-of-speech tagging. Tokenization is the process of splitting a text into its constituent words, also called tokens, whereas part-of-speech tagging assigns each word a label that indicates the respective part-of-speech.</p>"
TEXT-03,text_measurement_error,crossref,"Application of Naïve Bayes, Decision Tree, and K-Nearest Neighbors for Automated Text Classification",Jafar Ababneh,2019,Modern Applied Science,10.5539/mas.v13n11p31,https://doi.org/10.5539/mas.v13n11p31,journal-article,"<jats:p>Nowadays, many applications that use large data have been developed due to the existence of the Internet of Things. These applications are translated into different languages and require automated text classification (ATC). The ATC process depends on the content of one or more predefined classes. However, this process is problematic for the Arabic translation of the data. This study aims to solve this issue by investigating the performances of three classification algorithms, namely, k-nearest neighbor (KNN), decision tree (DT), and na&amp;iuml;ve Bayes (NB) classifiers, on Saudi Press Agency datasets. Results showed that the NB algorithm outperformed DT and KNN algorithms in terms of precision, recall, and F1. In future works, a new algorithm that can improve the handling of the ATC problem will be developed.</jats:p>"
TEXT-03,text_measurement_error,crossref,Linear Models for Classification and Regression,Charu C. Aggarwal,2022,Machine Learning for Text,10.1007/978-3-030-96623-2_6,https://doi.org/10.1007/978-3-030-96623-2_6,book-chapter,
TEXT-03,text_measurement_error,crossref,The Effect of Nonresponse and Measurement Error on Wage Regression across Survey Modes,Antje Kirchner; Barbara Felderer,2017,Total Survey Error in Practice,10.1002/9781119041702.ch24,https://doi.org/10.1002/9781119041702.ch24,other,
TEXT-03,text_measurement_error,crossref,Multidimensional Text Warehousing for Automated Text Classification,Jiyun Kim; Han-joon Kim,2018,Journal of Information Technology Research,10.4018/jitr.2018040110,https://doi.org/10.4018/jitr.2018040110,journal-article,"<jats:p>This article describes how, in the era of big data, a data warehouse is an integrated multidimensional database that provides the basis for the decision making required to establish crucial business strategies. Efficient, effective analysis requires a data organization system that integrates and manages data of various dimensions. However, conventional data warehousing techniques do not consider the various data manipulation operations required for data-mining activities. With the current explosion of text data, much research has examined text (or document) repositories to support text mining and document retrieval. Therefore, this article presents a method of developing a text warehouse that provides a machine-learning-based text classification service. The document is represented as a term-by-concept matrix using a 3rd-order tensor-based textual representation model, which emphasizes the meaning of words occurring in the document. As a result, the proposed text warehouse makes it possible to develop a semantic Naïve Bayes text classifier only by executing appropriate SQL statements.</jats:p>"
TEXT-03,text_measurement_error,crossref,"Unveiling Local Error Patterns in Regression and Classification: A Comparative Analysis of BART, CART, Random Forests, and Neural Networks.",Lee Mabhena,,,10.36934/tr2025_161,https://doi.org/10.36934/tr2025_161,dissertation,
TEXT-03,text_measurement_error,crossref,Error Classification And Methods Of Their Correction,Vasila Babaeva,2020,The American Journal of Social Science and Education Innovations,10.37547/tajssei/volume02issue08-76,https://doi.org/10.37547/tajssei/volume02issue08-76,journal-article,
TEXT-03,text_measurement_error,crossref,Automated classification of demographics from face images: A tutorial and validation,Bastian Jaeger; Willem W. A. Sleegers; Anthony M. Evans,2020,Social and Personality Psychology Compass,10.1111/spc3.12520,https://doi.org/10.1111/spc3.12520,journal-article,"<jats:title>Abstract</jats:title>
                  <jats:p>
                    Examining disparities in social outcomes as a function of gender, age, or race has a long tradition in psychology and other social sciences. With an increasing availability of large naturalistic data sets, researchers are afforded the opportunity to study the effects of demographic characteristics with real‐world data and high statistical power. However, since traditional studies rely on human raters to asses demographic characteristics, limits in participant pools can hinder researchers from analyzing large data sets. Automated procedures offer a new solution to the classification of face images. Here, we present a tutorial on how to use two face classification algorithms, Face++ and Kairos. We also test and compare their accuracy under varying conditions and provide practical recommendations for their use. Drawing on two face databases (
                    <jats:italic>n</jats:italic>
                    = 2,805 images), we find that classification accuracy is (a) relatively high, with Kairos generally outperforming Face++ (b) similar for standardized and more variable images, and (c) dependent on target demographics. For example, accuracy was lower for Hispanic and Asian (vs. Black and White) targets. In sum, we propose that automated face classification can be a useful tool for researchers interested in studying the effects of demographic characteristics in large naturalistic data sets.
                  </jats:p>"
TEXT-03,text_measurement_error,crossref,Semi-automated text classification,Giacomo Berardi,2014,ACM SIGIR Forum,10.1145/2641383.2641392,https://doi.org/10.1145/2641383.2641392,journal-article,"<jats:p>There is currently a high demand for information systems that automatically analyze textual data, since many organizations, both private and public, need to process large amounts of such data as part of their daily routine, an activity that cannot be performed by means of human work only. One of the answers to this need is text classification (TC), the task of automatically labelling textual documents from a domain D with thematic categories from a predefined set C. Modern text classification systems have reached high efficiency standards, but cannot always guarantee the labelling accuracy that applications demand. When the level of accuracy that can be obtained is insufficient, one may revert to processes in which classification is performed via a combination of automated activity and human effort.</jats:p>
          <jats:p>One such process is semi-automated text classification (SATC), which we define as the task of ranking a set D of automatically labelled textual documents in such a way that, if a human annotator validates (i.e., inspects and corrects where appropriate) the documents in a top-ranked portion of D with the goal of increasing the overall labelling accuracy of D, the expected such increase is maximized. An obvious strategy is to rank D so that the documents that the classifier has labelled with the lowest confidence are top-ranked. In this dissertation we show that this strategy is suboptimal. We develop new utility-theoretic ranking methods based on the notion of validation gain, defined as the improvement in classification efectiveness that would derive by validating a given automatically labelled document. We also propose new effectiveness measures for SATC-oriented ranking methods, based on the expected reduction in classification error brought about by partially validating a ranked list generated by a given ranking method. We report the results of experiments showing that, with respect to the baseline method above, and according to the proposed measures, our utility-theoretic ranking methods can achieve substantially higher expected reductions in classification error. We therefore explore the task of SATC and the potential of our methods, in multiple text classification contexts.</jats:p>
          <jats:p>This dissertation is, to the best of our knowledge, the first to systematically address the task of semi-automated text classification.</jats:p>"
TEXT-03,text_measurement_error,crossref,Search-Based Propagation of Regression Faults in Automated Regression Testing,Sina Shamshiri; Gordon Fraser; Phil Mcminn; Alessandro Orso,2013,"2013 IEEE Sixth International Conference on Software Testing, Verification and Validation Workshops",10.1109/icstw.2013.51,https://doi.org/10.1109/icstw.2013.51,proceedings-article,
TEXT-03,text_measurement_error,crossref,The Potential of Automated Text Analytics in Social Knowledge Building,Renáta Németh; Júlia Koltai,2021,Computational Social Sciences,10.1007/978-3-030-54936-7_3,https://doi.org/10.1007/978-3-030-54936-7_3,book-chapter,"<jats:title>Abstract</jats:title><jats:p>There are still many sociologists who are skeptical of the findings of big data-based analysis of social-data, questioning the potential of this knowledge production and its contribution to the scientific discourse of sociology.</jats:p><jats:p>The chapter shows that this tension can be addressed through the redefinition of the research methodological basis of sociology, by the organic incorporation of data science know-how into its methods; the combined application of qualitative and quantitative analysis; and, the use of knowledge-driven science instead of the data-driven approach.</jats:p><jats:p>The theoretical, methodological, and topical pathways between traditional and computational sociology emerge gradually along the chapter, which also includes plenty of illustrative examples of research situated at the interplay between sociology and data science. As our overview shows, there are new possibilities for sociological research, which are, in some sense, just by-products of information science. We introduce recently developed methods, which can be applied to specific sociological problems outside the scope of business applications. We present sociological topics not yet studied in this area and show new insights the approach can offer to classical sociological questions. As our aim is to encourage sociologists to enter this field, we discuss the new methods on the base of the classic quantitative approach, using its concepts and terminology and addressing the question of how traditionally trained sociologists can acquire new skills.</jats:p>"
TEXT-03,text_measurement_error,crossref,Error Analysis of Dialogue Act Classification,Nick Webb; Mark Hepple; Yorick Wilks,2005,Lecture Notes in Computer Science,10.1007/11551874_58,https://doi.org/10.1007/11551874_58,book-chapter,
TEXT-03,text_measurement_error,crossref,A Simple Probability Based Term Weighting Scheme for Automated Text Classification,Ying Liu; Han Tong Loh,,Lecture Notes in Computer Science,10.1007/978-3-540-73325-6_4,https://doi.org/10.1007/978-3-540-73325-6_4,book-chapter,
TEXT-03,text_measurement_error,crossref,Neural Machine Translation–Based Automated Current Procedural Terminology Classification System Using Procedure Text: Development and Validation Study,Hyeon Joo; Michael Burns; Sai Saradha Kalidaikurichi Lakshmanan; Yaokun Hu; V G Vinod Vydiswaran,2021,JMIR Formative Research,10.2196/22461,https://doi.org/10.2196/22461,journal-article,"<jats:sec>
                    <jats:title>Background</jats:title>
                    <jats:p>Administrative costs for billing and insurance-related activities in the United States are substantial. One critical cause of the high overhead of administrative costs is medical billing errors. With advanced deep learning techniques, developing advanced models to predict hospital and professional billing codes has become feasible. These models can be used for administrative cost reduction and billing process improvements.</jats:p>
                  </jats:sec>
                  <jats:sec>
                    <jats:title>Objective</jats:title>
                    <jats:p>In this study, we aim to develop an automated anesthesiology current procedural terminology (CPT) prediction system that translates manually entered surgical procedure text into standard forms using neural machine translation (NMT) techniques. The standard forms are calculated using similarity scores to predict the most appropriate CPT codes. Although this system aims to enhance medical billing coding accuracy to reduce administrative costs, we compare its performance with that of previously developed machine learning algorithms.</jats:p>
                  </jats:sec>
                  <jats:sec>
                    <jats:title>Methods</jats:title>
                    <jats:p>We collected and analyzed all operative procedures performed at Michigan Medicine between January 2017 and June 2019 (2.5 years). The first 2 years of data were used to train and validate the existing models and compare the results from the NMT-based model. Data from 2019 (6-month follow-up period) were then used to measure the accuracy of the CPT code prediction. Three experimental settings were designed with different data types to evaluate the models. Experiment 1 used the surgical procedure text entered manually in the electronic health record. Experiment 2 used preprocessing of the procedure text. Experiment 3 used preprocessing of the combined procedure text and preoperative diagnoses. The NMT-based model was compared with the support vector machine (SVM) and long short-term memory (LSTM) models.</jats:p>
                  </jats:sec>
                  <jats:sec>
                    <jats:title>Results</jats:title>
                    <jats:p>The NMT model yielded the highest top-1 accuracy in experiments 1 and 2 at 81.64% and 81.71% compared with the SVM model (81.19% and 81.27%, respectively) and the LSTM model (80.96% and 81.07%, respectively). The SVM model yielded the highest top-1 accuracy of 84.30% in experiment 3, followed by the LSTM model (83.70%) and the NMT model (82.80%). In experiment 3, the addition of preoperative diagnoses showed 3.7%, 3.2%, and 1.3% increases in the SVM, LSTM, and NMT models in top-1 accuracy over those in experiment 2, respectively. For top-3 accuracy, the SVM, LSTM, and NMT models achieved 95.64%, 95.72%, and 95.60% for experiment 1, 95.75%, 95.67%, and 95.69% for experiment 2, and 95.88%, 95.93%, and 95.06% for experiment 3, respectively.</jats:p>
                  </jats:sec>
                  <jats:sec>
                    <jats:title>Conclusions</jats:title>
                    <jats:p>This study demonstrates the feasibility of creating an automated anesthesiology CPT classification system based on NMT techniques using surgical procedure text and preoperative diagnosis. Our results show that the performance of the NMT-based CPT prediction system is equivalent to that of the SVM and LSTM prediction models. Importantly, we found that including preoperative diagnoses improved the accuracy of using the procedure text alone.</jats:p>
                  </jats:sec>"
TEXT-03,text_measurement_error,crossref,Automated Smoothing Techniques,,2007,Semiparametric Regression for the Social Sciences,10.1002/9780470998137.ch4,https://doi.org/10.1002/9780470998137.ch4,other,
TEXT-03,text_measurement_error,crossref,Automated Behavioral Regression Testing,Wei Jin; Alessandro Orso; Tao Xie,2010,"2010 Third International Conference on Software Testing, Verification and Validation",10.1109/icst.2010.64,https://doi.org/10.1109/icst.2010.64,proceedings-article,
TEXT-03,text_measurement_error,crossref,Improving Text Classification: Logistic Regression Makes Small LLMs Strong and Explainable 'Tens-of-Shot' Classifiers,Marcus Buckmann; Ed Hill,2025,,10.2139/ssrn.5303840,https://doi.org/10.2139/ssrn.5303840,posted-content,"<jats:p>Text classification tasks such as sentiment analysis are common in economics and finance. We demonstrate that smaller, local generative language models can be effectively used for these tasks. Compared to large commercial models, they offer key advantages in privacy, availability, cost, and explainability. We use 17 sentence classification tasks (each with 2 to 4 classes) to show that penalised logistic regression on embeddings from a small language model often matches or exceeds the performance of a large model, even when trained on just dozens of labelled examples per class – the same amount typically needed to validate a large model’s performance. Moreover, this embedding-based approach yields stable and interpretable explanations for classification decisions.</jats:p>"
TEXT-03,text_measurement_error,crossref,Individualized Error Estimation for Classification and Regression Models,Krisztian Buza; Alexandros Nanopoulos; Lars Schmidt-Thieme,2012,"Studies in Classification, Data Analysis, and Knowledge Organization",10.1007/978-3-642-24466-7_19,https://doi.org/10.1007/978-3-642-24466-7_19,book-chapter,
TEXT-03,text_measurement_error,crossref,Explainable AI for Automated Student Feedback: A Comparative Study of LIME and SHAP on Text Classification,Bhavya Gupta,2025,,10.35542/osf.io/j6wc3_v1,https://doi.org/10.35542/osf.io/j6wc3_v1,posted-content,"<p>This preprint evaluates two widely used explanation methods, LIME and SHAP, for a binary text-classification task on student feedback. A TF‑IDF + logistic regression baseline is trained to predict whether feedback is positive or negative, and both methods are applied to generate local and global explanations. The key empirical finding is that LIME and SHAP often select different top tokens for individual predictions (near‑zero token‑level overlap), yet their explanations consistently converge on the same underlying themes (e.g., clarity/organization vs. pace/coverage). This suggests that exact feature agreement is not necessary for useful interpretability in high‑dimensional sparse text, and that combining methods provides a more trustworthy view of model behavior for educators. The paper reports quantitative comparisons, robustness checks across k, and error analyses, and offers practical guidance for deploying explainable AI in education settings.</p>"
TEXT-03,text_measurement_error,crossref,Comparison of Error Rate Prediction Methods in Classification Modeling with Classification and Regression Tree (CART) Methods for Balanced Data,Fitria Panca Ramadhani; Dodi Vionanda; Syafriandi Syafriandi; Admi Salma,2023,UNP Journal of Statistics and Data Science,10.24036/ujsds/vol1-iss4/73,https://doi.org/10.24036/ujsds/vol1-iss4/73,journal-article,"<jats:p>CART (Classification and Regression Tree) is one of the classification algorithms in the decision tree method. The model formed in CART is a tree consisting of root nodes, internal nodes, and terminal nodes. After the model is formed, it is necessary to calculate the accuracy of the model. The aims is to see the performance of the model. The accuracy of this model can be done by calculating the predicted error rate in the model. The error rate prediction method works by dividing the data into training data and testing data. There are three methods in the error rate prediction method, such as Leave One Out Cross Validation (LOOCV), Hold Out (HO), and K-Fold Cross Validation. These methods have different performance in dividing data into training data and testing data, so there are advantages and disadvantages to each method. Therefore, a comparison was made for the three error rate prediction methods with the aim of determining the appropriate method for the CART algorithm. This comparison was made by considering several factors, for instance variations in the mean, number of variables, and correlations in normal distributed random data. The results of the comparison will be observed using a boxplot by looking at the median error rate and the lowest variance. The results of this study indicate that the K-Fold Cross Validation has the median error rate and the lowest variance, so the most suitable error prediction method used for the CART method is the K-Fold Cross Validation method.</jats:p>"
TEXT-03,text_measurement_error,crossref,Identifying High-Quality Principal Evaluation Feedback Using Automated Text Classification,Karin Gegenheimer,2024,Proceedings of the 2024 AERA Annual Meeting,10.3102/2102719,https://doi.org/10.3102/2102719,proceedings-article,
TEXT-03,text_measurement_error,crossref,What Motivates the Justices: Utilizing Automated Text Classification to Determine Supreme Court Justices' Preferences,Adam Feldman; Elli Menounou,2015,,10.2139/ssrn.2575211,https://doi.org/10.2139/ssrn.2575211,posted-content,"<jats:p>Works examining Supreme Court judicial behavior take the justices' votes on the merits as the typical outcome variable.  In this paper we develop and test a new method of automated text classification that makes use of multiple features to generate more accurate predictions. We use a support vector machine (SVM) learning algorithm to create preference models for individual justices.  With a dataset covering five justices over seventeen terms, we show that with text classification, we can focus on inputs to judicial decision-making such as litigants' briefs which allow for a new means of assessing judicial attitudes.  In particular, we show that text classification's ability to locate salient language allows us to better understand the justices' preferences than through traditional ideological explanations.  The models in this paper achieve near 80% predictive accuracy of the justices' votes.</jats:p>"
TEXT-03,text_measurement_error,crossref,Improving Aebs Validation Through Objective Intervention Classification Leveraging the Prediction Divergence Principle,Daniel Betschinske; Steven Peters,2025,2025 IEEE International Automated Vehicle Validation Conference (IAVVC),10.1109/iavvc61942.2025.11219634,https://doi.org/10.1109/iavvc61942.2025.11219634,proceedings-article,
TEXT-03,text_measurement_error,crossref,Leveraging Automated Machine Learning for Text Classification: Evaluation of AutoML Tools and Comparison with Human Performance,Matthias Blohm; Marc Hanussek; Maximilien Kintz,2021,Proceedings of the 13th International Conference on Agents and Artificial Intelligence,10.5220/0010331411311136,https://doi.org/10.5220/0010331411311136,proceedings-article,
TEXT-03,text_measurement_error,crossref,Additive Feature Attribution Explainable Methods to Craft Adversarial Attacks for Text Classification and Text Regression,Yidong Chai; Ruicheng Liang; Sagar Samtani; Hongyi Zhu; Meng Wang; Yezheng Liu; Yuanchun Jiang,2022,,10.36227/techrxiv.17185568,https://doi.org/10.36227/techrxiv.17185568,posted-content,"<jats:p>&lt;p&gt; Deep learning (DL) models have significantly improved the performance of text classification and text regression tasks. However, DL models are often strikingly vulnerable to adversarial attacks. Many researchers have aimed to develop adversarial attacks against DL models in realistic black-box settings (i.e., assumes no model knowledge is accessible to attackers) that typically operate with a two-phase framework: (1) sensitivity estimation through gradient-based or deletion-based methods to evaluate the sensitivity of each token to the prediction of the target model, and (2) perturbation execution to craft adversarial examples based on the estimated token sensitivity. However, gradient-based and deletion-based methods used to estimate sensitivity often face issues of capturing the directionality of tokens and overlapping token sensitivities, respectively. In this study, we propose a novel eXplanation-based method for Adversarial Text Attacks (XATA) that leverages additive feature attribution explainable methods, namely LIME or SHAP, to measure the sensitivity of input tokens when crafting black-box adversarial attacks on DL models performing text classification or text regression. We evaluated XATA’s attack performance on DL models executing text classification on three datasets (IMDB Movie Review, Yelp Reviews-Polarity, and Amazon Reviews-Polarity) and DL models conducting text regression on three datasets (My Personality, Drug Review, and CommonLit Readability). The proposed XATA outperformed the existing gradient-based and deletion-based adversarial attack baselines in both tasks. These findings indicate that the ever-growing research focused on improving the explainability of DL models with additive feature attribution explainable methods can provide attackers with weapons to launch targeted adversarial attacks. &lt;/p&gt;</jats:p>"
TEXT-03,text_measurement_error,crossref,Additive Feature Attribution Explainable Methods to Craft Adversarial Attacks for Text Classification and Text Regression,Yidong Chai; Ruicheng Liang; Hongyi Zhu; Sagar Samtani; Meng Wang; Yezheng Liu; Yuanchun Jiang,2022,,10.36227/techrxiv.17185568.v2,https://doi.org/10.36227/techrxiv.17185568.v2,posted-content,"<jats:p>Deep learning (DL) models have significantly improved the performance
of text classification and text regression tasks. However, DL models are
often strikingly vulnerable to adversarial attacks. Many researchers
have aimed to develop adversarial attacks against DL models in realistic
black-box settings (i.e., assumes no model knowledge is accessible to
attackers) that typically operate with a two-phase framework: (1)
sensitivity estimation through gradient-based or deletion-based methods
to evaluate the sensitivity of each token to the prediction of the
target model, and (2) perturbation execution to craft adversarial
examples based on the estimated token sensitivity. However,
gradient-based and deletion-based methods used to estimate sensitivity
often face issues of capturing the directionality of tokens and
overlapping token sensitivities, respectively. In this study, we propose
a novel eXplanation-based method for Adversarial Text Attacks (XATA)
that leverages additive feature attribution explainable methods, namely
LIME or SHAP, to measure the sensitivity of input tokens when crafting
black-box adversarial attacks on DL models performing text
classification or text regression. We evaluated XATA’s attack
performance on DL models executing text classification on three datasets
(IMDB Movie Review, Yelp Reviews-Polarity, and Amazon Reviews-Polarity)
and DL models conducting text regression on three datasets (My
Personality, Drug Review, and CommonLit Readability). The proposed XATA
outperformed the existing gradient-based and deletion-based adversarial
attack baselines in both tasks. These findings indicate that the
ever-growing research focused on improving the explainability of DL
models with additive feature attribution explainable methods can provide
attackers with weapons to launch targeted adversarial attacks.</jats:p>"
TEXT-03,text_measurement_error,crossref,Validation of fuzzy logic method for automated mass spectral classification for mineral imaging,B. Yan; T.R. McJunkin; D.L. Stoner; J.R. Scott,2006,Applied Surface Science,10.1016/j.apsusc.2006.03.093,https://doi.org/10.1016/j.apsusc.2006.03.093,journal-article,
TEXT-03,text_measurement_error,crossref,Generalizable and Automated Classification of TNM Stage from Pathology Reports with External Validation,Jenna Kefeli; Nicholas Tatonetti,2023,,10.1101/2023.06.26.23291912,https://doi.org/10.1101/2023.06.26.23291912,posted-content,"<jats:title>Abstract</jats:title>
                <jats:p>Cancer staging is an essential clinical attribute informing patient prognosis and clinical trial eligibility. However, it is not routinely recorded in structured electronic health records. Here, we present a generalizable method for the automated classification of TNM stage directly from pathology report text. We train a BERT-based model using publicly available pathology reports across approximately 7,000 patients and 23 cancer types. We explore the use of different model types, with differing input sizes, parameters, and model architectures. Our final model goes beyond term-extraction, inferring TNM stage from context when it is not included in the report text explicitly. As external validation, we test our model on almost 8,000 pathology reports from Columbia University Medical Center, finding that our trained model achieved an AU-ROC of 0.815-0.942. This suggests that our model can be applied broadly to other institutions without additional institution-specific fine-tuning.</jats:p>"
TEXT-03,text_measurement_error,crossref,Automated content based short text classification for filtering undesired posts on Facebook,Aboli S. Vairagade; Rupa A. Fadnavis,2016,2016 World Conference on Futuristic Trends in Research and Innovation for Social Welfare (Startup Conclave),10.1109/startup.2016.7583984,https://doi.org/10.1109/startup.2016.7583984,proceedings-article,
TEXT-03,text_measurement_error,crossref,"PLS Typological Regression: Algorithmic, Classification and Validation Issues",Vincenzo Esposito Vinzi; Carlo N. Lauro; Silvano Amato,,"Studies in Classification, Data Analysis, and Knowledge Organization",10.1007/3-540-27373-5_16,https://doi.org/10.1007/3-540-27373-5_16,book-chapter,
TEXT-03,text_measurement_error,crossref,Mean and covariance adaptation based on minimum classification error linear regression for continuous density HMMs,Haibin Liu; Zhenyang Wu,2004,Interspeech 2004,10.21437/interspeech.2004-26,https://doi.org/10.21437/interspeech.2004-26,proceedings-article,
TEXT-03,text_measurement_error,crossref,Implementing Text Classification Using Perceptron and Logistic Regression,,2024,Deep Learning for Natural Language Processing,10.1017/9781009026222.005,https://doi.org/10.1017/9781009026222.005,book-chapter,
TEXT-03,text_measurement_error,crossref,Using IR Techniques to Improve Automated Text Classification,Teresa Gonçalves; Paulo Quaresma,2004,Lecture Notes in Computer Science,10.1007/978-3-540-27779-8_34,https://doi.org/10.1007/978-3-540-27779-8_34,book-chapter,
TEXT-03,text_measurement_error,openalex,VADER: A Parsimonious Rule-Based Model for Sentiment Analysis of Social Media Text,Cecelia Hutto; Éric Gilbert,2014,Proceedings of the International AAAI Conference on Web and Social Media,10.1609/icwsm.v8i1.14550,https://doi.org/10.1609/icwsm.v8i1.14550,conference-paper,
TEXT-03,text_measurement_error,openalex,Text as Data: The Promise and Pitfalls of Automatic Content Analysis Methods for Political Texts,Justin Grimmer; Brandon Stewart,2013,Political Analysis,10.1093/pan/mps028,https://doi.org/10.1093/pan/mps028,article,
TEXT-03,text_measurement_error,openalex,Automated Machine Learning,Frank Hutter; Lars Kotthoff; Joaquin Vanschoren,2019,The Springer series on challenges in machine learning,10.1007/978-3-030-05318-5,https://doi.org/10.1007/978-3-030-05318-5,book,
TEXT-03,text_measurement_error,openalex,"A comprehensive survey on support vector machine classification: Applications, challenges and trends",Jair Cervantes; Farid García‐Lamont; Lisbeth Rodríguez-Mazahua; Asdrúbal López‐Chau,2020,Neurocomputing,10.1016/j.neucom.2019.10.118,https://doi.org/10.1016/j.neucom.2019.10.118,article,
TEXT-03,text_measurement_error,openalex,RCV1: A New Benchmark Collection for Text Categorization Research,David Lewis; Yiming Yang; Tony Rose; Fan Li,2004,Goldsmiths (University of London),10.5555/1005332.1005345,https://research.gold.ac.uk/id/eprint/29758/1/lewis04a.pdf,article,
TEXT-03,text_measurement_error,openalex,Classification Based on Decision Tree Algorithm for Machine Learning,Bahzad Charbuty; Adnan Mohsin Abdulazeez,2021,Journal of Applied Science and Technology Trends,10.38094/jastt20165,https://doi.org/10.38094/jastt20165,article,
TEXT-03,text_measurement_error,openalex,Effective techniques in healthy eating and physical activity interventions: A meta-regression.,Susan Michie; Charles Abraham; Craig Whittington; John McAteer; Sunjai Gupta,2009,Health Psychology,10.1037/a0016136,https://doi.org/10.1037/a0016136,article,
TEXT-03,text_measurement_error,openalex,A weakly informative default prior distribution for logistic and other regression models,Andrew Gelman; Aleks Jakulin; Maria Grazia Pittau; Yu-Sung Su,2008,The Annals of Applied Statistics,10.1214/08-aoas191,https://doi.org/10.1214/08-aoas191,article,
TEXT-03,text_measurement_error,openalex,Predicting Depression via Social Media,Munmun De Choudhury; Michael Gamon; Scott Counts; Eric Horvitz,2021,Proceedings of the International AAAI Conference on Web and Social Media,10.1609/icwsm.v7i1.14432,https://doi.org/10.1609/icwsm.v7i1.14432,conference-paper,
TEXT-03,text_measurement_error,openalex,Nature-Inspired-Based Approach for Automated Cyberbullying Classification on Multimedia Social Networking,N. Yuvaraj; K. Srihari; Gaurav Dhiman; K. Somasundaram; Ashutosh Sharma; S. Rajeskannan; Mukesh Soni; Gurjot Singh Gaba; Mohammed A. AlZain; Mehedi Masud,2021,Mathematical Problems in Engineering,10.1155/2021/6644652,https://doi.org/10.1155/2021/6644652,article,
TEXT-03,text_measurement_error,openalex,"A review of uncertainty quantification in deep learning: Techniques, applications and challenges",Moloud Abdar; Farhad Pourpanah; Sadiq Hussain; Dana Rezazadegan; Li Liu; Mohammad Ghavamzadeh; Paul Fieguth; Xiaochun Cao; Abbas Khosravi; U. Rajendra Acharya; Vladimir Makarenkov; Saeid Nahavandi,2021,Information Fusion,10.1016/j.inffus.2021.05.008,https://doi.org/10.1016/j.inffus.2021.05.008,article,
TEXT-03,text_measurement_error,openalex,Automated machine learning: Review of the state-of-the-art and opportunities for healthcare,Jonathan Waring; Charlotta Lindvall; Renato Umeton,2020,Artificial Intelligence in Medicine,10.1016/j.artmed.2020.101822,https://doi.org/10.1016/j.artmed.2020.101822,article,
TEXT-03,text_measurement_error,openalex,Can Large Language Models Transform Computational Social Science?,Caleb Ziems; William A. Held; Omar Ahmed Shaikh; Jiaao Chen; Zhehao Zhang; Diyi Yang,2023,Computational Linguistics,10.1162/coli_a_00502,https://doi.org/10.1162/coli_a_00502,article,
TEXT-03,text_measurement_error,openalex,"A review of automated feedback systems for learners: Classification framework, challenges and opportunities",Galina Deeva; Daria Bogdanova; Estefanía Serral; Monique Snoeck; Jochen De Weerdt,2020,Computers & Education,10.1016/j.compedu.2020.104094,https://doi.org/10.1016/j.compedu.2020.104094,article,
TEXT-03,text_measurement_error,openalex,A review on sentiment analysis and emotion detection from text,Pansy Nandwani; Rupali Verma,2021,Social Network Analysis and Mining,10.1007/s13278-021-00776-6,https://doi.org/10.1007/s13278-021-00776-6,article,
TEXT-03,text_measurement_error,openalex,Adapting Feature Selection Algorithms for the Classification of Chinese Texts,Xuan Liu; Shuang Wang; Siyu Lu; Zhengtong Yin; Xiaolu Li; Lirong Yin; Jiawei Tian; Wenfeng Zheng,2023,Systems,10.3390/systems11090483,https://doi.org/10.3390/systems11090483,article,
TEXT-03,text_measurement_error,openalex,A recent overview of the state-of-the-art elements of text classification,Marcin Mirończuk; Jarosław Protasiewicz,2018,Expert Systems with Applications,10.1016/j.eswa.2018.03.058,https://doi.org/10.1016/j.eswa.2018.03.058,article,
TEXT-03,text_measurement_error,openalex,Recent advances and applications of deep learning methods in materials science,Kamal Choudhary; Brian DeCost; Chi Chen; Anubhav Jain; Francesca Tavazza; Ryan Cohn; Cheol Woo Park; Alok Choudhary; Ankit Agrawal; Simon J. L. Billinge; Elizabeth A. Holm; Shyue Ping Ong; Chris Wolverton,2022,npj Computational Materials,10.1038/s41524-022-00734-6,https://doi.org/10.1038/s41524-022-00734-6,article,
TEXT-03,text_measurement_error,openalex,Selecting critical features for data classification based on machine learning methods,Rung-Ching Chen; Christine Dewi; Su-Wen Huang; Rezzy Eko Caraka,2020,Journal Of Big Data,10.1186/s40537-020-00327-4,https://doi.org/10.1186/s40537-020-00327-4,article,
TEXT-03,text_measurement_error,openalex,A text classification framework for simple and effective early depression detection over social media streams,Sergio Burdisso; Marcelo Luis Errecalde; Manuel Montes-y-Gómez,2019,Expert Systems with Applications,10.1016/j.eswa.2019.05.023,https://doi.org/10.1016/j.eswa.2019.05.023,article,
TEXT-03,text_measurement_error,openalex,The influence of preprocessing on text classification using a bag-of-words representation,Yaakov HaCohen‐Kerner; Daniel Miller; Yair Yigal,2020,PLoS ONE,10.1371/journal.pone.0232525,https://doi.org/10.1371/journal.pone.0232525,article,
TEXT-03,text_measurement_error,openalex,A Survey of Outlier Detection Methodologies,Joanna Hodge; Jim Austin,2004,Artificial Intelligence Review,10.1023/b:aire.0000045502.10941.a9,https://doi.org/10.1023/b:aire.0000045502.10941.a9,article,
TEXT-03,text_measurement_error,openalex,Scaling Policy Preferences from Coded Political Texts,Will Lowe; Kenneth Benoit; Slava Mikhaylov; Michael Laver,2011,Legislative Studies Quarterly,10.1111/j.1939-9162.2010.00006.x,https://doi.org/10.1111/j.1939-9162.2010.00006.x,article,
TEXT-03,text_measurement_error,openalex,Automated assessment of psychiatric disorders using speech: A systematic review,Daniel M. Low; Kate H. Bentley; Satrajit Ghosh,2020,Laryngoscope Investigative Otolaryngology,10.1002/lio2.354,https://doi.org/10.1002/lio2.354,review,
TEXT-03,text_measurement_error,openalex,An automated essay scoring systems: a systematic literature review,Dadi Ramesh; Suresh Kumar Sanampudi,2021,Artificial Intelligence Review,10.1007/s10462-021-10068-2,https://doi.org/10.1007/s10462-021-10068-2,review,
TEXT-03,text_measurement_error,openalex,A survey of methods for explaining black box models,Riccardo Guidotti; Anna Monreale; Salvatore Ruggieri; Franco Turini; Fosca Giannotti; Dino Pedreschi,2019,ISTI Open Portal,10.1145/3236009,https://openportal.isti.cnr.it/doc?id=people______::59c23a947c3ae79b5c331dedba7a295e,article,
TEXT-03,text_measurement_error,openalex,Systematic review of research on artificial intelligence applications in higher education – where are the educators?,Olaf Zawacki‐Richter; Victoria I. Marín; Melissa Bond; Franziska Gouverneur,2019,International Journal of Educational Technology in Higher Education,10.1186/s41239-019-0171-0,https://doi.org/10.1186/s41239-019-0171-0,review,
TEXT-03,text_measurement_error,openalex,Impact of SMOTE on Imbalanced Text Features for Toxic Comments Classification Using RVVC Model,Vaibhav Rupapara; Furqan Rustam; Hina Fatima Shahzad; Arif Mehmood; Imran Ashraf; Gyu Sang Choi,2021,IEEE Access,10.1109/access.2021.3083638,https://doi.org/10.1109/access.2021.3083638,article,
TEXT-03,text_measurement_error,openalex,Ordinal Regression Methods: Survey and Experimental Study,Pedro Antonio Gutiérrez; María Pérez‐Ortiz; Javier Sánchez‐Monedero; Francisco Fernández‐Navarro; César Hervás‐Martínez,2015,IEEE Transactions on Knowledge and Data Engineering,10.1109/tkde.2015.2457911,https://doi.org/10.1109/tkde.2015.2457911,article,
TEXT-03,text_measurement_error,openalex,Survey on Scenario-Based Safety Assessment of Automated Vehicles,Stefan Riedmaier; Thomas Ponn; Dieter Ludwig; Bernhard Schick; Frank Diermeyer,2020,IEEE Access,10.1109/access.2020.2993730,https://doi.org/10.1109/access.2020.2993730,article,
TEXT-03,text_measurement_error,openalex,"Social media analytics: a survey of techniques, tools and platforms",Bogdan Batrinca; Philip Treleaven,2014,AI & Society,10.1007/s00146-014-0549-4,https://doi.org/10.1007/s00146-014-0549-4,article,
TEXT-03,text_measurement_error,openalex,DScribe: Library of descriptors for machine learning in materials science,Lauri Himanen; Marc O. J. Jäger; Eiaki V. Morooka; Filippo Federici Canova; Yashasvi S. Ranawat; David Gao; Patrick Rinke; Adam S. Foster,2019,Computer Physics Communications,10.1016/j.cpc.2019.106949,https://doi.org/10.1016/j.cpc.2019.106949,article,
TEXT-03,text_measurement_error,openalex,"Social Data: Biases, Methodological Pitfalls, and Ethical Boundaries",Alexandra Olteanu; Carlos Castillo; Fernando Díaz; Emre Kıcıman,2019,Frontiers in Big Data,10.3389/fdata.2019.00013,https://doi.org/10.3389/fdata.2019.00013,article,
TEXT-03,text_measurement_error,openalex,One-class classification: taxonomy of study and review of techniques,Shehroz S. Khan; Michael G. Madden,2014,The Knowledge Engineering Review,10.1017/s026988891300043x,https://doi.org/10.1017/s026988891300043x,article,
TEXT-03,text_measurement_error,openalex,Machine learning and deep learning,Christian Janiesch; Patrick Zschech; Kai Heinrich,2021,Electronic Markets,10.1007/s12525-021-00475-2,https://doi.org/10.1007/s12525-021-00475-2,article,
TEXT-03,text_measurement_error,openalex,"Explainable Artificial Intelligence (XAI): Concepts, taxonomies, opportunities and challenges toward responsible AI",Alejandro Barredo Arrieta; Natalia Díaz-Rodríguez; Javier Del Ser; Adrien Bennetot; Siham Tabik; Alberto Barbado; Salvador García; Sergio Gil-López; Daniel Molina; Richard Benjamins; Raja Chatila; Francisco Herrera,2019,Information Fusion,10.1016/j.inffus.2019.12.012,https://doi.org/10.1016/j.inffus.2019.12.012,article,
TEXT-03,text_measurement_error,openalex,"Fake news, disinformation and misinformation in social media: a review",Esma Aı̈meur; Sabrine Amri; Gilles Brassard,2023,Social Network Analysis and Mining,10.1007/s13278-023-01028-5,https://doi.org/10.1007/s13278-023-01028-5,article,
TEXT-03,text_measurement_error,openalex,Impact of convolutional neural network and FastText embedding on text classification,Muhammad Umer; Zainab Imtiaz; Muhammad Ahmad; Michele Nappi; Carlo Maria Medaglia; Gyu Sang Choi; Arif Mehmood,2022,Multimedia Tools and Applications,10.1007/s11042-022-13459-x,https://doi.org/10.1007/s11042-022-13459-x,article,
TEXT-03,text_measurement_error,openalex,Artificial Intelligence in Physical Sciences: Symbolic Regression Trends and Perspectives,Dimitrios Angelis; Filippos Sofos; Theodoros E. Karakasidis,2023,Archives of Computational Methods in Engineering,10.1007/s11831-023-09922-z,https://doi.org/10.1007/s11831-023-09922-z,article,
TEXT-03,text_measurement_error,openalex,TextConvoNet: a convolutional neural network based architecture for text classification,Sanskar Soni; Satyendra Singh Chouhan; Santosh Singh Rathore,2022,Applied Intelligence,10.1007/s10489-022-04221-9,https://doi.org/10.1007/s10489-022-04221-9,article,
TEXT-03,text_measurement_error,openalex,ImageJ2: ImageJ for the next generation of scientific image data,Curtis Rueden; Johannes Schindelin; Mark Hiner; Barry E. DeZonia; Alison E. Walter; Ellen T. Arena; Kevin W. Eliceiri,2017,BMC Bioinformatics,10.1186/s12859-017-1934-z,https://doi.org/10.1186/s12859-017-1934-z,article,
TEXT-03,text_measurement_error,openalex,A review of semi-supervised learning for text classification,José Marcio Duarte; Lilian Berton,2023,Artificial Intelligence Review,10.1007/s10462-023-10393-8,https://doi.org/10.1007/s10462-023-10393-8,article,
TEXT-03,text_measurement_error,openalex,"The rise of machine learning for detection and classification of malware: Research developments, trends and challenges",Daniel Gibert; Carles Mateu; Jordi Planes,2020,Journal of Network and Computer Applications,10.1016/j.jnca.2019.102526,https://doi.org/10.1016/j.jnca.2019.102526,article,
TEXT-03,text_measurement_error,openalex,A machine learning autism classification based on logistic regression analysis,Fadi Thabtah; Neda Abdelhamid; David Peebles,2019,Health Information Science and Systems,10.1007/s13755-019-0073-5,https://doi.org/10.1007/s13755-019-0073-5,article,
TEXT-03,text_measurement_error,openalex,Some Like it Hoax: Automated Fake News Detection in Social Networks,Eugenio Tacchini; Gabriele Ballarin; Marco L. Della Vedova; Stefano Moret; Luca de Alfaro,2017,arXiv (Cornell University),10.48550/arxiv.1704.07506,http://arxiv.org/abs/1704.07506,preprint,
TEXT-03,text_measurement_error,openalex,Deep Learning in Alzheimer's Disease: Diagnostic Classification and Prognostic Prediction Using Neuroimaging Data,Taeho Jo; Kwangsik Nho; Andrew J. Saykin,2019,Frontiers in Aging Neuroscience,10.3389/fnagi.2019.00220,https://doi.org/10.3389/fnagi.2019.00220,article,
TEXT-03,text_measurement_error,openalex,Emergent: a novel data-set for stance classification,William D. Ferreira; Andreas Vlachos,2016,,10.18653/v1/n16-1138,https://doi.org/10.18653/v1/n16-1138,conference-paper,
TEXT-03,text_measurement_error,openalex,Graph neural networks for materials science and chemistry,Patrick Reiser; Marlen Neubert; André Eberhard; Luca Torresi; Chen Zhou; Chen Shao; Houssam Metni; Clint van Hoesel; Henrik Schopmans; Timo Sommer; Pascal Friederich,2022,Communications Materials,10.1038/s43246-022-00315-6,https://doi.org/10.1038/s43246-022-00315-6,article,
TEXT-03,text_measurement_error,openalex,Active learning in materials science with emphasis on adaptive sampling using uncertainties for targeted design,Turab Lookman; Prasanna V. Balachandran; Dezhen Xue; Ruihao Yuan,2019,npj Computational Materials,10.1038/s41524-019-0153-8,https://doi.org/10.1038/s41524-019-0153-8,article,
TEXT-03,text_measurement_error,openalex,GENERATING AUTOMATED TEXT COMPLEXITY CLASSIFICATIONS THAT ARE ALIGNED WITH TARGETED TEXT COMPLEXITY STANDARDS,Kathleen M. Sheehan; Irene Kostin; Yoko Futagi; Michael Flor,2010,ETS Research Report Series,10.1002/j.2333-8504.2010.tb02235.x,https://doi.org/10.1002/j.2333-8504.2010.tb02235.x,article,
